student_id,career_success_score
STU_010001,59.09455
STU_010002,68.721794
STU_010003,73.31003
STU_010004,96.82709
STU_010005,80.30102
STU_010006,72.27624
STU_010007,76.88817
STU_010008,79.35415
STU_010009,71.76812
STU_010010,62.950882
STU_010011,93.96521
STU_010012,79.07189
STU_010013,83.68938
STU_010014,93.67165
STU_010015,50.64134
STU_010016,70.412346
STU_010017,64.85005
STU_010018,58.347687
STU_010019,85.7118
STU_010020,71.501335
STU_010021,80.70598
STU_010022,95.163574
STU_010023,91.87141
STU_010024,69.08748
STU_010025,81.72981
STU_010026,75.83555
STU_010027,75.715294
STU_010028,84.41028
STU_010029,94.356895
STU_010030,66.76863
STU_010031,65.277985
STU_010032,90.10316
STU_010033,65.967964
STU_010034,87.23986
STU_010035,80.69142
STU_010036,66.246216
STU_010037,65.50443
STU_010038,90.037
STU_010039,69.18237
STU_010040,81.38041
STU_010041,90.02678
STU_010042,60.956844
STU_010043,86.94713
STU_010044,73.3922
STU_010045,83.82309
STU_010046,54.948936
STU_010047,71.51902
STU_010048,84.097115
STU_010049,52.352623
STU_010050,61.295105
STU_010051,73.76366
STU_010052,69.27727
STU_010053,64.884476
STU_010054,70.854996
STU_010055,62.269585
STU_010056,66.94502
STU_010057,66.150475
STU_010058,98.57081
STU_010059,89.404236
STU_010060,73.353836
STU_010061,45.038963
STU_010062,78.582146
STU_010063,64.20348
STU_010064,82.316
STU_010065,60.179234
STU_010066,63.12072
STU_010067,88.939384
STU_010068,59.344486
STU_010069,65.73883
STU_010070,55.487423
STU_010071,93.24717
STU_010072,73.96077
STU_010073,93.63048
STU_010074,56.748795
STU_010075,73.48027
STU_010076,95.22976
STU_010077,89.37918
STU_010078,87.101875
STU_010079,85.551704
STU_010080,79.86433
STU_010081,64.52967
STU_010082,75.07886
STU_010083,78.78761
STU_010084,71.9949
STU_010085,71.292305
STU_010086,80.699196
STU_010087,70.22498
STU_010088,70.2855
STU_010089,87.1943
STU_010090,81.445854
STU_010091,62.08465
STU_010092,71.61869
STU_010093,67.53771
STU_010094,91.746544
STU_010095,60.817093
STU_010096,73.446785
STU_010097,71.342415
STU_010098,85.71319
STU_010099,73.809
STU_010100,68.478935
STU_010101,76.69246
STU_010102,69.85072
STU_010103,91.38574
STU_010104,52.559742
STU_010105,98.05154
STU_010106,53.978634
STU_010107,77.05697
STU_010108,78.36441
STU_010109,65.633514
STU_010110,73.21785
STU_010111,81.343796
STU_010112,86.26161
STU_010113,66.64945
STU_010114,80.0899
STU_010115,76.89295
STU_010116,93.046326
STU_010117,78.341675
STU_010118,95.458206
STU_010119,72.00508
STU_010120,68.80549
STU_010121,83.03547
STU_010122,71.613235
STU_010123,90.087296
STU_010124,71.06332
STU_010125,86.77691
STU_010126,65.120026
STU_010127,59.64812
STU_010128,91.13861
STU_010129,86.70475
STU_010130,63.33344
STU_010131,60.974545
STU_010132,70.00102
STU_010133,70.31949
STU_010134,68.02862
STU_010135,46.84419
STU_010136,69.9246
STU_010137,58.307987
STU_010138,78.240234
STU_010139,81.40793
STU_010140,75.32432
STU_010141,56.9955
STU_010142,85.702614
STU_010143,72.72507
STU_010144,75.096596
STU_010145,94.237946
STU_010146,70.217545
STU_010147,55.93496
STU_010148,55.21464
STU_010149,62.70768
STU_010150,89.93678
STU_010151,67.55303
STU_010152,90.78554
STU_010153,73.72505
STU_010154,81.71038
STU_010155,67.01689
STU_010156,95.89279
STU_010157,99.50955
STU_010158,71.32094
STU_010159,89.6802
STU_010160,68.62601
STU_010161,92.737465
STU_010162,99.692215
STU_010163,80.44414
STU_010164,76.73485
STU_010165,74.93794
STU_010166,92.411194
STU_010167,80.402145
STU_010168,77.18861
STU_010169,69.79189
STU_010170,90.89565
STU_010171,68.30489
STU_010172,96.59146
STU_010173,70.50762
STU_010174,77.72811
STU_010175,86.95591
STU_010176,64.21823
STU_010177,89.981
STU_010178,81.26667
STU_010179,84.12619
STU_010180,74.71881
STU_010181,70.58863
STU_010182,70.3753
STU_010183,68.23009
STU_010184,76.8274
STU_010185,63.29283
STU_010186,78.71066
STU_010187,59.06951
STU_010188,93.37333
STU_010189,69.75297
STU_010190,65.26632
STU_010191,50.375217
STU_010192,77.79156
STU_010193,63.86606
STU_010194,82.95185
STU_010195,78.31413
STU_010196,68.650215
STU_010197,76.332695
STU_010198,75.7745
STU_010199,97.94625
STU_010200,76.447136
STU_010201,98.96209
STU_010202,80.550125
STU_010203,67.110214
STU_010204,88.619736
STU_010205,81.82034
STU_010206,91.79728
STU_010207,54.918507
STU_010208,69.53485
STU_010209,66.2023
STU_010210,82.730644
STU_010211,77.86638
STU_010212,91.6223
STU_010213,84.29434
STU_010214,70.05654
STU_010215,70.7346
STU_010216,55.59662
STU_010217,78.92935
STU_010218,57.632942
STU_010219,77.06963
STU_010220,73.90974
STU_010221,78.34928
STU_010222,57.361042
STU_010223,69.58542
STU_010224,97.47475
STU_010225,63.302372
STU_010226,87.827805
STU_010227,58.59879
STU_010228,99.217155
STU_010229,79.86697
STU_010230,64.29979
STU_010231,54.963963
STU_010232,94.43583
STU_010233,62.74015
STU_010234,77.73219
STU_010235,48.64753
STU_010236,89.77674
STU_010237,83.96146
STU_010238,73.80293
STU_010239,52.995148
STU_010240,72.51214
STU_010241,83.79062
STU_010242,75.83589
STU_010243,64.26822
STU_010244,84.45439
STU_010245,62.58974
STU_010246,52.65649
STU_010247,92.85387
STU_010248,74.30252
STU_010249,68.95876
STU_010250,96.18281
STU_010251,73.95933
STU_010252,96.39648
STU_010253,58.923294
STU_010254,95.00495
STU_010255,65.55604
STU_010256,58.28693
STU_010257,78.50907
STU_010258,82.49912
STU_010259,82.856606
STU_010260,61.267696
STU_010261,69.38767
STU_010262,57.320774
STU_010263,56.88783
STU_010264,99.40755
STU_010265,67.64747
STU_010266,78.801315
STU_010267,62.615635
STU_010268,85.24874
STU_010269,78.33232
STU_010270,91.00675
STU_010271,76.097755
STU_010272,63.33052
STU_010273,70.86401
STU_010274,61.29053
STU_010275,82.23091
STU_010276,60.873417
STU_010277,82.5497
STU_010278,80.89616
STU_010279,64.78797
STU_010280,70.72157
STU_010281,63.47502
STU_010282,65.30082
STU_010283,85.29284
STU_010284,68.99677
STU_010285,57.887432
STU_010286,76.61823
STU_010287,91.50401
STU_010288,61.53546
STU_010289,55.94397
STU_010290,85.33948
STU_010291,49.784744
STU_010292,77.850655
STU_010293,71.25315
STU_010294,62.075447
STU_010295,74.36669
STU_010296,84.5402
STU_010297,85.42401
STU_010298,94.84677
STU_010299,89.61068
STU_010300,60.971268
STU_010301,79.749374
STU_010302,80.551254
STU_010303,81.04211
STU_010304,61.54596
STU_010305,74.44796
STU_010306,67.51187
STU_010307,68.36634
STU_010308,78.94789
STU_010309,69.43276
STU_010310,61.937492
STU_010311,62.79885
STU_010312,73.133736
STU_010313,77.70803
STU_010314,87.17731
STU_010315,87.75249
STU_010316,90.531975
STU_010317,81.80841
STU_010318,73.74344
STU_010319,95.72756
STU_010320,98.27494
STU_010321,68.11881
STU_010322,92.26269
STU_010323,69.14147
STU_010324,91.79373
STU_010325,96.94327
STU_010326,76.29081
STU_010327,64.126785
STU_010328,87.56702
STU_010329,94.14417
STU_010330,78.71675
STU_010331,98.24308
STU_010332,64.83275
STU_010333,99.920555
STU_010334,73.96333
STU_010335,91.116
STU_010336,59.295
STU_010337,66.24778
STU_010338,75.05451
STU_010339,80.60586
STU_010340,70.700264
STU_010341,97.64752
STU_010342,61.232494
STU_010343,59.812984
STU_010344,77.28956
STU_010345,79.25595
STU_010346,85.48007
STU_010347,57.716057
STU_010348,60.957375
STU_010349,88.61941
STU_010350,82.76115
STU_010351,70.92029
STU_010352,72.33007
STU_010353,89.2317
STU_010354,72.681915
STU_010355,74.75999
STU_010356,84.39429
STU_010357,96.10611
STU_010358,80.66955
STU_010359,61.354916
STU_010360,62.39365
STU_010361,95.77089
STU_010362,77.945175
STU_010363,78.33125
STU_010364,93.82636
STU_010365,85.476036
STU_010366,93.65139
STU_010367,69.6728
STU_010368,69.99344
STU_010369,94.32976
STU_010370,83.87122
STU_010371,70.839516
STU_010372,77.32811
STU_010373,68.62192
STU_010374,73.0579
STU_010375,96.026505
STU_010376,53.096226
STU_010377,80.361664
STU_010378,74.00005
STU_010379,69.68169
STU_010380,61.147804
STU_010381,61.133896
STU_010382,90.051544
STU_010383,76.415695
STU_010384,89.977646
STU_010385,81.34915
STU_010386,65.58971
STU_010387,64.370544
STU_010388,94.430466
STU_010389,68.08878
STU_010390,56.87036
STU_010391,62.424366
STU_010392,80.479645
STU_010393,79.52081
STU_010394,75.91841
STU_010395,82.31324
STU_010396,78.69744
STU_010397,89.26319
STU_010398,90.316635
STU_010399,60.345127
STU_010400,71.59004
STU_010401,51.634003
STU_010402,70.6031
STU_010403,73.643394
STU_010404,85.859764
STU_010405,80.42636
STU_010406,72.12578
STU_010407,95.96959
STU_010408,67.974945
STU_010409,96.26288
STU_010410,67.625885
STU_010411,87.25748
STU_010412,98.08739
STU_010413,87.351265
STU_010414,87.82715
STU_010415,89.1739
STU_010416,85.14157
STU_010417,98.79853
STU_010418,67.30283
STU_010419,89.17135
STU_010420,88.21598
STU_010421,78.5733
STU_010422,70.4307
STU_010423,77.91151
STU_010424,56.713383
STU_010425,59.62087
STU_010426,77.05205
STU_010427,67.9281
STU_010428,70.3547
STU_010429,52.131256
STU_010430,80.81073
STU_010431,54.52368
STU_010432,68.79672
STU_010433,73.55037
STU_010434,84.00678
STU_010435,63.19271
STU_010436,80.12613
STU_010437,54.441032
STU_010438,96.78625
STU_010439,71.81333
STU_010440,86.62079
STU_010441,58.0686
STU_010442,68.98492
STU_010443,82.57461
STU_010444,64.562355
STU_010445,72.368675
STU_010446,45.29503
STU_010447,82.86341
STU_010448,72.83916
STU_010449,73.115585
STU_010450,60.00917
STU_010451,87.34271
STU_010452,81.49444
STU_010453,70.50842
STU_010454,73.8941
STU_010455,59.14841
STU_010456,86.31268
STU_010457,76.83178
STU_010458,95.10197
STU_010459,76.31059
STU_010460,66.520805
STU_010461,65.72143
STU_010462,59.344227
STU_010463,85.32926
STU_010464,87.50754
STU_010465,56.562733
STU_010466,68.063774
STU_010467,70.196945
STU_010468,70.57329
STU_010469,71.61979
STU_010470,69.692085
STU_010471,92.96998
STU_010472,57.17422
STU_010473,85.78053
STU_010474,76.872345
STU_010475,74.044304
STU_010476,68.40238
STU_010477,71.90111
STU_010478,97.77101
STU_010479,65.69286
STU_010480,70.30922
STU_010481,62.893166
STU_010482,75.078735
STU_010483,95.57167
STU_010484,74.47096
STU_010485,52.396606
STU_010486,73.18623
STU_010487,93.660866
STU_010488,78.86492
STU_010489,81.81402
STU_010490,83.918594
STU_010491,81.341606
STU_010492,75.02182
STU_010493,79.02218
STU_010494,60.786488
STU_010495,44.094906
STU_010496,94.90506
STU_010497,65.64001
STU_010498,72.881714
STU_010499,67.93785
STU_010500,71.053345
STU_010501,74.01016
STU_010502,65.63156
STU_010503,75.88777
STU_010504,64.624596
STU_010505,63.724667
STU_010506,82.41554
STU_010507,69.50685
STU_010508,67.05407
STU_010509,78.53865
STU_010510,52.958473
STU_010511,61.107895
STU_010512,69.00469
STU_010513,89.69659
STU_010514,76.59758
STU_010515,77.764336
STU_010516,79.618065
STU_010517,91.06702
STU_010518,54.3734
STU_010519,88.68312
STU_010520,91.01039
STU_010521,94.81833
STU_010522,72.271286
STU_010523,83.75954
STU_010524,92.369
STU_010525,73.62498
STU_010526,60.57597
STU_010527,84.950836
STU_010528,84.37553
STU_010529,56.288742
STU_010530,75.84305
STU_010531,66.39283
STU_010532,59.796715
STU_010533,81.13405
STU_010534,80.523834
STU_010535,84.41736
STU_010536,78.14152
STU_010537,79.41168
STU_010538,73.15806
STU_010539,67.56514
STU_010540,51.996426
STU_010541,86.02804
STU_010542,99.52851
STU_010543,83.42151
STU_010544,75.94069
STU_010545,81.07784
STU_010546,70.76396
STU_010547,80.65831
STU_010548,99.334175
STU_010549,68.16134
STU_010550,78.69967
STU_010551,66.78131
STU_010552,95.03008
STU_010553,99.94204
STU_010554,92.33797
STU_010555,80.30432
STU_010556,60.228207
STU_010557,78.584885
STU_010558,76.28286
STU_010559,70.92444
STU_010560,82.25984
STU_010561,96.641426
STU_010562,59.636658
STU_010563,63.40301
STU_010564,64.079636
STU_010565,82.9052
STU_010566,68.18701
STU_010567,73.89507
STU_010568,75.771095
STU_010569,95.11409
STU_010570,58.9958
STU_010571,94.42776
STU_010572,71.61242
STU_010573,97.072495
STU_010574,77.45926
STU_010575,70.66611
STU_010576,58.244057
STU_010577,68.25346
STU_010578,61.401695
STU_010579,79.270386
STU_010580,62.683437
STU_010581,50.600414
STU_010582,72.37469
STU_010583,74.87213
STU_010584,93.508156
STU_010585,74.56801
STU_010586,97.610794
STU_010587,69.740906
STU_010588,71.96291
STU_010589,95.66799
STU_010590,84.64564
STU_010591,72.84554
STU_010592,99.31439
STU_010593,87.13042
STU_010594,55.522617
STU_010595,82.46315
STU_010596,72.75346
STU_010597,58.620594
STU_010598,90.62675
STU_010599,67.226036
STU_010600,69.6072
STU_010601,85.366066
STU_010602,71.29822
STU_010603,82.71621
STU_010604,70.20087
STU_010605,59.61562
STU_010606,95.04663
STU_010607,88.28141
STU_010608,67.06202
STU_010609,72.34292
STU_010610,76.48833
STU_010611,89.43541
STU_010612,60.014587
STU_010613,96.862366
STU_010614,99.562325
STU_010615,88.94106
STU_010616,94.931755
STU_010617,60.311256
STU_010618,81.23812
STU_010619,94.67453
STU_010620,65.14903
STU_010621,73.71722
STU_010622,62.112923
STU_010623,82.976166
STU_010624,62.93237
STU_010625,68.99597
STU_010626,88.572365
STU_010627,84.663055
STU_010628,60.77103
STU_010629,81.067825
STU_010630,79.80899
STU_010631,93.059105
STU_010632,67.33705
STU_010633,75.39103
STU_010634,77.13469
STU_010635,61.73537
STU_010636,82.232994
STU_010637,68.186485
STU_010638,71.79168
STU_010639,69.75792
STU_010640,62.841595
STU_010641,65.755
STU_010642,94.871735
STU_010643,91.838806
STU_010644,71.67029
STU_010645,72.92266
STU_010646,94.16123
STU_010647,70.382
STU_010648,71.53827
STU_010649,76.29444
STU_010650,89.404564
STU_010651,81.2483
STU_010652,67.05487
STU_010653,89.08356
STU_010654,90.72212
STU_010655,86.41885
STU_010656,78.39864
STU_010657,77.474106
STU_010658,71.00962
STU_010659,95.67522
STU_010660,89.49259
STU_010661,70.1038
STU_010662,95.00288
STU_010663,73.877045
STU_010664,73.99733
STU_010665,63.174374
STU_010666,89.714165
STU_010667,83.064865
STU_010668,67.719635
STU_010669,74.95589
STU_010670,87.08675
STU_010671,65.322365
STU_010672,57.11493
STU_010673,84.4513
STU_010674,95.22633
STU_010675,95.12907
STU_010676,67.95628
STU_010677,82.26469
STU_010678,71.928246
STU_010679,73.80367
STU_010680,94.00582
STU_010681,83.191154
STU_010682,50.655277
STU_010683,72.99012
STU_010684,80.047844
STU_010685,83.028175
STU_010686,77.19001
STU_010687,65.47155
STU_010688,98.058655
STU_010689,88.644966
STU_010690,96.61073
STU_010691,73.96761
STU_010692,90.79963
STU_010693,70.239975
STU_010694,65.78608
STU_010695,66.17312
STU_010696,57.26886
STU_010697,74.791176
STU_010698,91.86718
STU_010699,79.6374
STU_010700,88.418785
STU_010701,76.11017
STU_010702,67.88509
STU_010703,93.96579
STU_010704,97.873795
STU_010705,80.283806
STU_010706,94.03079
STU_010707,74.67049
STU_010708,83.47028
STU_010709,69.38522
STU_010710,56.77983
STU_010711,98.25735
STU_010712,58.416943
STU_010713,91.017876
STU_010714,63.27799
STU_010715,79.55023
STU_010716,53.849545
STU_010717,88.30095
STU_010718,84.04614
STU_010719,81.430244
STU_010720,52.40517
STU_010721,72.90912
STU_010722,97.285675
STU_010723,71.842155
STU_010724,78.39312
STU_010725,68.33942
STU_010726,72.767365
STU_010727,56.337036
STU_010728,71.698166
STU_010729,93.845634
STU_010730,98.02998
STU_010731,66.175644
STU_010732,74.73471
STU_010733,96.77746
STU_010734,87.551445
STU_010735,65.35231
STU_010736,64.201256
STU_010737,62.716984
STU_010738,71.06542
STU_010739,72.01272
STU_010740,65.30474
STU_010741,77.00252
STU_010742,64.576775
STU_010743,92.900345
STU_010744,77.302734
STU_010745,63.999477
STU_010746,69.01536
STU_010747,85.11798
STU_010748,72.70899
STU_010749,81.082565
STU_010750,80.87833
STU_010751,78.53911
STU_010752,72.37447
STU_010753,74.30394
STU_010754,84.86838
STU_010755,63.982315
STU_010756,90.86491
STU_010757,61.558254
STU_010758,88.61824
STU_010759,94.24983
STU_010760,80.79927
STU_010761,72.065094
STU_010762,74.73341
STU_010763,62.49036
STU_010764,53.77637
STU_010765,80.849014
STU_010766,65.718666
STU_010767,75.3287
STU_010768,54.05836
STU_010769,86.1181
STU_010770,71.21218
STU_010771,52.487473
STU_010772,70.207855
STU_010773,81.2714
STU_010774,86.841
STU_010775,93.224205
STU_010776,49.72268
STU_010777,77.08529
STU_010778,56.17523
STU_010779,64.47616
STU_010780,78.60873
STU_010781,83.15083
STU_010782,83.977936
STU_010783,59.887142
STU_010784,73.32524
STU_010785,84.70996
STU_010786,76.25554
STU_010787,73.536385
STU_010788,66.73807
STU_010789,93.57256
STU_010790,62.358566
STU_010791,61.716515
STU_010792,91.65394
STU_010793,84.94365
STU_010794,58.282536
STU_010795,76.43111
STU_010796,74.381836
STU_010797,54.375797
STU_010798,61.136677
STU_010799,89.68214
STU_010800,62.62337
STU_010801,70.018616
STU_010802,84.94533
STU_010803,73.09301
STU_010804,58.38244
STU_010805,74.25998
STU_010806,87.16311
STU_010807,96.121765
STU_010808,67.088264
STU_010809,99.49898
STU_010810,85.48404
STU_010811,72.012215
STU_010812,80.816574
STU_010813,98.352036
STU_010814,68.93739
STU_010815,90.27623
STU_010816,97.974266
STU_010817,88.57909
STU_010818,86.687035
STU_010819,85.76762
STU_010820,95.63653
STU_010821,98.70856
STU_010822,67.31042
STU_010823,93.98019
STU_010824,91.78588
STU_010825,92.43375
STU_010826,81.87265
STU_010827,59.91272
STU_010828,67.39101
STU_010829,73.14101
STU_010830,78.4777
STU_010831,91.14153
STU_010832,98.682365
STU_010833,84.221214
STU_010834,68.461624
STU_010835,83.83326
STU_010836,86.009674
STU_010837,74.29003
STU_010838,90.77153
STU_010839,64.482796
STU_010840,76.35039
STU_010841,86.708664
STU_010842,91.70218
STU_010843,71.840996
STU_010844,55.92128
STU_010845,89.22596
STU_010846,76.765625
STU_010847,99.838905
STU_010848,73.00157
STU_010849,78.01015
STU_010850,59.771935
STU_010851,95.927315
STU_010852,69.87298
STU_010853,89.41747
STU_010854,86.47544
STU_010855,74.16942
STU_010856,59.460663
STU_010857,61.541145
STU_010858,55.942226
STU_010859,65.28117
STU_010860,97.30995
STU_010861,68.61284
STU_010862,63.890503
STU_010863,74.6176
STU_010864,91.550186
STU_010865,74.10658
STU_010866,87.54817
STU_010867,60.478912
STU_010868,67.232025
STU_010869,80.64672
STU_010870,62.534763
STU_010871,83.883804
STU_010872,91.54238
STU_010873,51.115677
STU_010874,71.49946
STU_010875,82.54406
STU_010876,69.9535
STU_010877,70.963
STU_010878,70.15204
STU_010879,70.637596
STU_010880,82.33045
STU_010881,93.19906
STU_010882,79.48633
STU_010883,79.21214
STU_010884,63.432964
STU_010885,66.483246
STU_010886,97.4673
STU_010887,59.049236
STU_010888,92.165764
STU_010889,95.48752
STU_010890,78.29142
STU_010891,96.07141
STU_010892,84.83491
STU_010893,72.450745
STU_010894,85.440285
STU_010895,68.69741
STU_010896,73.16523
STU_010897,71.33976
STU_010898,85.38468
STU_010899,63.04257
STU_010900,64.66423
STU_010901,62.722477
STU_010902,86.6115
STU_010903,60.604904
STU_010904,72.01902
STU_010905,67.181015
STU_010906,56.411736
STU_010907,94.345474
STU_010908,88.14152
STU_010909,88.26724
STU_010910,84.65869
STU_010911,76.798775
STU_010912,87.214264
STU_010913,80.1141
STU_010914,95.29525
STU_010915,78.01239
STU_010916,70.83528
STU_010917,77.01968
STU_010918,81.443085
STU_010919,88.710014
STU_010920,73.142334
STU_010921,80.64911
STU_010922,73.56808
STU_010923,91.525604
STU_010924,90.14216
STU_010925,63.897675
STU_010926,91.906624
STU_010927,68.13335
STU_010928,76.807045
STU_010929,66.817825
STU_010930,94.30953
STU_010931,71.739876
STU_010932,83.70363
STU_010933,75.115005
STU_010934,92.44415
STU_010935,71.51748
STU_010936,67.77169
STU_010937,73.13236
STU_010938,62.4798
STU_010939,80.22897
STU_010940,56.480682
STU_010941,94.0322
STU_010942,75.89464
STU_010943,57.04034
STU_010944,60.260895
STU_010945,70.9967
STU_010946,81.39832
STU_010947,77.17808
STU_010948,84.31144
STU_010949,96.51523
STU_010950,65.33648
STU_010951,75.97478
STU_010952,63.06235
STU_010953,88.04938
STU_010954,53.581875
STU_010955,67.04958
STU_010956,96.92244
STU_010957,83.02693
STU_010958,72.45978
STU_010959,90.896034
STU_010960,83.89509
STU_010961,78.72878
STU_010962,87.24197
STU_010963,68.036865
STU_010964,77.71599
STU_010965,64.44268
STU_010966,57.343155
STU_010967,71.23676
STU_010968,68.56247
STU_010969,57.367004
STU_010970,79.60625
STU_010971,80.28231
STU_010972,75.72563
STU_010973,75.73991
STU_010974,64.26975
STU_010975,87.55358
STU_010976,78.7671
STU_010977,86.69623
STU_010978,96.58944
STU_010979,74.72701
STU_010980,82.59979
STU_010981,93.99734
STU_010982,69.18924
STU_010983,78.63982
STU_010984,77.21057
STU_010985,58.952736
STU_010986,92.40501
STU_010987,91.55443
STU_010988,69.5265
STU_010989,84.000084
STU_010990,78.1266
STU_010991,67.520294
STU_010992,82.05117
STU_010993,75.55247
STU_010994,81.148186
STU_010995,95.63216
STU_010996,59.55606
STU_010997,69.93263
STU_010998,70.64621
STU_010999,66.91584
STU_011000,81.0943
STU_011001,64.23237
STU_011002,77.11823
STU_011003,57.118206
STU_011004,81.129456
STU_011005,71.84065
STU_011006,84.56973
STU_011007,67.97764
STU_011008,78.718666
STU_011009,92.31063
STU_011010,97.84087
STU_011011,68.39092
STU_011012,80.63255
STU_011013,52.229626
STU_011014,59.89412
STU_011015,94.27818
STU_011016,64.39203
STU_011017,71.77412
STU_011018,88.50356
STU_011019,66.442314
STU_011020,91.90424
STU_011021,68.61964
STU_011022,86.63948
STU_011023,72.71088
STU_011024,80.38548
STU_011025,68.7591
STU_011026,77.8383
STU_011027,74.14707
STU_011028,92.89262
STU_011029,85.39938
STU_011030,61.861755
STU_011031,62.27855
STU_011032,58.90118
STU_011033,59.60339
STU_011034,71.77327
STU_011035,83.32182
STU_011036,99.583496
STU_011037,98.92248
STU_011038,83.23932
STU_011039,62.949997
STU_011040,80.349434
STU_011041,58.16361
STU_011042,65.233116
STU_011043,72.217514
STU_011044,63.6965
STU_011045,92.625496
STU_011046,76.206825
STU_011047,85.03874
STU_011048,59.31544
STU_011049,82.2544
STU_011050,79.449066
STU_011051,88.15448
STU_011052,97.19221
STU_011053,58.337635
STU_011054,73.20961
STU_011055,63.506355
STU_011056,60.69773
STU_011057,86.74812
STU_011058,99.94268
STU_011059,98.69571
STU_011060,70.31448
STU_011061,66.69726
STU_011062,62.10085
STU_011063,82.169815
STU_011064,74.20606
STU_011065,73.05693
STU_011066,70.9579
STU_011067,85.219696
STU_011068,98.06326
STU_011069,96.27923
STU_011070,68.484184
STU_011071,90.42813
STU_011072,89.62606
STU_011073,76.84684
STU_011074,88.14565
STU_011075,71.60744
STU_011076,94.747635
STU_011077,71.77227
STU_011078,72.27354
STU_011079,66.74464
STU_011080,60.15102
STU_011081,88.90409
STU_011082,57.788773
STU_011083,92.676476
STU_011084,74.05699
STU_011085,89.60757
STU_011086,65.01058
STU_011087,74.63608
STU_011088,72.19567
STU_011089,85.39261
STU_011090,85.63495
STU_011091,81.54823
STU_011092,66.60679
STU_011093,79.146255
STU_011094,59.693657
STU_011095,80.687485
STU_011096,64.664154
STU_011097,85.85865
STU_011098,85.53222
STU_011099,85.11783
STU_011100,62.472572
STU_011101,64.22414
STU_011102,77.691414
STU_011103,67.44323
STU_011104,96.57265
STU_011105,74.288155
STU_011106,83.78485
STU_011107,61.3765
STU_011108,82.29532
STU_011109,89.00612
STU_011110,98.72555
STU_011111,73.64995
STU_011112,76.9768
STU_011113,83.68636
STU_011114,86.38328
STU_011115,87.83477
STU_011116,75.530266
STU_011117,72.26299
STU_011118,71.52788
STU_011119,77.79446
STU_011120,80.49395
STU_011121,69.53144
STU_011122,60.827038
STU_011123,93.2582
STU_011124,59.130527
STU_011125,96.54743
STU_011126,88.877014
STU_011127,74.329544
STU_011128,72.91826
STU_011129,87.99206
STU_011130,64.617165
STU_011131,86.813934
STU_011132,72.43133
STU_011133,85.01137
STU_011134,51.66548
STU_011135,55.306225
STU_011136,93.52251
STU_011137,76.67537
STU_011138,99.28648
STU_011139,69.37913
STU_011140,85.82682
STU_011141,51.676678
STU_011142,91.440765
STU_011143,81.22337
STU_011144,63.285625
STU_011145,66.78845
STU_011146,70.31477
STU_011147,89.96332
STU_011148,87.5259
STU_011149,85.62161
STU_011150,83.03539
STU_011151,93.352646
STU_011152,62.821346
STU_011153,74.00942
STU_011154,73.32433
STU_011155,67.852715
STU_011156,74.64752
STU_011157,57.89291
STU_011158,65.47482
STU_011159,67.12172
STU_011160,55.436317
STU_011161,87.84418
STU_011162,69.40628
STU_011163,73.96875
STU_011164,85.65696
STU_011165,75.5918
STU_011166,80.79434
STU_011167,67.747284
STU_011168,80.43914
STU_011169,91.222725
STU_011170,65.548004
STU_011171,77.406105
STU_011172,96.78852
STU_011173,97.847565
STU_011174,71.53752
STU_011175,67.394966
STU_011176,84.13799
STU_011177,71.20191
STU_011178,88.728004
STU_011179,89.566086
STU_011180,68.79761
STU_011181,77.88192
STU_011182,96.21733
STU_011183,54.27052
STU_011184,79.41544
STU_011185,79.45717
STU_011186,53.052254
STU_011187,83.02875
STU_011188,73.6844
STU_011189,52.190952
STU_011190,85.26032
STU_011191,94.40241
STU_011192,79.93666
STU_011193,74.757576
STU_011194,89.09162
STU_011195,83.22238
STU_011196,82.71151
STU_011197,96.12627
STU_011198,81.99584
STU_011199,91.64615
STU_011200,73.53413
STU_011201,48.38991
STU_011202,60.839874
STU_011203,74.24275
STU_011204,82.07446
STU_011205,89.34746
STU_011206,83.57795
STU_011207,64.36344
STU_011208,71.19211
STU_011209,80.27496
STU_011210,71.29703
STU_011211,74.67311
STU_011212,71.788216
STU_011213,91.21568
STU_011214,57.696438
STU_011215,92.1712
STU_011216,58.467377
STU_011217,98.332726
STU_011218,68.75307
STU_011219,92.519394
STU_011220,70.19649
STU_011221,82.71368
STU_011222,87.57137
STU_011223,68.38166
STU_011224,99.54568
STU_011225,54.88447
STU_011226,79.54002
STU_011227,56.87634
STU_011228,93.80534
STU_011229,80.80659
STU_011230,73.71326
STU_011231,96.094246
STU_011232,92.03423
STU_011233,67.79354
STU_011234,79.08524
STU_011235,92.633575
STU_011236,66.81751
STU_011237,59.69682
STU_011238,64.44659
STU_011239,83.10156
STU_011240,87.52428
STU_011241,94.646286
STU_011242,65.793945
STU_011243,63.712475
STU_011244,60.233517
STU_011245,75.94506
STU_011246,75.59791
STU_011247,85.467026
STU_011248,69.14598
STU_011249,72.64228
STU_011250,67.90742
STU_011251,73.10271
STU_011252,75.241196
STU_011253,73.68024
STU_011254,97.55773
STU_011255,80.04008
STU_011256,74.04435
STU_011257,52.65035
STU_011258,82.52864
STU_011259,75.70631
STU_011260,99.872665
STU_011261,66.369156
STU_011262,83.96907
STU_011263,60.24508
STU_011264,51.8208
STU_011265,82.14701
STU_011266,82.436295
STU_011267,90.379036
STU_011268,70.640015
STU_011269,84.46863
STU_011270,73.7522
STU_011271,80.089966
STU_011272,89.19912
STU_011273,75.31734
STU_011274,86.014366
STU_011275,68.619156
STU_011276,84.42258
STU_011277,78.12381
STU_011278,73.426765
STU_011279,97.76844
STU_011280,75.89949
STU_011281,72.94913
STU_011282,92.58132
STU_011283,75.2918
STU_011284,57.12578
STU_011285,84.66389
STU_011286,80.08097
STU_011287,71.54088
STU_011288,70.05588
STU_011289,60.80982
STU_011290,70.82278
STU_011291,83.58553
STU_011292,48.23974
STU_011293,91.829346
STU_011294,74.04645
STU_011295,78.974335
STU_011296,95.62504
STU_011297,72.7804
STU_011298,58.767136
STU_011299,81.31223
STU_011300,87.68889
STU_011301,99.6976
STU_011302,70.68779
STU_011303,77.354904
STU_011304,83.17442
STU_011305,67.82427
STU_011306,74.89135
STU_011307,60.70783
STU_011308,56.26378
STU_011309,85.449036
STU_011310,56.660034
STU_011311,79.95658
STU_011312,69.50515
STU_011313,89.39816
STU_011314,64.18115
STU_011315,83.86635
STU_011316,64.042046
STU_011317,72.106415
STU_011318,57.956764
STU_011319,87.32083
STU_011320,55.544827
STU_011321,84.58933
STU_011322,61.660088
STU_011323,51.483807
STU_011324,67.73205
STU_011325,60.107883
STU_011326,75.0387
STU_011327,77.89365
STU_011328,88.61855
STU_011329,57.05723
STU_011330,50.333557
STU_011331,62.457817
STU_011332,87.018265
STU_011333,68.19555
STU_011334,90.206184
STU_011335,65.46345
STU_011336,67.30769
STU_011337,74.67415
STU_011338,92.57977
STU_011339,70.21749
STU_011340,74.42128
STU_011341,99.42858
STU_011342,88.746574
STU_011343,82.72693
STU_011344,51.120464
STU_011345,68.934944
STU_011346,74.01657
STU_011347,98.05702
STU_011348,81.15896
STU_011349,99.09525
STU_011350,64.21843
STU_011351,75.42863
STU_011352,83.732025
STU_011353,74.69256
STU_011354,90.3542
STU_011355,69.91859
STU_011356,81.19005
STU_011357,67.379234
STU_011358,94.12506
STU_011359,99.0537
STU_011360,99.786285
STU_011361,70.54818
STU_011362,80.28319
STU_011363,99.714195
STU_011364,92.22298
STU_011365,63.673885
STU_011366,90.30294
STU_011367,76.05128
STU_011368,85.71412
STU_011369,75.10631
STU_011370,78.17308
STU_011371,67.03524
STU_011372,89.166214
STU_011373,63.62462
STU_011374,77.52061
STU_011375,88.667786
STU_011376,55.7706
STU_011377,98.95491
STU_011378,88.28555
STU_011379,86.93333
STU_011380,74.2518
STU_011381,57.700935
STU_011382,83.559654
STU_011383,94.39172
STU_011384,72.16335
STU_011385,80.21828
STU_011386,72.290596
STU_011387,56.916546
STU_011388,67.56245
STU_011389,55.600395
STU_011390,89.91177
STU_011391,55.586315
STU_011392,71.25186
STU_011393,73.48577
STU_011394,80.986336
STU_011395,81.12307
STU_011396,86.15354
STU_011397,65.494774
STU_011398,99.700645
STU_011399,71.62187
STU_011400,71.52336
STU_011401,71.845345
STU_011402,76.20033
STU_011403,75.2651
STU_011404,98.907104
STU_011405,76.35225
STU_011406,87.79476
STU_011407,95.77509
STU_011408,74.382965
STU_011409,82.985245
STU_011410,73.99615
STU_011411,92.36529
STU_011412,73.273415
STU_011413,66.14506
STU_011414,89.69688
STU_011415,80.51499
STU_011416,94.592514
STU_011417,72.48038
STU_011418,61.429653
STU_011419,74.65872
STU_011420,90.78159
STU_011421,94.196205
STU_011422,73.47239
STU_011423,65.005714
STU_011424,74.50016
STU_011425,74.20391
STU_011426,98.33462
STU_011427,65.88025
STU_011428,91.04805
STU_011429,76.88745
STU_011430,77.92108
STU_011431,75.37092
STU_011432,64.200905
STU_011433,96.35071
STU_011434,92.56711
STU_011435,70.74431
STU_011436,94.29974
STU_011437,63.471756
STU_011438,62.769245
STU_011439,74.157074
STU_011440,63.309856
STU_011441,77.33374
STU_011442,80.74759
STU_011443,72.888954
STU_011444,79.533615
STU_011445,70.01764
STU_011446,59.24052
STU_011447,92.95054
STU_011448,65.69269
STU_011449,71.58318
STU_011450,74.924675
STU_011451,77.476074
STU_011452,65.8455
STU_011453,65.253426
STU_011454,63.858566
STU_011455,56.235783
STU_011456,86.634735
STU_011457,73.26835
STU_011458,95.087555
STU_011459,71.425545
STU_011460,86.90196
STU_011461,80.98698
STU_011462,84.777596
STU_011463,80.8636
STU_011464,72.786
STU_011465,66.5765
STU_011466,75.808075
STU_011467,77.549355
STU_011468,69.13813
STU_011469,70.82829
STU_011470,94.659775
STU_011471,62.535866
STU_011472,72.63024
STU_011473,75.68516
STU_011474,87.98101
STU_011475,86.057205
STU_011476,94.49103
STU_011477,97.89721
STU_011478,56.428234
STU_011479,65.61008
STU_011480,94.09383
STU_011481,70.95613
STU_011482,56.93864
STU_011483,94.112434
STU_011484,79.92214
STU_011485,78.50283
STU_011486,60.629612
STU_011487,82.59996
STU_011488,80.28353
STU_011489,65.48185
STU_011490,77.641975
STU_011491,59.013737
STU_011492,79.045845
STU_011493,94.70066
STU_011494,85.3453
STU_011495,86.64089
STU_011496,90.78679
STU_011497,80.26336
STU_011498,82.02755
STU_011499,82.12297
STU_011500,75.74331
STU_011501,60.076134
STU_011502,53.97733
STU_011503,94.55596
STU_011504,61.57394
STU_011505,71.30027
STU_011506,59.566006
STU_011507,70.957344
STU_011508,79.81416
STU_011509,71.27714
STU_011510,81.368126
STU_011511,94.63247
STU_011512,55.129623
STU_011513,73.546616
STU_011514,76.79811
STU_011515,66.84757
STU_011516,82.20146
STU_011517,85.50477
STU_011518,97.76002
STU_011519,62.329803
STU_011520,50.01593
STU_011521,52.306572
STU_011522,99.95779
STU_011523,75.65384
STU_011524,89.36869
STU_011525,99.88808
STU_011526,87.94641
STU_011527,90.24935
STU_011528,88.16405
STU_011529,85.64332
STU_011530,59.838524
STU_011531,76.8852
STU_011532,73.0686
STU_011533,81.78316
STU_011534,70.26126
STU_011535,68.870865
STU_011536,57.474506
STU_011537,54.185703
STU_011538,70.57925
STU_011539,73.656906
STU_011540,76.446
STU_011541,81.547935
STU_011542,67.375244
STU_011543,79.513145
STU_011544,80.99309
STU_011545,94.0317
STU_011546,59.453674
STU_011547,94.39445
STU_011548,81.81882
STU_011549,62.754925
STU_011550,87.58788
STU_011551,75.84269
STU_011552,56.627567
STU_011553,70.17005
STU_011554,82.731415
STU_011555,84.82813
STU_011556,99.59377
STU_011557,60.63832
STU_011558,99.82211
STU_011559,93.765236
STU_011560,99.90953
STU_011561,68.56552
STU_011562,97.574036
STU_011563,96.36715
STU_011564,56.521885
STU_011565,74.31401
STU_011566,69.701
STU_011567,58.787766
STU_011568,58.614605
STU_011569,74.71521
STU_011570,92.181435
STU_011571,81.09662
STU_011572,89.959984
STU_011573,70.040436
STU_011574,70.898575
STU_011575,66.58116
STU_011576,73.78853
STU_011577,64.64205
STU_011578,70.01431
STU_011579,72.9636
STU_011580,89.909065
STU_011581,64.0216
STU_011582,79.402466
STU_011583,68.07478
STU_011584,85.72841
STU_011585,82.233
STU_011586,82.7751
STU_011587,89.79452
STU_011588,93.4761
STU_011589,85.31852
STU_011590,70.32349
STU_011591,64.61809
STU_011592,94.245
STU_011593,78.09828
STU_011594,92.76627
STU_011595,90.75264
STU_011596,78.20457
STU_011597,68.94784
STU_011598,79.143936
STU_011599,63.971783
STU_011600,60.179596
STU_011601,73.5357
STU_011602,88.697426
STU_011603,61.681095
STU_011604,85.280716
STU_011605,81.81762
STU_011606,61.952965
STU_011607,94.527756
STU_011608,89.01831
STU_011609,63.47225
STU_011610,85.386475
STU_011611,55.650547
STU_011612,84.08043
STU_011613,68.061005
STU_011614,57.71107
STU_011615,92.460915
STU_011616,83.966774
STU_011617,68.90748
STU_011618,65.76377
STU_011619,79.30937
STU_011620,54.14917
STU_011621,73.29966
STU_011622,72.12228
STU_011623,58.010735
STU_011624,90.96733
STU_011625,98.32317
STU_011626,80.81861
STU_011627,68.75847
STU_011628,73.01253
STU_011629,61.978016
STU_011630,99.83029
STU_011631,55.92549
STU_011632,61.26084
STU_011633,99.93349
STU_011634,56.89393
STU_011635,93.67352
STU_011636,66.22101
STU_011637,69.80535
STU_011638,82.68581
STU_011639,92.41014
STU_011640,89.56101
STU_011641,77.15475
STU_011642,79.559235
STU_011643,68.33591
STU_011644,94.28375
STU_011645,97.76086
STU_011646,78.436935
STU_011647,76.89812
STU_011648,78.76129
STU_011649,80.19526
STU_011650,81.31065
STU_011651,68.28665
STU_011652,58.636066
STU_011653,99.95853
STU_011654,64.650375
STU_011655,76.009514
STU_011656,55.112255
STU_011657,45.903458
STU_011658,98.34889
STU_011659,66.13491
STU_011660,84.3693
STU_011661,99.41769
STU_011662,86.6471
STU_011663,91.35212
STU_011664,90.40144
STU_011665,64.82473
STU_011666,69.61013
STU_011667,61.14954
STU_011668,81.67046
STU_011669,66.05999
STU_011670,90.873116
STU_011671,78.724075
STU_011672,89.87121
STU_011673,77.103905
STU_011674,63.982582
STU_011675,89.57948
STU_011676,77.01152
STU_011677,78.76334
STU_011678,54.994015
STU_011679,95.37652
STU_011680,91.603836
STU_011681,99.89814
STU_011682,47.804115
STU_011683,72.35591
STU_011684,62.09116
STU_011685,61.273678
STU_011686,73.906364
STU_011687,83.94799
STU_011688,93.08512
STU_011689,70.095505
STU_011690,66.842476
STU_011691,94.777885
STU_011692,78.95405
STU_011693,92.51721
STU_011694,94.74869
STU_011695,90.539185
STU_011696,85.13224
STU_011697,70.05486
STU_011698,67.20716
STU_011699,80.84667
STU_011700,60.282616
STU_011701,72.94498
STU_011702,83.73795
STU_011703,85.48137
STU_011704,80.93474
STU_011705,74.49909
STU_011706,87.375694
STU_011707,68.04625
STU_011708,72.06412
STU_011709,85.86448
STU_011710,86.44782
STU_011711,81.0865
STU_011712,59.56008
STU_011713,91.54363
STU_011714,74.9112
STU_011715,83.754036
STU_011716,81.01283
STU_011717,69.5081
STU_011718,80.692764
STU_011719,80.532974
STU_011720,94.32649
STU_011721,67.44262
STU_011722,65.995544
STU_011723,72.50984
STU_011724,88.68126
STU_011725,77.30487
STU_011726,57.064236
STU_011727,59.29371
STU_011728,57.337997
STU_011729,77.1341
STU_011730,70.73737
STU_011731,94.87184
STU_011732,90.9863
STU_011733,79.30574
STU_011734,94.66013
STU_011735,78.69804
STU_011736,70.49985
STU_011737,69.08307
STU_011738,84.86468
STU_011739,84.828285
STU_011740,84.410904
STU_011741,76.15906
STU_011742,67.73408
STU_011743,57.815853
STU_011744,73.56698
STU_011745,61.433666
STU_011746,68.751465
STU_011747,84.01575
STU_011748,70.8591
STU_011749,77.500916
STU_011750,95.00524
STU_011751,68.778755
STU_011752,60.5669
STU_011753,50.025673
STU_011754,78.20815
STU_011755,73.26744
STU_011756,86.098175
STU_011757,75.7622
STU_011758,98.171814
STU_011759,73.37726
STU_011760,82.43207
STU_011761,89.03579
STU_011762,80.43678
STU_011763,77.65955
STU_011764,65.75548
STU_011765,75.767075
STU_011766,50.44579
STU_011767,60.7196
STU_011768,90.73915
STU_011769,63.30136
STU_011770,96.013626
STU_011771,68.25992
STU_011772,67.06285
STU_011773,64.99346
STU_011774,66.277016
STU_011775,74.151825
STU_011776,66.886955
STU_011777,71.1371
STU_011778,93.327736
STU_011779,80.238495
STU_011780,69.355705
STU_011781,60.082405
STU_011782,90.85105
STU_011783,73.09657
STU_011784,70.32912
STU_011785,69.350075
STU_011786,83.000755
STU_011787,68.33994
STU_011788,71.75927
STU_011789,65.66275
STU_011790,83.51
STU_011791,92.84073
STU_011792,78.435295
STU_011793,61.062378
STU_011794,60.429802
STU_011795,63.17413
STU_011796,95.41983
STU_011797,72.096985
STU_011798,62.845627
STU_011799,98.67221
STU_011800,70.08662
STU_011801,83.93497
STU_011802,90.02186
STU_011803,68.63315
STU_011804,72.84914
STU_011805,71.41091
STU_011806,72.36245
STU_011807,84.72206
STU_011808,88.05819
STU_011809,92.39487
STU_011810,94.928474
STU_011811,92.68704
STU_011812,71.12045
STU_011813,70.05758
STU_011814,95.230644
STU_011815,74.70844
STU_011816,80.82303
STU_011817,92.22405
STU_011818,81.6867
STU_011819,78.73874
STU_011820,75.59655
STU_011821,74.24382
STU_011822,97.49334
STU_011823,68.04091
STU_011824,74.38209
STU_011825,80.99086
STU_011826,70.16382
STU_011827,80.294785
STU_011828,71.147545
STU_011829,72.90405
STU_011830,67.684975
STU_011831,66.75127
STU_011832,69.22285
STU_011833,63.40676
STU_011834,62.259964
STU_011835,81.12121
STU_011836,76.86813
STU_011837,73.11043
STU_011838,71.433426
STU_011839,85.147804
STU_011840,82.930214
STU_011841,83.68885
STU_011842,58.81509
STU_011843,59.079624
STU_011844,88.546776
STU_011845,70.6465
STU_011846,86.305786
STU_011847,74.51727
STU_011848,94.2417
STU_011849,80.94207
STU_011850,68.405106
STU_011851,88.65009
STU_011852,92.278694
STU_011853,87.65589
STU_011854,73.36277
STU_011855,88.305534
STU_011856,88.272354
STU_011857,79.38283
STU_011858,89.6848
STU_011859,68.73815
STU_011860,73.81238
STU_011861,65.10378
STU_011862,72.42823
STU_011863,99.336205
STU_011864,50.096203
STU_011865,77.227554
STU_011866,65.50815
STU_011867,85.711174
STU_011868,79.88509
STU_011869,70.77082
STU_011870,89.097305
STU_011871,65.67766
STU_011872,71.459526
STU_011873,79.50204
STU_011874,66.44241
STU_011875,63.298897
STU_011876,68.65517
STU_011877,89.675446
STU_011878,62.741955
STU_011879,75.78672
STU_011880,62.813713
STU_011881,57.907715
STU_011882,85.71331
STU_011883,52.12239
STU_011884,66.23021
STU_011885,58.511707
STU_011886,69.06777
STU_011887,80.05602
STU_011888,82.50106
STU_011889,51.257442
STU_011890,61.518623
STU_011891,82.83067
STU_011892,99.53069
STU_011893,95.19631
STU_011894,73.59416
STU_011895,95.35609
STU_011896,60.564194
STU_011897,69.985596
STU_011898,99.656784
STU_011899,60.231567
STU_011900,79.55684
STU_011901,74.81966
STU_011902,56.517662
STU_011903,74.89821
STU_011904,75.32595
STU_011905,69.850464
STU_011906,81.02023
STU_011907,85.36839
STU_011908,91.4259
STU_011909,52.725395
STU_011910,82.52629
STU_011911,73.87347
STU_011912,88.53647
STU_011913,75.53191
STU_011914,86.933815
STU_011915,87.44871
STU_011916,71.33202
STU_011917,91.77465
STU_011918,77.71423
STU_011919,95.05975
STU_011920,72.26724
STU_011921,71.8914
STU_011922,78.90085
STU_011923,59.090343
STU_011924,69.238
STU_011925,48.55742
STU_011926,73.84082
STU_011927,73.70823
STU_011928,69.68921
STU_011929,81.12002
STU_011930,82.85261
STU_011931,88.27196
STU_011932,69.27207
STU_011933,60.383663
STU_011934,82.231125
STU_011935,53.146824
STU_011936,85.38991
STU_011937,69.802345
STU_011938,62.97934
STU_011939,93.42366
STU_011940,81.64519
STU_011941,77.841354
STU_011942,93.69216
STU_011943,72.684654
STU_011944,69.95664
STU_011945,78.74963
STU_011946,98.29964
STU_011947,84.963135
STU_011948,68.73159
STU_011949,78.01658
STU_011950,73.336395
STU_011951,88.93289
STU_011952,69.87982
STU_011953,51.006557
STU_011954,90.892044
STU_011955,61.794
STU_011956,92.838135
STU_011957,58.323162
STU_011958,93.813614
STU_011959,79.20721
STU_011960,89.40569
STU_011961,92.80867
STU_011962,73.562416
STU_011963,89.35888
STU_011964,70.647865
STU_011965,74.05594
STU_011966,94.292145
STU_011967,60.617558
STU_011968,92.05286
STU_011969,57.578846
STU_011970,79.60241
STU_011971,59.072388
STU_011972,84.2593
STU_011973,70.347824
STU_011974,90.947014
STU_011975,75.62692
STU_011976,67.01324
STU_011977,85.96602
STU_011978,64.81937
STU_011979,75.10401
STU_011980,79.00268
STU_011981,82.46859
STU_011982,95.711914
STU_011983,67.991615
STU_011984,76.80608
STU_011985,82.58493
STU_011986,70.73602
STU_011987,58.489674
STU_011988,72.97612
STU_011989,68.778046
STU_011990,93.421745
STU_011991,61.603455
STU_011992,54.290833
STU_011993,69.472755
STU_011994,64.61296
STU_011995,71.641914
STU_011996,70.302376
STU_011997,86.714645
STU_011998,92.013626
STU_011999,99.18844
STU_012000,90.76768
STU_012001,88.32577
STU_012002,73.68027
STU_012003,79.73688
STU_012004,70.06356
STU_012005,76.92103
STU_012006,90.216385
STU_012007,61.38964
STU_012008,82.60073
STU_012009,69.9424
STU_012010,49.59939
STU_012011,62.539394
STU_012012,72.70728
STU_012013,68.99912
STU_012014,61.688164
STU_012015,70.85298
STU_012016,56.40622
STU_012017,72.86211
STU_012018,85.65797
STU_012019,96.00967
STU_012020,55.98237
STU_012021,60.24605
STU_012022,68.97763
STU_012023,72.7091
STU_012024,91.46371
STU_012025,89.49695
STU_012026,66.70129
STU_012027,87.41819
STU_012028,98.498955
STU_012029,66.45805
STU_012030,90.0499
STU_012031,94.900795
STU_012032,68.96049
STU_012033,67.29652
STU_012034,94.99684
STU_012035,66.74446
STU_012036,67.951805
STU_012037,78.76694
STU_012038,60.201893
STU_012039,68.95111
STU_012040,98.42877
STU_012041,77.193855
STU_012042,92.69884
STU_012043,72.268166
STU_012044,69.87861
STU_012045,53.42262
STU_012046,81.48826
STU_012047,95.00939
STU_012048,59.244343
STU_012049,70.740204
STU_012050,76.2602
STU_012051,41.80453
STU_012052,86.12678
STU_012053,81.97044
STU_012054,64.63648
STU_012055,80.46291
STU_012056,95.74509
STU_012057,86.948906
STU_012058,65.460724
STU_012059,59.894894
STU_012060,68.555595
STU_012061,65.802246
STU_012062,87.487206
STU_012063,58.62816
STU_012064,63.268234
STU_012065,88.698586
STU_012066,73.049194
STU_012067,71.23734
STU_012068,66.25492
STU_012069,69.432076
STU_012070,78.06695
STU_012071,77.60783
STU_012072,72.114044
STU_012073,88.32208
STU_012074,85.75378
STU_012075,54.04038
STU_012076,64.668236
STU_012077,63.409782
STU_012078,69.46282
STU_012079,73.29677
STU_012080,78.79517
STU_012081,52.88453
STU_012082,92.32747
STU_012083,68.43667
STU_012084,79.422134
STU_012085,93.78453
STU_012086,83.01989
STU_012087,78.946724
STU_012088,77.52639
STU_012089,75.58576
STU_012090,97.04453
STU_012091,86.03211
STU_012092,82.985634
STU_012093,82.10621
STU_012094,80.784744
STU_012095,66.763214
STU_012096,76.272255
STU_012097,81.14614
STU_012098,65.22078
STU_012099,76.279686
STU_012100,93.13795
STU_012101,93.44116
STU_012102,69.895706
STU_012103,74.689255
STU_012104,65.26206
STU_012105,84.96552
STU_012106,87.4454
STU_012107,80.98061
STU_012108,93.772156
STU_012109,76.913315
STU_012110,69.446106
STU_012111,53.809
STU_012112,84.347824
STU_012113,86.322815
STU_012114,74.04899
STU_012115,75.143234
STU_012116,70.93569
STU_012117,92.05414
STU_012118,67.02712
STU_012119,93.303474
STU_012120,67.94786
STU_012121,70.91883
STU_012122,63.491814
STU_012123,84.22611
STU_012124,71.89718
STU_012125,80.3152
STU_012126,71.11763
STU_012127,80.12345
STU_012128,73.43714
STU_012129,77.0269
STU_012130,57.544228
STU_012131,51.613194
STU_012132,81.0645
STU_012133,82.59179
STU_012134,60.9827
STU_012135,67.65581
STU_012136,52.758297
STU_012137,70.4112
STU_012138,63.86134
STU_012139,67.84975
STU_012140,76.77212
STU_012141,60.056023
STU_012142,76.05201
STU_012143,99.63538
STU_012144,81.2532
STU_012145,82.87869
STU_012146,80.913734
STU_012147,71.187256
STU_012148,72.6857
STU_012149,82.337555
STU_012150,74.379616
STU_012151,86.407196
STU_012152,57.164234
STU_012153,79.29273
STU_012154,76.47362
STU_012155,66.445366
STU_012156,72.02338
STU_012157,80.85136
STU_012158,88.053604
STU_012159,82.82945
STU_012160,94.93004
STU_012161,95.860405
STU_012162,83.37083
STU_012163,99.036835
STU_012164,49.571198
STU_012165,72.23325
STU_012166,69.946045
STU_012167,91.2655
STU_012168,60.543297
STU_012169,56.697334
STU_012170,72.31026
STU_012171,80.1962
STU_012172,89.10625
STU_012173,92.18718
STU_012174,86.29016
STU_012175,80.42055
STU_012176,70.371605
STU_012177,75.01094
STU_012178,92.24877
STU_012179,70.366234
STU_012180,81.38908
STU_012181,97.70306
STU_012182,78.1886
STU_012183,91.11101
STU_012184,74.35533
STU_012185,73.57652
STU_012186,94.37345
STU_012187,52.85589
STU_012188,62.295547
STU_012189,63.91648
STU_012190,88.68274
STU_012191,75.45069
STU_012192,70.70624
STU_012193,66.06519
STU_012194,83.14482
STU_012195,63.621838
STU_012196,50.510838
STU_012197,82.07862
STU_012198,66.93496
STU_012199,73.88533
STU_012200,56.642788
STU_012201,74.02271
STU_012202,83.74984
STU_012203,87.622955
STU_012204,69.206505
STU_012205,75.72078
STU_012206,87.41171
STU_012207,87.47544
STU_012208,73.78516
STU_012209,60.7371
STU_012210,77.02679
STU_012211,78.09786
STU_012212,69.47693
STU_012213,80.19608
STU_012214,63.62383
STU_012215,65.66913
STU_012216,78.74745
STU_012217,93.242035
STU_012218,96.515434
STU_012219,70.08741
STU_012220,57.18925
STU_012221,70.85771
STU_012222,62.275055
STU_012223,67.38047
STU_012224,73.00807
STU_012225,82.466835
STU_012226,72.50723
STU_012227,76.49869
STU_012228,60.639935
STU_012229,81.68285
STU_012230,83.36698
STU_012231,69.19679
STU_012232,76.35142
STU_012233,80.84861
STU_012234,66.70526
STU_012235,65.60853
STU_012236,97.37298
STU_012237,72.92707
STU_012238,69.13914
STU_012239,73.17753
STU_012240,73.79008
STU_012241,86.37249
STU_012242,73.123474
STU_012243,52.557434
STU_012244,59.84863
STU_012245,69.09917
STU_012246,64.34066
STU_012247,56.17915
STU_012248,86.476234
STU_012249,82.732086
STU_012250,88.21667
STU_012251,72.12268
STU_012252,63.630737
STU_012253,57.702576
STU_012254,53.436554
STU_012255,80.70838
STU_012256,68.89633
STU_012257,78.62619
STU_012258,72.69504
STU_012259,74.05759
STU_012260,87.88385
STU_012261,86.360794
STU_012262,80.712
STU_012263,67.19615
STU_012264,67.83623
STU_012265,66.1979
STU_012266,90.83769
STU_012267,89.14316
STU_012268,57.399323
STU_012269,78.65331
STU_012270,69.0092
STU_012271,74.110855
STU_012272,73.88921
STU_012273,68.94709
STU_012274,67.33794
STU_012275,91.612
STU_012276,68.60741
STU_012277,80.13601
STU_012278,68.54394
STU_012279,73.787636
STU_012280,73.13134
STU_012281,51.320675
STU_012282,92.69819
STU_012283,91.99935
STU_012284,66.33928
STU_012285,75.48388
STU_012286,78.50383
STU_012287,91.270256
STU_012288,80.57164
STU_012289,87.911285
STU_012290,84.39107
STU_012291,69.1745
STU_012292,76.581505
STU_012293,70.615135
STU_012294,90.9129
STU_012295,77.973145
STU_012296,79.831985
STU_012297,80.60496
STU_012298,71.75179
STU_012299,82.50717
STU_012300,60.37471
STU_012301,83.616875
STU_012302,81.71425
STU_012303,62.783783
STU_012304,48.477795
STU_012305,95.477715
STU_012306,72.263374
STU_012307,69.64253
STU_012308,85.86316
STU_012309,61.508186
STU_012310,75.61159
STU_012311,83.246895
STU_012312,56.800137
STU_012313,74.03985
STU_012314,97.988174
STU_012315,88.68029
STU_012316,72.52066
STU_012317,92.19965
STU_012318,81.74569
STU_012319,79.892456
STU_012320,65.26321
STU_012321,66.8613
STU_012322,96.77228
STU_012323,64.583244
STU_012324,76.7281
STU_012325,62.604347
STU_012326,72.25442
STU_012327,60.648655
STU_012328,66.314804
STU_012329,97.760605
STU_012330,86.99585
STU_012331,83.27785
STU_012332,73.74111
STU_012333,85.17153
STU_012334,73.26587
STU_012335,63.80046
STU_012336,84.32901
STU_012337,94.022835
STU_012338,70.28407
STU_012339,89.39923
STU_012340,62.951927
STU_012341,58.2347
STU_012342,86.75341
STU_012343,93.08839
STU_012344,62.384212
STU_012345,68.05561
STU_012346,72.78692
STU_012347,94.20242
STU_012348,80.60152
STU_012349,67.87261
STU_012350,82.72034
STU_012351,88.87493
STU_012352,83.9774
STU_012353,94.22215
STU_012354,64.27051
STU_012355,95.489204
STU_012356,77.98571
STU_012357,67.5056
STU_012358,95.08405
STU_012359,87.56721
STU_012360,72.20499
STU_012361,58.29394
STU_012362,79.79578
STU_012363,77.316345
STU_012364,80.673004
STU_012365,67.12849
STU_012366,91.25845
STU_012367,75.50013
STU_012368,63.108624
STU_012369,72.77841
STU_012370,99.546974
STU_012371,71.93107
STU_012372,84.127975
STU_012373,72.8715
STU_012374,81.84835
STU_012375,68.342064
STU_012376,87.616516
STU_012377,84.26719
STU_012378,70.10139
STU_012379,69.391365
STU_012380,90.8076
STU_012381,99.525215
STU_012382,67.34724
STU_012383,88.132515
STU_012384,99.65971
STU_012385,89.609726
STU_012386,82.41213
STU_012387,78.91155
STU_012388,88.90089
STU_012389,99.945465
STU_012390,79.8546
STU_012391,48.09985
STU_012392,74.45953
STU_012393,74.498024
STU_012394,71.283485
STU_012395,90.357864
STU_012396,77.13408
STU_012397,76.64888
STU_012398,83.94491
STU_012399,83.35164
STU_012400,72.67177
STU_012401,90.70365
STU_012402,99.68749
STU_012403,50.68557
STU_012404,76.22508
STU_012405,68.82678
STU_012406,66.24536
STU_012407,92.65305
STU_012408,83.93038
STU_012409,71.673096
STU_012410,50.998585
STU_012411,87.59147
STU_012412,72.73808
STU_012413,61.822624
STU_012414,90.69539
STU_012415,90.48603
STU_012416,87.95345
STU_012417,59.11746
STU_012418,87.7862
STU_012419,73.87174
STU_012420,59.696384
STU_012421,71.57974
STU_012422,82.17901
STU_012423,68.2747
STU_012424,88.00591
STU_012425,55.154835
STU_012426,84.574356
STU_012427,70.13855
STU_012428,86.66388
STU_012429,61.63946
STU_012430,70.087524
STU_012431,63.02012
STU_012432,59.847466
STU_012433,58.024113
STU_012434,91.16093
STU_012435,66.519226
STU_012436,76.82954
STU_012437,87.37141
STU_012438,62.072174
STU_012439,77.477516
STU_012440,66.56251
STU_012441,86.42842
STU_012442,96.99434
STU_012443,66.91294
STU_012444,84.25136
STU_012445,70.36433
STU_012446,84.82266
STU_012447,91.9332
STU_012448,75.07285
STU_012449,81.20134
STU_012450,77.40698
STU_012451,88.695335
STU_012452,78.08458
STU_012453,93.131
STU_012454,89.251144
STU_012455,74.079666
STU_012456,83.85215
STU_012457,72.59578
STU_012458,76.84909
STU_012459,59.776978
STU_012460,86.65938
STU_012461,75.981346
STU_012462,72.89148
STU_012463,80.088974
STU_012464,77.824684
STU_012465,74.84366
STU_012466,70.66979
STU_012467,83.07745
STU_012468,88.28681
STU_012469,86.75619
STU_012470,48.546024
STU_012471,54.0459
STU_012472,91.1946
STU_012473,73.92489
STU_012474,65.606415
STU_012475,72.661194
STU_012476,55.073956
STU_012477,93.46871
STU_012478,79.41333
STU_012479,67.306854
STU_012480,80.68985
STU_012481,89.40203
STU_012482,68.881516
STU_012483,62.48714
STU_012484,75.61276
STU_012485,81.53122
STU_012486,75.21227
STU_012487,66.48687
STU_012488,72.37217
STU_012489,85.7737
STU_012490,92.79831
STU_012491,63.611885
STU_012492,66.8194
STU_012493,59.372475
STU_012494,73.16714
STU_012495,72.425835
STU_012496,81.23036
STU_012497,88.77708
STU_012498,65.04146
STU_012499,77.32278
STU_012500,86.913666
STU_012501,96.88372
STU_012502,84.98338
STU_012503,82.26547
STU_012504,81.09386
STU_012505,82.43965
STU_012506,65.06071
STU_012507,90.339264
STU_012508,68.92843
STU_012509,83.77076
STU_012510,75.88975
STU_012511,71.39437
STU_012512,81.65047
STU_012513,68.0249
STU_012514,99.32138
STU_012515,93.67298
STU_012516,87.920845
STU_012517,96.88951
STU_012518,58.16451
STU_012519,76.22923
STU_012520,71.0256
STU_012521,94.29864
STU_012522,98.208084
STU_012523,82.079575
STU_012524,96.05395
STU_012525,95.208725
STU_012526,95.65654
STU_012527,93.51662
STU_012528,67.21119
STU_012529,93.292244
STU_012530,82.059845
STU_012531,75.50432
STU_012532,71.05393
STU_012533,84.64464
STU_012534,56.39216
STU_012535,83.92431
STU_012536,72.65817
STU_012537,55.75017
STU_012538,63.088135
STU_012539,82.03929
STU_012540,72.38616
STU_012541,99.716
STU_012542,96.48863
STU_012543,77.98072
STU_012544,86.60178
STU_012545,68.04867
STU_012546,78.13407
STU_012547,98.855804
STU_012548,52.436874
STU_012549,70.27494
STU_012550,98.14788
STU_012551,88.10641
STU_012552,74.31786
STU_012553,77.02715
STU_012554,66.49443
STU_012555,56.334568
STU_012556,68.27644
STU_012557,80.70058
STU_012558,72.444954
STU_012559,93.70511
STU_012560,69.586555
STU_012561,60.74191
STU_012562,63.168476
STU_012563,86.17432
STU_012564,94.75544
STU_012565,98.99896
STU_012566,80.20304
STU_012567,69.61361
STU_012568,91.99023
STU_012569,69.35131
STU_012570,55.99402
STU_012571,61.58851
STU_012572,57.266342
STU_012573,77.86863
STU_012574,64.80524
STU_012575,68.5363
STU_012576,74.16991
STU_012577,95.5643
STU_012578,54.86349
STU_012579,75.99548
STU_012580,71.213715
STU_012581,68.60521
STU_012582,71.608154
STU_012583,63.067596
STU_012584,58.57184
STU_012585,72.957954
STU_012586,73.387344
STU_012587,72.84193
STU_012588,65.98115
STU_012589,52.466965
STU_012590,70.91948
STU_012591,69.39288
STU_012592,97.730286
STU_012593,96.975555
STU_012594,56.33026
STU_012595,62.56418
STU_012596,80.16665
STU_012597,73.42953
STU_012598,69.15547
STU_012599,68.67734
STU_012600,70.207245
STU_012601,77.34068
STU_012602,70.08845
STU_012603,86.29015
STU_012604,82.81994
STU_012605,81.31627
STU_012606,69.67922
STU_012607,56.055164
STU_012608,80.55376
STU_012609,58.82345
STU_012610,70.019196
STU_012611,67.649345
STU_012612,65.851295
STU_012613,92.103004
STU_012614,75.317635
STU_012615,75.52602
STU_012616,84.040115
STU_012617,62.45864
STU_012618,86.54092
STU_012619,80.70274
STU_012620,81.1265
STU_012621,87.17628
STU_012622,94.71919
STU_012623,93.56356
STU_012624,81.95857
STU_012625,89.54284
STU_012626,89.58375
STU_012627,92.45263
STU_012628,71.80538
STU_012629,77.334564
STU_012630,69.07179
STU_012631,70.49485
STU_012632,62.36838
STU_012633,68.97265
STU_012634,87.55152
STU_012635,73.85737
STU_012636,66.701515
STU_012637,75.78956
STU_012638,81.64167
STU_012639,90.69337
STU_012640,80.95875
STU_012641,73.28149
STU_012642,66.9189
STU_012643,81.814514
STU_012644,81.10646
STU_012645,60.786537
STU_012646,88.827415
STU_012647,79.243484
STU_012648,63.492447
STU_012649,73.573135
STU_012650,73.90828
STU_012651,75.463394
STU_012652,91.12019
STU_012653,93.633026
STU_012654,84.933945
STU_012655,75.57681
STU_012656,81.642235
STU_012657,94.04222
STU_012658,82.49612
STU_012659,83.11071
STU_012660,78.267204
STU_012661,89.919205
STU_012662,92.17817
STU_012663,65.92615
STU_012664,53.490746
STU_012665,93.327934
STU_012666,62.406887
STU_012667,74.3626
STU_012668,78.91093
STU_012669,62.189743
STU_012670,62.50435
STU_012671,68.22443
STU_012672,61.739258
STU_012673,55.86159
STU_012674,64.211975
STU_012675,72.83914
STU_012676,91.92618
STU_012677,59.25692
STU_012678,70.868866
STU_012679,73.463936
STU_012680,68.71418
STU_012681,80.58604
STU_012682,89.23061
STU_012683,80.58319
STU_012684,84.91078
STU_012685,94.91956
STU_012686,67.86832
STU_012687,80.17658
STU_012688,79.65065
STU_012689,68.40748
STU_012690,65.42141
STU_012691,74.97648
STU_012692,81.4786
STU_012693,77.424446
STU_012694,62.30433
STU_012695,63.694954
STU_012696,68.108665
STU_012697,80.227104
STU_012698,69.88459
STU_012699,79.78555
STU_012700,67.68896
STU_012701,99.95476
STU_012702,75.16243
STU_012703,66.16409
STU_012704,74.06843
STU_012705,64.12154
STU_012706,73.65027
STU_012707,98.13982
STU_012708,53.84213
STU_012709,67.36849
STU_012710,92.292435
STU_012711,69.55489
STU_012712,67.254074
STU_012713,58.61142
STU_012714,88.35804
STU_012715,73.80661
STU_012716,73.35382
STU_012717,67.96491
STU_012718,82.71211
STU_012719,57.34276
STU_012720,72.13162
STU_012721,79.39106
STU_012722,54.02757
STU_012723,81.34469
STU_012724,91.86089
STU_012725,59.54141
STU_012726,58.68067
STU_012727,64.32257
STU_012728,89.0027
STU_012729,63.429264
STU_012730,83.143394
STU_012731,99.91717
STU_012732,81.45207
STU_012733,56.893085
STU_012734,82.94924
STU_012735,59.587234
STU_012736,99.84749
STU_012737,70.792625
STU_012738,75.582985
STU_012739,78.33687
STU_012740,90.62524
STU_012741,52.796368
STU_012742,63.70572
STU_012743,75.396996
STU_012744,84.40945
STU_012745,57.559658
STU_012746,84.97329
STU_012747,62.101147
STU_012748,88.61688
STU_012749,85.93123
STU_012750,69.51284
STU_012751,49.87763
STU_012752,71.45317
STU_012753,60.020447
STU_012754,64.09504
STU_012755,90.36808
STU_012756,59.221317
STU_012757,50.1116
STU_012758,89.051605
STU_012759,62.319366
STU_012760,77.66924
STU_012761,58.30165
STU_012762,89.293686
STU_012763,98.151146
STU_012764,95.66812
STU_012765,92.287636
STU_012766,61.315388
STU_012767,93.26971
STU_012768,91.84987
STU_012769,72.549965
STU_012770,60.475548
STU_012771,56.91836
STU_012772,94.93095
STU_012773,61.332268
STU_012774,71.93135
STU_012775,66.31005
STU_012776,79.32258
STU_012777,53.072144
STU_012778,67.94627
STU_012779,70.78844
STU_012780,75.048355
STU_012781,89.94711
STU_012782,54.95739
STU_012783,98.64241
STU_012784,55.096397
STU_012785,71.78855
STU_012786,51.81137
STU_012787,66.81785
STU_012788,96.53017
STU_012789,78.64411
STU_012790,96.70282
STU_012791,78.870865
STU_012792,70.981094
STU_012793,90.12773
STU_012794,73.24733
STU_012795,94.36833
STU_012796,76.891266
STU_012797,67.111855
STU_012798,97.86355
STU_012799,89.288864
STU_012800,55.06209
STU_012801,71.052795
STU_012802,70.74975
STU_012803,90.230515
STU_012804,57.331177
STU_012805,69.493576
STU_012806,86.546974
STU_012807,63.16564
STU_012808,84.7125
STU_012809,78.684975
STU_012810,88.99228
STU_012811,77.14276
STU_012812,65.64286
STU_012813,80.372536
STU_012814,63.329914
STU_012815,62.77393
STU_012816,81.68708
STU_012817,68.40302
STU_012818,87.56115
STU_012819,58.06317
STU_012820,82.42277
STU_012821,69.15627
STU_012822,83.658966
STU_012823,77.24224
STU_012824,81.38797
STU_012825,59.443115
STU_012826,80.62153
STU_012827,59.849308
STU_012828,89.953766
STU_012829,65.49499
STU_012830,73.68859
STU_012831,69.06194
STU_012832,95.26765
STU_012833,82.79678
STU_012834,78.72634
STU_012835,72.73157
STU_012836,83.001656
STU_012837,65.139725
STU_012838,64.4323
STU_012839,63.940735
STU_012840,88.9518
STU_012841,69.16838
STU_012842,67.825226
STU_012843,84.75759
STU_012844,76.357254
STU_012845,70.40409
STU_012846,72.743774
STU_012847,72.93994
STU_012848,73.85682
STU_012849,85.976845
STU_012850,79.3492
STU_012851,86.89466
STU_012852,93.38711
STU_012853,61.80912
STU_012854,76.16591
STU_012855,82.5399
STU_012856,71.61751
STU_012857,93.71001
STU_012858,89.636536
STU_012859,65.70777
STU_012860,87.37006
STU_012861,72.663345
STU_012862,73.490906
STU_012863,89.19827
STU_012864,81.42503
STU_012865,67.339
STU_012866,74.58463
STU_012867,86.20319
STU_012868,93.76997
STU_012869,58.184986
STU_012870,85.45223
STU_012871,86.03971
STU_012872,83.744156
STU_012873,61.14657
STU_012874,74.273865
STU_012875,74.79417
STU_012876,55.269695
STU_012877,84.87057
STU_012878,99.270966
STU_012879,80.3116
STU_012880,86.98718
STU_012881,96.666664
STU_012882,88.14092
STU_012883,69.24559
STU_012884,83.58634
STU_012885,76.98615
STU_012886,58.014904
STU_012887,77.973465
STU_012888,66.02776
STU_012889,76.54029
STU_012890,70.65376
STU_012891,72.87226
STU_012892,68.990715
STU_012893,85.4588
STU_012894,74.828
STU_012895,87.825836
STU_012896,70.51332
STU_012897,74.43982
STU_012898,95.6402
STU_012899,87.50334
STU_012900,81.51825
STU_012901,73.469696
STU_012902,90.336716
STU_012903,59.84855
STU_012904,83.95134
STU_012905,66.272484
STU_012906,96.99432
STU_012907,56.14704
STU_012908,87.456894
STU_012909,70.46495
STU_012910,42.576298
STU_012911,80.1032
STU_012912,52.451614
STU_012913,61.263145
STU_012914,73.33194
STU_012915,60.0473
STU_012916,62.563282
STU_012917,83.93625
STU_012918,58.283554
STU_012919,94.82821
STU_012920,80.856865
STU_012921,64.94028
STU_012922,74.429245
STU_012923,65.335464
STU_012924,77.8516
STU_012925,82.10783
STU_012926,63.507576
STU_012927,82.60355
STU_012928,67.04716
STU_012929,62.10581
STU_012930,68.25287
STU_012931,89.800995
STU_012932,62.099976
STU_012933,70.4334
STU_012934,70.98223
STU_012935,72.65982
STU_012936,68.93808
STU_012937,72.55229
STU_012938,97.38961
STU_012939,55.66353
STU_012940,71.28074
STU_012941,60.89276
STU_012942,75.952705
STU_012943,74.98345
STU_012944,74.519226
STU_012945,89.504395
STU_012946,56.741043
STU_012947,73.22896
STU_012948,89.77316
STU_012949,96.38615
STU_012950,78.257935
STU_012951,87.55209
STU_012952,73.505714
STU_012953,84.640915
STU_012954,84.57238
STU_012955,88.95662
STU_012956,74.58286
STU_012957,67.24961
STU_012958,68.31365
STU_012959,74.195854
STU_012960,79.250656
STU_012961,83.78639
STU_012962,60.132385
STU_012963,64.42763
STU_012964,93.37698
STU_012965,75.638466
STU_012966,70.97653
STU_012967,70.928
STU_012968,76.840096
STU_012969,77.10346
STU_012970,60.91956
STU_012971,74.99494
STU_012972,81.35551
STU_012973,54.21492
STU_012974,59.760426
STU_012975,62.680374
STU_012976,84.48992
STU_012977,79.3671
STU_012978,91.02366
STU_012979,69.13266
STU_012980,70.09495
STU_012981,85.18103
STU_012982,71.51942
STU_012983,95.013794
STU_012984,61.108532
STU_012985,65.723595
STU_012986,63.495457
STU_012987,54.150547
STU_012988,81.3622
STU_012989,97.03136
STU_012990,62.415066
STU_012991,68.86495
STU_012992,54.96153
STU_012993,97.97149
STU_012994,80.883514
STU_012995,64.959785
STU_012996,58.119312
STU_012997,86.15188
STU_012998,83.64621
STU_012999,86.21759
STU_013000,92.69284
STU_013001,96.352646
STU_013002,91.75305
STU_013003,82.273994
STU_013004,83.88364
STU_013005,76.473206
STU_013006,76.09041
STU_013007,85.19906
STU_013008,91.1784
STU_013009,81.40718
STU_013010,77.484276
STU_013011,54.784676
STU_013012,56.278362
STU_013013,97.36681
STU_013014,87.1972
STU_013015,80.56213
STU_013016,66.24679
STU_013017,84.25804
STU_013018,77.23267
STU_013019,81.24214
STU_013020,58.686863
STU_013021,71.77042
STU_013022,99.700584
STU_013023,76.89958
STU_013024,93.22013
STU_013025,74.12831
STU_013026,65.811516
STU_013027,77.125755
STU_013028,77.90528
STU_013029,74.89582
STU_013030,72.954735
STU_013031,63.151573
STU_013032,99.955734
STU_013033,73.06691
STU_013034,99.6977
STU_013035,88.60129
STU_013036,60.43005
STU_013037,85.945274
STU_013038,76.56596
STU_013039,85.032776
STU_013040,98.657776
STU_013041,74.66166
STU_013042,59.698185
STU_013043,93.39512
STU_013044,64.86491
STU_013045,91.51524
STU_013046,63.554314
STU_013047,67.299164
STU_013048,92.03097
STU_013049,77.36471
STU_013050,78.07193
STU_013051,94.97317
STU_013052,70.89916
STU_013053,78.9653
STU_013054,66.83639
STU_013055,88.26234
STU_013056,76.58162
STU_013057,57.186584
STU_013058,58.097336
STU_013059,82.437416
STU_013060,65.4851
STU_013061,61.672565
STU_013062,94.966965
STU_013063,86.41269
STU_013064,60.84451
STU_013065,59.353783
STU_013066,99.800766
STU_013067,79.75589
STU_013068,92.57928
STU_013069,97.13393
STU_013070,59.444473
STU_013071,84.18578
STU_013072,89.23403
STU_013073,73.81708
STU_013074,74.29336
STU_013075,57.460575
STU_013076,83.21933
STU_013077,93.40306
STU_013078,74.70845
STU_013079,87.820244
STU_013080,72.28605
STU_013081,77.342575
STU_013082,65.27004
STU_013083,63.069366
STU_013084,70.207695
STU_013085,79.96882
STU_013086,79.28833
STU_013087,62.285873
STU_013088,81.36387
STU_013089,65.8973
STU_013090,98.5246
STU_013091,62.373753
STU_013092,66.05287
STU_013093,85.359116
STU_013094,94.9791
STU_013095,74.97658
STU_013096,79.881165
STU_013097,80.742386
STU_013098,83.60901
STU_013099,64.37228
STU_013100,69.90123
STU_013101,80.59595
STU_013102,94.41911
STU_013103,74.80614
STU_013104,87.82289
STU_013105,64.228935
STU_013106,83.35982
STU_013107,59.997223
STU_013108,92.459496
STU_013109,95.53633
STU_013110,62.29505
STU_013111,99.173836
STU_013112,99.439316
STU_013113,71.90542
STU_013114,69.217636
STU_013115,77.44755
STU_013116,61.552395
STU_013117,64.34844
STU_013118,72.15425
STU_013119,86.595
STU_013120,70.01617
STU_013121,88.27586
STU_013122,80.08603
STU_013123,92.04186
STU_013124,95.07108
STU_013125,89.83267
STU_013126,68.932686
STU_013127,70.195885
STU_013128,85.85676
STU_013129,73.0693
STU_013130,95.93772
STU_013131,52.156647
STU_013132,79.60985
STU_013133,92.61576
STU_013134,67.53673
STU_013135,61.496887
STU_013136,64.01884
STU_013137,75.25877
STU_013138,67.64885
STU_013139,80.277466
STU_013140,99.59946
STU_013141,74.67129
STU_013142,62.98202
STU_013143,72.823105
STU_013144,69.09379
STU_013145,58.90226
STU_013146,56.78865
STU_013147,84.82038
STU_013148,70.510414
STU_013149,89.90503
STU_013150,89.169235
STU_013151,77.67048
STU_013152,92.895226
STU_013153,80.3542
STU_013154,76.99351
STU_013155,97.73333
STU_013156,79.36135
STU_013157,76.16625
STU_013158,80.67029
STU_013159,83.40938
STU_013160,65.26566
STU_013161,69.19562
STU_013162,56.672737
STU_013163,88.09681
STU_013164,71.26342
STU_013165,71.21004
STU_013166,52.22806
STU_013167,89.94704
STU_013168,76.03016
STU_013169,75.21507
STU_013170,75.001495
STU_013171,87.4857
STU_013172,65.93185
STU_013173,89.60632
STU_013174,65.24121
STU_013175,57.231083
STU_013176,93.57964
STU_013177,68.23305
STU_013178,81.22649
STU_013179,74.452126
STU_013180,86.39765
STU_013181,87.188675
STU_013182,73.02255
STU_013183,78.34384
STU_013184,74.36564
STU_013185,73.75285
STU_013186,61.83748
STU_013187,63.72599
STU_013188,93.950356
STU_013189,96.9743
STU_013190,82.33622
STU_013191,99.23816
STU_013192,87.50609
STU_013193,84.04114
STU_013194,97.30317
STU_013195,89.5353
STU_013196,76.830315
STU_013197,57.309708
STU_013198,70.97846
STU_013199,79.717316
STU_013200,56.942116
STU_013201,84.4659
STU_013202,62.063892
STU_013203,68.24747
STU_013204,63.418365
STU_013205,77.53494
STU_013206,68.180374
STU_013207,72.74255
STU_013208,70.90369
STU_013209,78.06385
STU_013210,53.530834
STU_013211,74.67322
STU_013212,58.79414
STU_013213,69.588135
STU_013214,89.14386
STU_013215,56.030598
STU_013216,97.929115
STU_013217,94.21921
STU_013218,68.565094
STU_013219,80.36625
STU_013220,98.226616
STU_013221,59.23336
STU_013222,60.91582
STU_013223,84.476135
STU_013224,69.118706
STU_013225,53.128323
STU_013226,76.26351
STU_013227,83.08714
STU_013228,73.58
STU_013229,65.567894
STU_013230,70.92881
STU_013231,70.81026
STU_013232,70.18353
STU_013233,93.43414
STU_013234,67.63358
STU_013235,71.799385
STU_013236,91.390854
STU_013237,62.767185
STU_013238,76.09606
STU_013239,70.69455
STU_013240,60.94332
STU_013241,66.02516
STU_013242,69.24341
STU_013243,62.14292
STU_013244,75.34592
STU_013245,67.73551
STU_013246,71.658005
STU_013247,97.16883
STU_013248,96.10853
STU_013249,45.596004
STU_013250,75.22041
STU_013251,82.04049
STU_013252,87.800934
STU_013253,72.55668
STU_013254,93.72405
STU_013255,81.41358
STU_013256,72.38833
STU_013257,82.30942
STU_013258,73.015
STU_013259,56.856102
STU_013260,65.98
STU_013261,67.00408
STU_013262,57.120747
STU_013263,60.99975
STU_013264,90.23501
STU_013265,71.90488
STU_013266,70.01966
STU_013267,71.804886
STU_013268,59.40441
STU_013269,81.78249
STU_013270,96.1812
STU_013271,63.764668
STU_013272,82.919846
STU_013273,64.21159
STU_013274,77.78647
STU_013275,61.32309
STU_013276,56.35189
STU_013277,68.04685
STU_013278,67.422
STU_013279,57.77872
STU_013280,88.175705
STU_013281,87.64969
STU_013282,94.616875
STU_013283,74.24621
STU_013284,73.36544
STU_013285,72.767395
STU_013286,69.55282
STU_013287,93.75647
STU_013288,83.83821
STU_013289,94.34994
STU_013290,76.802414
STU_013291,87.893295
STU_013292,78.29078
STU_013293,78.26502
STU_013294,88.655624
STU_013295,74.63281
STU_013296,79.430046
STU_013297,80.78381
STU_013298,62.478657
STU_013299,89.04149
STU_013300,72.69837
STU_013301,88.069885
STU_013302,84.77135
STU_013303,87.68312
STU_013304,86.65549
STU_013305,70.94161
STU_013306,64.4392
STU_013307,80.193245
STU_013308,95.13267
STU_013309,73.20002
STU_013310,57.563133
STU_013311,90.04905
STU_013312,51.37196
STU_013313,67.93891
STU_013314,62.827084
STU_013315,67.710075
STU_013316,87.196266
STU_013317,73.7588
STU_013318,54.99581
STU_013319,71.943436
STU_013320,80.46547
STU_013321,79.43897
STU_013322,97.15984
STU_013323,98.70226
STU_013324,74.63188
STU_013325,81.2652
STU_013326,66.72669
STU_013327,74.9198
STU_013328,68.5518
STU_013329,79.350945
STU_013330,61.374996
STU_013331,67.146255
STU_013332,69.39776
STU_013333,61.53829
STU_013334,70.92225
STU_013335,66.280975
STU_013336,79.46474
STU_013337,57.5402
STU_013338,65.08473
STU_013339,72.951096
STU_013340,95.479904
STU_013341,70.459595
STU_013342,82.71882
STU_013343,70.302826
STU_013344,81.41448
STU_013345,71.843506
STU_013346,91.75597
STU_013347,80.59097
STU_013348,84.37242
STU_013349,98.88162
STU_013350,60.590717
STU_013351,81.97147
STU_013352,72.07793
STU_013353,64.511665
STU_013354,64.12958
STU_013355,85.542244
STU_013356,67.68133
STU_013357,67.78462
STU_013358,75.38813
STU_013359,72.751366
STU_013360,72.57969
STU_013361,70.430824
STU_013362,79.45409
STU_013363,73.36108
STU_013364,68.376434
STU_013365,84.422806
STU_013366,94.173256
STU_013367,83.390175
STU_013368,85.72028
STU_013369,49.890366
STU_013370,84.30787
STU_013371,75.57747
STU_013372,74.06164
STU_013373,75.80401
STU_013374,91.73476
STU_013375,95.42949
STU_013376,46.030117
STU_013377,83.29671
STU_013378,62.56626
STU_013379,72.89169
STU_013380,87.144615
STU_013381,93.144196
STU_013382,99.32494
STU_013383,67.42455
STU_013384,59.565506
STU_013385,58.036827
STU_013386,97.10211
STU_013387,60.35208
STU_013388,83.6144
STU_013389,64.003525
STU_013390,70.24292
STU_013391,89.91637
STU_013392,97.31881
STU_013393,69.85845
STU_013394,99.796036
STU_013395,62.36361
STU_013396,69.30954
STU_013397,97.14169
STU_013398,91.27818
STU_013399,59.74645
STU_013400,68.46348
STU_013401,99.93605
STU_013402,77.230095
STU_013403,96.19101
STU_013404,66.5458
STU_013405,83.175934
STU_013406,99.05208
STU_013407,73.8024
STU_013408,70.4387
STU_013409,58.331425
STU_013410,75.48649
STU_013411,61.903652
STU_013412,65.79105
STU_013413,74.37338
STU_013414,86.09876
STU_013415,77.11598
STU_013416,60.168854
STU_013417,75.23282
STU_013418,52.152122
STU_013419,67.063675
STU_013420,97.50824
STU_013421,95.155594
STU_013422,86.08696
STU_013423,58.05249
STU_013424,99.80812
STU_013425,81.30768
STU_013426,60.729904
STU_013427,62.969276
STU_013428,78.29186
STU_013429,90.0424
STU_013430,70.247795
STU_013431,61.58134
STU_013432,74.63053
STU_013433,88.189415
STU_013434,92.92549
STU_013435,97.0336
STU_013436,68.06407
STU_013437,71.42698
STU_013438,81.23348
STU_013439,85.41679
STU_013440,73.4355
STU_013441,95.227356
STU_013442,96.08272
STU_013443,71.89942
STU_013444,81.65655
STU_013445,80.47949
STU_013446,85.45437
STU_013447,89.24211
STU_013448,78.95699
STU_013449,77.96524
STU_013450,92.74388
STU_013451,68.59453
STU_013452,75.187294
STU_013453,80.52172
STU_013454,71.38336
STU_013455,91.3378
STU_013456,67.0573
STU_013457,70.87388
STU_013458,73.55157
STU_013459,64.88358
STU_013460,60.641964
STU_013461,71.49524
STU_013462,61.875244
STU_013463,86.63701
STU_013464,60.46308
STU_013465,64.67045
STU_013466,87.29545
STU_013467,58.362885
STU_013468,98.86576
STU_013469,79.07359
STU_013470,92.19426
STU_013471,77.994995
STU_013472,80.33581
STU_013473,60.6039
STU_013474,75.67752
STU_013475,88.06509
STU_013476,80.07201
STU_013477,69.11905
STU_013478,77.35321
STU_013479,71.68901
STU_013480,86.09339
STU_013481,83.19915
STU_013482,81.965775
STU_013483,77.20539
STU_013484,89.66449
STU_013485,93.457
STU_013486,54.214252
STU_013487,75.26691
STU_013488,76.0746
STU_013489,73.31717
STU_013490,70.95536
STU_013491,87.564064
STU_013492,83.616714
STU_013493,63.803467
STU_013494,76.502144
STU_013495,84.29083
STU_013496,88.48651
STU_013497,52.167763
STU_013498,70.56475
STU_013499,86.51369
STU_013500,66.59939
STU_013501,83.14962
STU_013502,87.73719
STU_013503,69.89596
STU_013504,94.02358
STU_013505,73.3126
STU_013506,91.78323
STU_013507,66.26976
STU_013508,67.86602
STU_013509,79.61739
STU_013510,71.17704
STU_013511,79.64279
STU_013512,63.58481
STU_013513,51.312366
STU_013514,82.814285
STU_013515,69.60226
STU_013516,99.76027
STU_013517,85.34663
STU_013518,80.33914
STU_013519,98.87351
STU_013520,68.7744
STU_013521,64.16871
STU_013522,63.576622
STU_013523,95.152504
STU_013524,79.22708
STU_013525,73.224266
STU_013526,73.326935
STU_013527,72.17507
STU_013528,52.494225
STU_013529,94.53296
STU_013530,69.492775
STU_013531,95.96972
STU_013532,61.25445
STU_013533,73.44263
STU_013534,90.32806
STU_013535,95.13169
STU_013536,84.35814
STU_013537,79.482765
STU_013538,94.259895
STU_013539,72.55236
STU_013540,99.504456
STU_013541,65.22829
STU_013542,87.8483
STU_013543,72.19169
STU_013544,73.42212
STU_013545,86.69172
STU_013546,95.18726
STU_013547,99.68433
STU_013548,84.62881
STU_013549,66.26215
STU_013550,78.557
STU_013551,67.39111
STU_013552,87.60065
STU_013553,72.50854
STU_013554,72.51659
STU_013555,62.94601
STU_013556,84.19596
STU_013557,70.91594
STU_013558,64.81844
STU_013559,93.30304
STU_013560,59.022526
STU_013561,71.79628
STU_013562,84.92633
STU_013563,84.17498
STU_013564,53.262604
STU_013565,83.517426
STU_013566,70.92842
STU_013567,87.8891
STU_013568,71.51717
STU_013569,77.61551
STU_013570,70.11989
STU_013571,73.20508
STU_013572,60.512066
STU_013573,66.12713
STU_013574,76.81932
STU_013575,55.377193
STU_013576,66.43207
STU_013577,62.417316
STU_013578,72.378174
STU_013579,74.19064
STU_013580,83.5542
STU_013581,58.80311
STU_013582,72.84535
STU_013583,70.84851
STU_013584,72.307976
STU_013585,60.85676
STU_013586,64.8811
STU_013587,94.2545
STU_013588,67.95203
STU_013589,72.26549
STU_013590,79.129105
STU_013591,86.224525
STU_013592,97.96217
STU_013593,96.71719
STU_013594,71.75329
STU_013595,61.21911
STU_013596,84.84683
STU_013597,70.04741
STU_013598,80.30842
STU_013599,72.54025
STU_013600,95.63403
STU_013601,67.062744
STU_013602,67.29705
STU_013603,89.89565
STU_013604,63.911606
STU_013605,93.4669
STU_013606,72.10243
STU_013607,44.34149
STU_013608,72.78227
STU_013609,75.964325
STU_013610,93.95037
STU_013611,92.17665
STU_013612,62.70078
STU_013613,80.32613
STU_013614,60.150177
STU_013615,73.50047
STU_013616,80.62631
STU_013617,67.03025
STU_013618,65.09689
STU_013619,68.80904
STU_013620,71.598816
STU_013621,71.369156
STU_013622,61.58001
STU_013623,53.967014
STU_013624,53.031548
STU_013625,83.35958
STU_013626,72.53224
STU_013627,80.2273
STU_013628,95.08835
STU_013629,71.17364
STU_013630,66.10269
STU_013631,66.26408
STU_013632,55.91481
STU_013633,92.39497
STU_013634,65.96481
STU_013635,93.63803
STU_013636,71.48107
STU_013637,77.215805
STU_013638,75.565155
STU_013639,67.43215
STU_013640,79.696915
STU_013641,86.61534
STU_013642,71.940186
STU_013643,88.26697
STU_013644,63.023815
STU_013645,73.88597
STU_013646,88.6125
STU_013647,80.59362
STU_013648,87.99983
STU_013649,77.256546
STU_013650,97.71056
STU_013651,72.22219
STU_013652,65.40997
STU_013653,81.88719
STU_013654,74.76038
STU_013655,80.31479
STU_013656,93.85147
STU_013657,67.23949
STU_013658,85.0146
STU_013659,69.04987
STU_013660,63.781734
STU_013661,72.56272
STU_013662,84.82786
STU_013663,73.365295
STU_013664,94.89155
STU_013665,80.44181
STU_013666,83.980095
STU_013667,56.49298
STU_013668,95.83048
STU_013669,60.81326
STU_013670,87.16165
STU_013671,98.88615
STU_013672,69.0538
STU_013673,92.302605
STU_013674,79.13777
STU_013675,62.487362
STU_013676,71.64299
STU_013677,84.51147
STU_013678,73.146286
STU_013679,63.722927
STU_013680,54.99875
STU_013681,90.92038
STU_013682,47.96372
STU_013683,59.108658
STU_013684,73.2512
STU_013685,82.46971
STU_013686,85.16124
STU_013687,73.17891
STU_013688,68.339165
STU_013689,98.09825
STU_013690,89.1129
STU_013691,62.31784
STU_013692,65.298065
STU_013693,87.95907
STU_013694,76.46372
STU_013695,71.99823
STU_013696,99.341644
STU_013697,68.51901
STU_013698,65.42435
STU_013699,76.28398
STU_013700,82.10826
STU_013701,87.87859
STU_013702,92.18419
STU_013703,68.061424
STU_013704,85.70374
STU_013705,83.1636
STU_013706,63.734573
STU_013707,63.048367
STU_013708,57.74337
STU_013709,94.66771
STU_013710,75.47757
STU_013711,94.40282
STU_013712,77.0557
STU_013713,66.02773
STU_013714,66.49598
STU_013715,97.5077
STU_013716,70.9298
STU_013717,61.616653
STU_013718,88.32002
STU_013719,71.14443
STU_013720,49.176186
STU_013721,62.801517
STU_013722,77.86242
STU_013723,79.234375
STU_013724,93.14194
STU_013725,65.0392
STU_013726,67.05997
STU_013727,62.878086
STU_013728,94.8426
STU_013729,82.22504
STU_013730,79.28327
STU_013731,86.73278
STU_013732,80.13714
STU_013733,81.76492
STU_013734,59.67606
STU_013735,79.93666
STU_013736,97.30273
STU_013737,86.952126
STU_013738,73.767685
STU_013739,70.928925
STU_013740,78.54697
STU_013741,73.60639
STU_013742,92.525734
STU_013743,95.95739
STU_013744,61.05557
STU_013745,89.28197
STU_013746,86.72349
STU_013747,91.74469
STU_013748,75.15507
STU_013749,93.8343
STU_013750,73.9094
STU_013751,75.5827
STU_013752,82.35833
STU_013753,82.36599
STU_013754,72.84179
STU_013755,69.11916
STU_013756,66.82702
STU_013757,98.53382
STU_013758,95.80362
STU_013759,56.006893
STU_013760,59.281162
STU_013761,92.86774
STU_013762,71.717995
STU_013763,73.431656
STU_013764,62.52429
STU_013765,63.788742
STU_013766,88.74845
STU_013767,80.31035
STU_013768,70.255875
STU_013769,59.574635
STU_013770,87.04403
STU_013771,95.106964
STU_013772,68.84411
STU_013773,69.739105
STU_013774,75.278435
STU_013775,68.919785
STU_013776,60.738453
STU_013777,72.41377
STU_013778,91.79311
STU_013779,97.1713
STU_013780,70.75926
STU_013781,64.03178
STU_013782,77.50127
STU_013783,91.9587
STU_013784,72.336105
STU_013785,68.049194
STU_013786,78.07606
STU_013787,90.08308
STU_013788,59.66039
STU_013789,89.51553
STU_013790,67.74981
STU_013791,81.425476
STU_013792,99.46469
STU_013793,69.32906
STU_013794,74.6566
STU_013795,81.688034
STU_013796,71.579445
STU_013797,91.48779
STU_013798,60.584736
STU_013799,80.2877
STU_013800,82.87355
STU_013801,97.71262
STU_013802,82.8566
STU_013803,72.880005
STU_013804,73.93691
STU_013805,93.10108
STU_013806,71.37742
STU_013807,66.90351
STU_013808,73.286194
STU_013809,73.82756
STU_013810,81.131454
STU_013811,73.26181
STU_013812,82.03952
STU_013813,70.88429
STU_013814,70.52838
STU_013815,82.02977
STU_013816,70.35722
STU_013817,81.644806
STU_013818,54.83195
STU_013819,75.24781
STU_013820,73.0004
STU_013821,66.354805
STU_013822,95.28981
STU_013823,93.281334
STU_013824,73.601944
STU_013825,62.06271
STU_013826,83.072205
STU_013827,81.737755
STU_013828,88.50999
STU_013829,80.96991
STU_013830,87.29145
STU_013831,79.59933
STU_013832,87.14092
STU_013833,80.38134
STU_013834,69.59469
STU_013835,85.47403
STU_013836,61.69235
STU_013837,91.60954
STU_013838,55.32224
STU_013839,58.398975
STU_013840,63.71133
STU_013841,99.80583
STU_013842,83.381546
STU_013843,77.41588
STU_013844,76.265656
STU_013845,94.90484
STU_013846,87.018265
STU_013847,52.94445
STU_013848,99.791435
STU_013849,58.713463
STU_013850,70.57695
STU_013851,62.693085
STU_013852,81.617584
STU_013853,68.781906
STU_013854,80.83196
STU_013855,72.53158
STU_013856,59.735607
STU_013857,81.872505
STU_013858,89.7497
STU_013859,77.334984
STU_013860,72.44426
STU_013861,65.28593
STU_013862,82.09328
STU_013863,79.77551
STU_013864,70.1141
STU_013865,91.74396
STU_013866,56.746887
STU_013867,76.42371
STU_013868,96.06058
STU_013869,71.36824
STU_013870,52.915405
STU_013871,72.89137
STU_013872,97.852066
STU_013873,69.816956
STU_013874,59.15584
STU_013875,65.68798
STU_013876,75.913666
STU_013877,56.71824
STU_013878,62.95574
STU_013879,67.037926
STU_013880,97.69244
STU_013881,73.11118
STU_013882,78.13719
STU_013883,71.6223
STU_013884,79.68457
STU_013885,89.58153
STU_013886,91.57778
STU_013887,76.825874
STU_013888,74.58838
STU_013889,82.49266
STU_013890,97.271515
STU_013891,92.910034
STU_013892,75.91415
STU_013893,62.77856
STU_013894,96.9269
STU_013895,59.09333
STU_013896,90.072845
STU_013897,76.87187
STU_013898,81.3
STU_013899,83.36139
STU_013900,69.19849
STU_013901,74.8652
STU_013902,71.48129
STU_013903,70.5927
STU_013904,71.41007
STU_013905,90.55559
STU_013906,81.09407
STU_013907,61.678604
STU_013908,70.15409
STU_013909,86.53344
STU_013910,61.036407
STU_013911,80.009
STU_013912,77.30493
STU_013913,67.49977
STU_013914,62.970177
STU_013915,65.58342
STU_013916,93.530075
STU_013917,52.193714
STU_013918,58.381866
STU_013919,75.481155
STU_013920,80.411415
STU_013921,61.69871
STU_013922,93.590065
STU_013923,92.93484
STU_013924,81.9924
STU_013925,67.72453
STU_013926,82.02723
STU_013927,96.20115
STU_013928,49.169514
STU_013929,64.00149
STU_013930,69.922485
STU_013931,66.27367
STU_013932,66.93157
STU_013933,52.80102
STU_013934,67.68282
STU_013935,73.49852
STU_013936,86.44196
STU_013937,85.35141
STU_013938,76.55315
STU_013939,62.692795
STU_013940,69.17543
STU_013941,70.25078
STU_013942,99.775444
STU_013943,66.404366
STU_013944,85.1698
STU_013945,77.5079
STU_013946,99.59434
STU_013947,80.16563
STU_013948,77.63792
STU_013949,49.418274
STU_013950,84.83368
STU_013951,61.05502
STU_013952,97.407936
STU_013953,61.020653
STU_013954,51.342373
STU_013955,66.015816
STU_013956,79.839516
STU_013957,79.080444
STU_013958,75.0286
STU_013959,69.23597
STU_013960,80.40451
STU_013961,67.87127
STU_013962,62.11242
STU_013963,65.01496
STU_013964,79.19853
STU_013965,61.759373
STU_013966,68.97294
STU_013967,71.0721
STU_013968,90.71709
STU_013969,53.894424
STU_013970,90.3387
STU_013971,66.39995
STU_013972,72.52173
STU_013973,68.23788
STU_013974,94.408226
STU_013975,86.86476
STU_013976,70.71633
STU_013977,85.1991
STU_013978,92.85069
STU_013979,88.71521
STU_013980,77.78505
STU_013981,72.85792
STU_013982,67.90417
STU_013983,76.69165
STU_013984,69.3468
STU_013985,89.277145
STU_013986,64.074196
STU_013987,92.74511
STU_013988,72.17664
STU_013989,65.46618
STU_013990,69.16549
STU_013991,80.661
STU_013992,81.62082
STU_013993,77.52441
STU_013994,72.43705
STU_013995,60.408695
STU_013996,78.03699
STU_013997,93.68616
STU_013998,64.39886
STU_013999,79.26539
STU_014000,76.24121
STU_014001,64.19645
STU_014002,60.89721
STU_014003,67.32006
STU_014004,60.342907
STU_014005,73.02205
STU_014006,61.221905
STU_014007,84.213196
STU_014008,61.530506
STU_014009,96.24097
STU_014010,74.969734
STU_014011,75.2179
STU_014012,94.18327
STU_014013,49.566017
STU_014014,83.454895
STU_014015,84.56249
STU_014016,67.56787
STU_014017,82.84673
STU_014018,74.09222
STU_014019,85.89204
STU_014020,83.44352
STU_014021,90.113884
STU_014022,71.72851
STU_014023,67.07787
STU_014024,72.589455
STU_014025,80.64193
STU_014026,73.54518
STU_014027,98.9666
STU_014028,80.39554
STU_014029,74.96534
STU_014030,77.78694
STU_014031,73.4716
STU_014032,64.71798
STU_014033,71.90646
STU_014034,89.79489
STU_014035,93.89979
STU_014036,52.979023
STU_014037,53.277775
STU_014038,86.310905
STU_014039,92.24789
STU_014040,71.59547
STU_014041,79.22413
STU_014042,72.047195
STU_014043,69.16749
STU_014044,99.252625
STU_014045,80.57029
STU_014046,65.21573
STU_014047,90.48658
STU_014048,60.794594
STU_014049,86.62974
STU_014050,74.88617
STU_014051,72.53275
STU_014052,81.61626
STU_014053,88.24325
STU_014054,88.15008
STU_014055,99.81703
STU_014056,75.25343
STU_014057,65.27175
STU_014058,75.393684
STU_014059,60.75722
STU_014060,77.7077
STU_014061,70.95306
STU_014062,85.730286
STU_014063,72.69636
STU_014064,68.360176
STU_014065,61.51448
STU_014066,49.371136
STU_014067,91.01758
STU_014068,71.73969
STU_014069,74.614334
STU_014070,72.81755
STU_014071,43.477974
STU_014072,69.20716
STU_014073,79.11013
STU_014074,71.99748
STU_014075,71.7331
STU_014076,58.24616
STU_014077,56.915615
STU_014078,53.034584
STU_014079,77.393745
STU_014080,88.069374
STU_014081,99.813675
STU_014082,82.759636
STU_014083,61.54482
STU_014084,77.94035
STU_014085,95.64182
STU_014086,58.5797
STU_014087,67.13096
STU_014088,74.58263
STU_014089,71.80329
STU_014090,65.41027
STU_014091,94.90627
STU_014092,68.50595
STU_014093,69.7731
STU_014094,64.566895
STU_014095,78.75784
STU_014096,81.5424
STU_014097,91.24958
STU_014098,65.4611
STU_014099,71.45209
STU_014100,59.660713
STU_014101,76.41496
STU_014102,81.513306
STU_014103,74.33236
STU_014104,97.36765
STU_014105,46.047367
STU_014106,69.09597
STU_014107,91.669266
STU_014108,81.56536
STU_014109,77.5299
STU_014110,87.4595
STU_014111,90.36526
STU_014112,59.76842
STU_014113,60.16001
STU_014114,65.686485
STU_014115,78.36203
STU_014116,99.351685
STU_014117,68.35151
STU_014118,91.16128
STU_014119,69.15952
STU_014120,66.03004
STU_014121,57.482475
STU_014122,61.15814
STU_014123,56.430786
STU_014124,57.847847
STU_014125,87.99271
STU_014126,62.657272
STU_014127,71.5542
STU_014128,59.675117
STU_014129,85.92099
STU_014130,79.36454
STU_014131,90.245575
STU_014132,81.18609
STU_014133,72.710846
STU_014134,46.738
STU_014135,73.685745
STU_014136,71.81572
STU_014137,96.57794
STU_014138,55.282497
STU_014139,74.22108
STU_014140,77.74508
STU_014141,90.26274
STU_014142,79.39237
STU_014143,71.16084
STU_014144,97.75765
STU_014145,71.493256
STU_014146,92.62712
STU_014147,80.65085
STU_014148,93.062195
STU_014149,73.0068
STU_014150,65.618576
STU_014151,96.61011
STU_014152,91.3849
STU_014153,60.78466
STU_014154,77.8753
STU_014155,70.942856
STU_014156,96.22755
STU_014157,81.23892
STU_014158,80.48507
STU_014159,80.91974
STU_014160,96.45279
STU_014161,81.28129
STU_014162,96.71993
STU_014163,75.69084
STU_014164,54.25169
STU_014165,95.33118
STU_014166,69.35236
STU_014167,78.24605
STU_014168,67.87828
STU_014169,55.76376
STU_014170,83.65149
STU_014171,83.6526
STU_014172,87.40505
STU_014173,67.631905
STU_014174,80.264015
STU_014175,81.219666
STU_014176,66.29292
STU_014177,70.32774
STU_014178,81.32378
STU_014179,88.66662
STU_014180,86.54773
STU_014181,78.39893
STU_014182,92.03949
STU_014183,67.07503
STU_014184,85.69332
STU_014185,73.24775
STU_014186,90.09787
STU_014187,94.39073
STU_014188,73.14955
STU_014189,57.65516
STU_014190,70.982864
STU_014191,68.70182
STU_014192,66.06522
STU_014193,83.674355
STU_014194,75.0959
STU_014195,64.465195
STU_014196,86.49513
STU_014197,66.94403
STU_014198,72.86317
STU_014199,59.238636
STU_014200,73.13247
STU_014201,77.93466
STU_014202,80.840996
STU_014203,59.866985
STU_014204,87.65005
STU_014205,68.76022
STU_014206,73.08229
STU_014207,71.82346
STU_014208,70.36054
STU_014209,68.03718
STU_014210,98.81532
STU_014211,82.410355
STU_014212,99.72075
STU_014213,76.657585
STU_014214,65.37347
STU_014215,69.13547
STU_014216,70.520676
STU_014217,88.283
STU_014218,97.219795
STU_014219,68.4161
STU_014220,73.48673
STU_014221,81.846535
STU_014222,84.396835
STU_014223,90.458374
STU_014224,95.56703
STU_014225,74.00586
STU_014226,60.761826
STU_014227,73.02165
STU_014228,63.035534
STU_014229,91.433556
STU_014230,88.44937
STU_014231,76.76539
STU_014232,75.78428
STU_014233,50.447613
STU_014234,98.069954
STU_014235,79.50663
STU_014236,70.05996
STU_014237,87.73533
STU_014238,46.512936
STU_014239,87.84646
STU_014240,67.57615
STU_014241,81.223495
STU_014242,92.17005
STU_014243,66.41658
STU_014244,73.824196
STU_014245,79.849976
STU_014246,74.73438
STU_014247,67.42517
STU_014248,89.8022
STU_014249,80.51136
STU_014250,88.702995
STU_014251,84.41006
STU_014252,61.201103
STU_014253,88.47099
STU_014254,70.32299
STU_014255,97.766846
STU_014256,70.16801
STU_014257,71.37837
STU_014258,86.30797
STU_014259,61.968693
STU_014260,84.61745
STU_014261,88.73325
STU_014262,77.165375
STU_014263,61.35251
STU_014264,93.62666
STU_014265,69.705574
STU_014266,79.80963
STU_014267,93.19763
STU_014268,90.259865
STU_014269,74.52284
STU_014270,75.92523
STU_014271,62.027176
STU_014272,72.7273
STU_014273,73.69737
STU_014274,64.32323
STU_014275,82.541084
STU_014276,64.64891
STU_014277,87.172325
STU_014278,59.738766
STU_014279,95.91723
STU_014280,54.356815
STU_014281,85.43609
STU_014282,68.436165
STU_014283,58.819572
STU_014284,80.51654
STU_014285,90.42495
STU_014286,66.64797
STU_014287,76.478615
STU_014288,46.33126
STU_014289,77.81623
STU_014290,72.09119
STU_014291,68.75448
STU_014292,79.3742
STU_014293,75.4183
STU_014294,58.997627
STU_014295,69.730095
STU_014296,66.14229
STU_014297,57.253033
STU_014298,72.49809
STU_014299,78.723946
STU_014300,95.588554
STU_014301,57.75939
STU_014302,98.51012
STU_014303,93.00332
STU_014304,59.354305
STU_014305,77.58784
STU_014306,73.661095
STU_014307,96.97472
STU_014308,67.614006
STU_014309,93.53708
STU_014310,71.44577
STU_014311,97.145996
STU_014312,79.97787
STU_014313,74.74274
STU_014314,63.04845
STU_014315,83.44757
STU_014316,71.544975
STU_014317,68.73894
STU_014318,72.91289
STU_014319,62.156948
STU_014320,79.17258
STU_014321,63.512474
STU_014322,89.97513
STU_014323,86.52737
STU_014324,86.54563
STU_014325,81.49913
STU_014326,82.39148
STU_014327,68.620804
STU_014328,58.735054
STU_014329,96.36843
STU_014330,57.511566
STU_014331,62.79203
STU_014332,58.84916
STU_014333,64.06791
STU_014334,92.52616
STU_014335,80.49624
STU_014336,93.67246
STU_014337,82.342606
STU_014338,65.62027
STU_014339,64.15651
STU_014340,60.521736
STU_014341,90.86813
STU_014342,61.600525
STU_014343,64.71516
STU_014344,50.510445
STU_014345,78.33939
STU_014346,91.4407
STU_014347,67.583664
STU_014348,74.15375
STU_014349,68.49908
STU_014350,68.224335
STU_014351,74.01392
STU_014352,91.80139
STU_014353,95.80579
STU_014354,94.17949
STU_014355,64.03758
STU_014356,51.082905
STU_014357,86.1167
STU_014358,59.246307
STU_014359,74.61005
STU_014360,59.523575
STU_014361,72.360504
STU_014362,99.19408
STU_014363,49.73853
STU_014364,83.63768
STU_014365,66.246826
STU_014366,76.37873
STU_014367,67.86665
STU_014368,94.12962
STU_014369,85.8345
STU_014370,95.59183
STU_014371,75.14603
STU_014372,83.37636
STU_014373,68.96986
STU_014374,75.16526
STU_014375,83.28886
STU_014376,90.3055
STU_014377,81.40256
STU_014378,96.54359
STU_014379,73.22309
STU_014380,84.63785
STU_014381,47.06721
STU_014382,74.99143
STU_014383,73.36838
STU_014384,85.44125
STU_014385,90.00914
STU_014386,55.45874
STU_014387,80.99778
STU_014388,72.28025
STU_014389,76.82196
STU_014390,69.96787
STU_014391,48.68136
STU_014392,88.642296
STU_014393,85.37908
STU_014394,72.15743
STU_014395,96.66986
STU_014396,93.0041
STU_014397,79.9427
STU_014398,99.64487
STU_014399,67.051125
STU_014400,95.39757
STU_014401,80.44012
STU_014402,76.60487
STU_014403,81.81704
STU_014404,81.32112
STU_014405,70.26078
STU_014406,78.68261
STU_014407,98.0452
STU_014408,62.426083
STU_014409,55.33073
STU_014410,68.26665
STU_014411,65.54722
STU_014412,72.567764
STU_014413,82.37835
STU_014414,64.812386
STU_014415,71.94023
STU_014416,75.30981
STU_014417,93.138214
STU_014418,89.70695
STU_014419,53.761383
STU_014420,93.519135
STU_014421,87.20112
STU_014422,70.030556
STU_014423,96.08011
STU_014424,77.9971
STU_014425,99.28473
STU_014426,72.838486
STU_014427,88.27923
STU_014428,91.755035
STU_014429,96.53301
STU_014430,59.628773
STU_014431,64.20626
STU_014432,63.357613
STU_014433,66.74858
STU_014434,78.70459
STU_014435,91.49424
STU_014436,59.97156
STU_014437,73.200035
STU_014438,74.33672
STU_014439,82.90663
STU_014440,54.1918
STU_014441,63.530827
STU_014442,68.903534
STU_014443,62.822727
STU_014444,55.642735
STU_014445,66.045166
STU_014446,63.56257
STU_014447,98.14449
STU_014448,60.94125
STU_014449,50.717445
STU_014450,69.95234
STU_014451,85.70478
STU_014452,91.66704
STU_014453,99.75956
STU_014454,87.46405
STU_014455,90.61328
STU_014456,86.2053
STU_014457,65.63072
STU_014458,64.59332
STU_014459,75.19956
STU_014460,99.84649
STU_014461,88.997955
STU_014462,85.39488
STU_014463,78.86484
STU_014464,72.34191
STU_014465,92.03667
STU_014466,67.55501
STU_014467,72.878204
STU_014468,69.87677
STU_014469,88.2294
STU_014470,74.40299
STU_014471,80.668144
STU_014472,65.97839
STU_014473,63.804073
STU_014474,89.43237
STU_014475,58.080296
STU_014476,61.513035
STU_014477,92.471565
STU_014478,82.50825
STU_014479,98.61067
STU_014480,72.00179
STU_014481,91.32371
STU_014482,56.1323
STU_014483,94.47492
STU_014484,55.282074
STU_014485,72.726776
STU_014486,92.27792
STU_014487,82.86609
STU_014488,71.555305
STU_014489,49.41791
STU_014490,92.68293
STU_014491,81.781494
STU_014492,84.17984
STU_014493,59.94609
STU_014494,84.923134
STU_014495,74.25093
STU_014496,71.605446
STU_014497,64.51318
STU_014498,87.2451
STU_014499,80.32796
STU_014500,67.30513
STU_014501,61.575016
STU_014502,72.397125
STU_014503,73.4347
STU_014504,99.81907
STU_014505,74.893425
STU_014506,73.530304
STU_014507,75.17676
STU_014508,63.13947
STU_014509,73.53219
STU_014510,62.22707
STU_014511,83.124535
STU_014512,72.394394
STU_014513,75.1802
STU_014514,79.59835
STU_014515,70.815125
STU_014516,80.05392
STU_014517,85.16385
STU_014518,75.30791
STU_014519,62.089592
STU_014520,74.4902
STU_014521,92.30639
STU_014522,66.87755
STU_014523,90.42329
STU_014524,94.74154
STU_014525,72.61884
STU_014526,79.56614
STU_014527,49.6309
STU_014528,63.622063
STU_014529,93.41706
STU_014530,69.56917
STU_014531,66.327255
STU_014532,93.853905
STU_014533,98.72416
STU_014534,97.11558
STU_014535,92.02971
STU_014536,85.59591
STU_014537,80.62534
STU_014538,60.8803
STU_014539,61.71155
STU_014540,52.277313
STU_014541,90.60693
STU_014542,60.273487
STU_014543,89.47272
STU_014544,67.01386
STU_014545,64.476166
STU_014546,59.155396
STU_014547,64.25535
STU_014548,88.223526
STU_014549,96.606544
STU_014550,80.86233
STU_014551,70.22707
STU_014552,72.80425
STU_014553,80.46238
STU_014554,73.67181
STU_014555,66.65829
STU_014556,96.67479
STU_014557,75.252945
STU_014558,68.89415
STU_014559,78.46783
STU_014560,95.90437
STU_014561,75.39296
STU_014562,72.36748
STU_014563,75.11257
STU_014564,93.17518
STU_014565,59.819466
STU_014566,93.017204
STU_014567,68.673515
STU_014568,64.76357
STU_014569,81.263596
STU_014570,58.111618
STU_014571,64.65349
STU_014572,77.32013
STU_014573,74.543396
STU_014574,65.7744
STU_014575,60.159794
STU_014576,69.42926
STU_014577,58.99022
STU_014578,62.408348
STU_014579,81.70349
STU_014580,89.568245
STU_014581,91.653465
STU_014582,86.80779
STU_014583,72.168564
STU_014584,80.74773
STU_014585,71.628075
STU_014586,89.377556
STU_014587,59.20282
STU_014588,81.48952
STU_014589,59.847855
STU_014590,67.57499
STU_014591,90.03983
STU_014592,78.25126
STU_014593,93.588295
STU_014594,95.600975
STU_014595,54.711807
STU_014596,99.47454
STU_014597,72.81668
STU_014598,65.2049
STU_014599,77.14724
STU_014600,60.1327
STU_014601,74.7204
STU_014602,91.6897
STU_014603,54.238705
STU_014604,88.263664
STU_014605,96.00481
STU_014606,59.288403
STU_014607,73.586075
STU_014608,56.389095
STU_014609,82.79043
STU_014610,79.9845
STU_014611,80.63656
STU_014612,60.54347
STU_014613,68.39073
STU_014614,89.81701
STU_014615,77.21444
STU_014616,99.468834
STU_014617,63.973263
STU_014618,89.11645
STU_014619,74.27561
STU_014620,83.44657
STU_014621,59.297924
STU_014622,94.48328
STU_014623,73.70633
STU_014624,86.23806
STU_014625,74.59813
STU_014626,89.98
STU_014627,67.58426
STU_014628,59.498005
STU_014629,83.524345
STU_014630,72.31887
STU_014631,62.733932
STU_014632,68.901855
STU_014633,69.844734
STU_014634,94.45105
STU_014635,61.754242
STU_014636,49.619743
STU_014637,87.705315
STU_014638,63.986637
STU_014639,79.901
STU_014640,68.463974
STU_014641,62.06359
STU_014642,91.37173
STU_014643,54.981937
STU_014644,92.47669
STU_014645,75.16918
STU_014646,89.59856
STU_014647,91.62344
STU_014648,69.74258
STU_014649,94.65951
STU_014650,71.65924
STU_014651,64.23408
STU_014652,90.42444
STU_014653,78.56981
STU_014654,87.16477
STU_014655,59.30257
STU_014656,71.844215
STU_014657,55.6726
STU_014658,78.4022
STU_014659,73.9283
STU_014660,72.113396
STU_014661,57.354744
STU_014662,70.04144
STU_014663,75.51126
STU_014664,57.746975
STU_014665,74.77745
STU_014666,90.48431
STU_014667,86.7039
STU_014668,56.053116
STU_014669,79.64166
STU_014670,92.41023
STU_014671,79.22591
STU_014672,87.95959
STU_014673,95.281334
STU_014674,93.150856
STU_014675,85.6794
STU_014676,78.61004
STU_014677,64.49242
STU_014678,70.884995
STU_014679,62.27418
STU_014680,56.774994
STU_014681,87.11269
STU_014682,46.22272
STU_014683,68.04276
STU_014684,66.32961
STU_014685,68.677376
STU_014686,83.436195
STU_014687,88.41549
STU_014688,99.57606
STU_014689,64.516716
STU_014690,62.960815
STU_014691,82.224236
STU_014692,89.883484
STU_014693,70.695206
STU_014694,76.28387
STU_014695,99.26311
STU_014696,50.1842
STU_014697,70.4926
STU_014698,93.53511
STU_014699,69.57064
STU_014700,86.60034
STU_014701,70.7842
STU_014702,86.409966
STU_014703,78.80413
STU_014704,96.22318
STU_014705,80.812904
STU_014706,85.7055
STU_014707,94.94114
STU_014708,91.88289
STU_014709,75.535
STU_014710,56.430756
STU_014711,73.24697
STU_014712,72.57266
STU_014713,49.043396
STU_014714,81.158226
STU_014715,78.17691
STU_014716,64.62805
STU_014717,56.78309
STU_014718,60.42754
STU_014719,92.4214
STU_014720,76.06696
STU_014721,54.32212
STU_014722,69.31838
STU_014723,92.12982
STU_014724,92.50009
STU_014725,68.41759
STU_014726,67.348465
STU_014727,61.93522
STU_014728,93.00987
STU_014729,86.62176
STU_014730,58.098835
STU_014731,63.80399
STU_014732,70.720024
STU_014733,77.26808
STU_014734,63.483177
STU_014735,97.871544
STU_014736,74.657486
STU_014737,80.36188
STU_014738,75.02313
STU_014739,84.03025
STU_014740,80.02479
STU_014741,76.39802
STU_014742,92.38573
STU_014743,92.627945
STU_014744,67.84112
STU_014745,82.87938
STU_014746,47.73196
STU_014747,67.468666
STU_014748,97.70283
STU_014749,95.99849
STU_014750,81.584274
STU_014751,90.227005
STU_014752,83.73852
STU_014753,63.86473
STU_014754,96.04718
STU_014755,66.26612
STU_014756,71.95913
STU_014757,73.96856
STU_014758,98.16188
STU_014759,69.55749
STU_014760,76.32902
STU_014761,80.66963
STU_014762,99.67002
STU_014763,85.5171
STU_014764,99.73692
STU_014765,73.220024
STU_014766,82.4677
STU_014767,68.764885
STU_014768,68.51825
STU_014769,95.564575
STU_014770,73.31081
STU_014771,75.71576
STU_014772,72.179825
STU_014773,85.6444
STU_014774,88.96743
STU_014775,76.48215
STU_014776,78.52763
STU_014777,78.840904
STU_014778,80.14203
STU_014779,79.94981
STU_014780,61.249973
STU_014781,84.61519
STU_014782,87.56777
STU_014783,94.980316
STU_014784,93.1422
STU_014785,85.77402
STU_014786,84.73304
STU_014787,76.87289
STU_014788,94.44836
STU_014789,75.67062
STU_014790,79.846436
STU_014791,69.120964
STU_014792,57.57218
STU_014793,69.68081
STU_014794,62.042545
STU_014795,77.57167
STU_014796,74.76993
STU_014797,75.9443
STU_014798,85.27743
STU_014799,87.48617
STU_014800,85.15144
STU_014801,91.35983
STU_014802,60.176174
STU_014803,89.06286
STU_014804,77.310814
STU_014805,75.15414
STU_014806,73.048584
STU_014807,64.976105
STU_014808,71.24211
STU_014809,55.178543
STU_014810,94.28958
STU_014811,96.694695
STU_014812,74.61834
STU_014813,63.783062
STU_014814,68.95133
STU_014815,56.75255
STU_014816,82.58154
STU_014817,86.49507
STU_014818,56.075424
STU_014819,86.376564
STU_014820,69.753975
STU_014821,58.794735
STU_014822,98.64993
STU_014823,70.3096
STU_014824,87.43429
STU_014825,76.89662
STU_014826,94.42811
STU_014827,64.38318
STU_014828,76.87171
STU_014829,74.39367
STU_014830,85.24774
STU_014831,89.30392
STU_014832,64.25965
STU_014833,61.568157
STU_014834,88.32374
STU_014835,85.9591
STU_014836,86.67983
STU_014837,69.054825
STU_014838,74.456154
STU_014839,74.984116
STU_014840,83.69069
STU_014841,94.07574
STU_014842,56.28695
STU_014843,67.43661
STU_014844,93.30263
STU_014845,67.95954
STU_014846,82.76828
STU_014847,81.389786
STU_014848,61.73727
STU_014849,68.08293
STU_014850,75.12964
STU_014851,81.73778
STU_014852,87.77065
STU_014853,67.7587
STU_014854,64.581505
STU_014855,80.67067
STU_014856,73.3828
STU_014857,79.02488
STU_014858,66.548035
STU_014859,83.172935
STU_014860,44.283592
STU_014861,90.7238
STU_014862,91.99627
STU_014863,71.74478
STU_014864,73.97608
STU_014865,70.36242
STU_014866,66.85922
STU_014867,72.20247
STU_014868,98.173035
STU_014869,97.48645
STU_014870,74.69436
STU_014871,74.248314
STU_014872,83.18724
STU_014873,73.915886
STU_014874,67.58815
STU_014875,82.69664
STU_014876,55.88183
STU_014877,69.584435
STU_014878,61.902042
STU_014879,83.972885
STU_014880,75.07234
STU_014881,82.24915
STU_014882,72.48347
STU_014883,81.54769
STU_014884,66.88878
STU_014885,88.96123
STU_014886,68.08067
STU_014887,78.40289
STU_014888,92.330795
STU_014889,71.31191
STU_014890,92.952515
STU_014891,74.68606
STU_014892,85.79618
STU_014893,66.760994
STU_014894,77.98991
STU_014895,58.389076
STU_014896,79.35251
STU_014897,77.25234
STU_014898,82.32444
STU_014899,60.109985
STU_014900,95.75279
STU_014901,78.70159
STU_014902,84.125656
STU_014903,91.36424
STU_014904,83.11673
STU_014905,96.150856
STU_014906,75.99379
STU_014907,56.583843
STU_014908,73.765465
STU_014909,80.83074
STU_014910,72.15691
STU_014911,93.335335
STU_014912,81.49331
STU_014913,74.47283
STU_014914,51.292633
STU_014915,62.8619
STU_014916,72.85309
STU_014917,90.8282
STU_014918,88.14923
STU_014919,53.427113
STU_014920,88.86231
STU_014921,66.41923
STU_014922,57.454624
STU_014923,71.27189
STU_014924,89.74888
STU_014925,98.122314
STU_014926,84.57444
STU_014927,74.63583
STU_014928,57.883667
STU_014929,82.003334
STU_014930,83.49578
STU_014931,87.84679
STU_014932,62.611206
STU_014933,80.9761
STU_014934,68.40016
STU_014935,79.53114
STU_014936,77.38782
STU_014937,81.26634
STU_014938,99.91225
STU_014939,78.753525
STU_014940,92.51582
STU_014941,63.673748
STU_014942,90.45235
STU_014943,61.19173
STU_014944,72.02568
STU_014945,58.933514
STU_014946,66.94141
STU_014947,67.79104
STU_014948,87.92792
STU_014949,61.32006
STU_014950,83.581154
STU_014951,71.21075
STU_014952,73.25927
STU_014953,95.01494
STU_014954,87.237076
STU_014955,99.122986
STU_014956,79.892166
STU_014957,75.8989
STU_014958,69.25642
STU_014959,52.560253
STU_014960,92.97657
STU_014961,84.751976
STU_014962,54.383842
STU_014963,74.3354
STU_014964,88.17636
STU_014965,78.702896
STU_014966,66.31075
STU_014967,51.70136
STU_014968,90.296104
STU_014969,77.95141
STU_014970,72.34452
STU_014971,69.669914
STU_014972,91.96968
STU_014973,74.14946
STU_014974,66.676765
STU_014975,60.58896
STU_014976,82.570145
STU_014977,86.45168
STU_014978,83.410385
STU_014979,90.38058
STU_014980,65.149635
STU_014981,94.923485
STU_014982,63.844868
STU_014983,84.23583
STU_014984,60.660713
STU_014985,66.86464
STU_014986,49.40906
STU_014987,91.93131
STU_014988,64.33097
STU_014989,99.81816
STU_014990,82.44241
STU_014991,99.55348
STU_014992,74.06565
STU_014993,62.992523
STU_014994,85.43994
STU_014995,84.138985
STU_014996,70.89415
STU_014997,79.206635
STU_014998,81.78526
STU_014999,94.86315
STU_015000,74.42688
STU_015001,56.898647
STU_015002,63.50275
STU_015003,57.251637
STU_015004,66.406624
STU_015005,59.735996
STU_015006,65.897835
STU_015007,83.04004
STU_015008,78.91128
STU_015009,81.303986
STU_015010,73.65149
STU_015011,54.12456
STU_015012,95.91686
STU_015013,64.25801
STU_015014,61.14143
STU_015015,86.316864
STU_015016,83.60573
STU_015017,90.795715
STU_015018,78.09777
STU_015019,87.81564
STU_015020,63.5727
STU_015021,75.20485
STU_015022,66.59363
STU_015023,72.058495
STU_015024,72.90144
STU_015025,82.653755
STU_015026,69.67897
STU_015027,86.6036
STU_015028,75.05845
STU_015029,76.47682
STU_015030,93.131325
STU_015031,73.5906
STU_015032,68.05178
STU_015033,75.55028
STU_015034,63.174385
STU_015035,79.26186
STU_015036,68.33579
STU_015037,77.231445
STU_015038,93.38449
STU_015039,61.739594
STU_015040,81.844315
STU_015041,78.713326
STU_015042,50.81717
STU_015043,81.91323
STU_015044,88.32464
STU_015045,86.875244
STU_015046,69.199844
STU_015047,84.13845
STU_015048,64.97943
STU_015049,71.04751
STU_015050,57.074135
STU_015051,65.549065
STU_015052,62.399033
STU_015053,63.658226
STU_015054,90.685814
STU_015055,74.211716
STU_015056,59.263405
STU_015057,92.84837
STU_015058,58.660366
STU_015059,99.90604
STU_015060,75.91913
STU_015061,79.276764
STU_015062,71.575294
STU_015063,67.7106
STU_015064,60.969337
STU_015065,91.12627
STU_015066,81.80828
STU_015067,75.96985
STU_015068,60.920914
STU_015069,80.48721
STU_015070,70.085205
STU_015071,85.02683
STU_015072,99.88133
STU_015073,67.820595
STU_015074,68.72502
STU_015075,95.50363
STU_015076,71.827415
STU_015077,63.460083
STU_015078,72.56004
STU_015079,99.790665
STU_015080,67.38703
STU_015081,97.45337
STU_015082,64.980606
STU_015083,83.48914
STU_015084,65.728676
STU_015085,79.49419
STU_015086,70.59588
STU_015087,59.883373
STU_015088,93.11199
STU_015089,70.377396
STU_015090,82.61461
STU_015091,75.11729
STU_015092,77.76928
STU_015093,94.650764
STU_015094,70.024956
STU_015095,66.88697
STU_015096,91.002655
STU_015097,79.9639
STU_015098,71.924255
STU_015099,55.06395
STU_015100,86.34064
STU_015101,79.68344
STU_015102,78.31476
STU_015103,95.48501
STU_015104,73.59984
STU_015105,96.07757
STU_015106,72.53825
STU_015107,73.37767
STU_015108,77.47497
STU_015109,75.5267
STU_015110,85.0262
STU_015111,62.57229
STU_015112,73.47503
STU_015113,66.94937
STU_015114,83.556465
STU_015115,62.918236
STU_015116,89.4843
STU_015117,65.569405
STU_015118,55.704384
STU_015119,82.926544
STU_015120,88.6868
STU_015121,63.901367
STU_015122,99.4711
STU_015123,67.53587
STU_015124,86.43323
STU_015125,75.7109
STU_015126,64.77304
STU_015127,90.234375
STU_015128,81.70099
STU_015129,69.81711
STU_015130,78.24083
STU_015131,81.141045
STU_015132,94.8274
STU_015133,96.8431
STU_015134,87.35377
STU_015135,85.334854
STU_015136,76.69161
STU_015137,74.30073
STU_015138,70.62301
STU_015139,82.985
STU_015140,95.682686
STU_015141,66.57743
STU_015142,74.20676
STU_015143,95.11048
STU_015144,85.08724
STU_015145,62.92273
STU_015146,94.45243
STU_015147,76.34227
STU_015148,71.36501
STU_015149,69.22408
STU_015150,49.926743
STU_015151,54.532467
STU_015152,71.85356
STU_015153,59.27382
STU_015154,82.60324
STU_015155,89.26067
STU_015156,74.1232
STU_015157,55.72376
STU_015158,92.28969
STU_015159,54.268566
STU_015160,87.37031
STU_015161,66.95609
STU_015162,79.88005
STU_015163,78.52972
STU_015164,48.826607
STU_015165,85.34286
STU_015166,98.70975
STU_015167,80.845
STU_015168,70.0103
STU_015169,92.579666
STU_015170,71.64174
STU_015171,98.58848
STU_015172,61.148254
STU_015173,79.16109
STU_015174,95.405334
STU_015175,74.37472
STU_015176,98.60927
STU_015177,79.93909
STU_015178,65.25843
STU_015179,73.83586
STU_015180,63.522373
STU_015181,78.20048
STU_015182,81.83624
STU_015183,85.12283
STU_015184,65.8545
STU_015185,84.24661
STU_015186,71.33925
STU_015187,57.78746
STU_015188,72.48933
STU_015189,97.45261
STU_015190,96.13089
STU_015191,72.00257
STU_015192,99.60263
STU_015193,79.519585
STU_015194,90.14231
STU_015195,85.384125
STU_015196,69.975555
STU_015197,73.721306
STU_015198,78.293396
STU_015199,72.82522
STU_015200,72.45282
STU_015201,83.89147
STU_015202,71.986176
STU_015203,66.09622
STU_015204,78.651436
STU_015205,81.61348
STU_015206,67.910255
STU_015207,83.82396
STU_015208,78.546036
STU_015209,81.40999
STU_015210,88.14909
STU_015211,49.585075
STU_015212,95.29302
STU_015213,71.85396
STU_015214,95.506454
STU_015215,76.15086
STU_015216,94.52762
STU_015217,59.328247
STU_015218,76.95889
STU_015219,74.009796
STU_015220,51.59323
STU_015221,86.05286
STU_015222,61.910706
STU_015223,87.60877
STU_015224,72.711754
STU_015225,76.02517
STU_015226,65.358055
STU_015227,66.86668
STU_015228,88.781654
STU_015229,69.662315
STU_015230,76.60986
STU_015231,98.856346
STU_015232,84.91054
STU_015233,92.79253
STU_015234,72.633446
STU_015235,64.6806
STU_015236,90.12095
STU_015237,84.62171
STU_015238,83.62244
STU_015239,92.5019
STU_015240,70.15197
STU_015241,45.855614
STU_015242,55.70622
STU_015243,80.35135
STU_015244,78.53789
STU_015245,67.44255
STU_015246,99.34306
STU_015247,82.62344
STU_015248,82.2917
STU_015249,71.25029
STU_015250,91.59256
STU_015251,66.84937
STU_015252,89.72171
STU_015253,86.070305
STU_015254,95.879654
STU_015255,66.37752
STU_015256,69.50872
STU_015257,73.401825
STU_015258,92.74595
STU_015259,88.24714
STU_015260,92.455475
STU_015261,81.31299
STU_015262,87.75528
STU_015263,84.8185
STU_015264,78.05787
STU_015265,97.31637
STU_015266,66.881325
STU_015267,79.370995
STU_015268,60.169083
STU_015269,57.901672
STU_015270,73.75082
STU_015271,80.824135
STU_015272,67.266716
STU_015273,88.37517
STU_015274,78.372406
STU_015275,48.153343
STU_015276,57.667152
STU_015277,69.86284
STU_015278,99.874825
STU_015279,53.294765
STU_015280,86.881256
STU_015281,97.39059
STU_015282,88.10791
STU_015283,81.66055
STU_015284,78.92085
STU_015285,50.369293
STU_015286,87.89658
STU_015287,73.97623
STU_015288,79.25965
STU_015289,59.996254
STU_015290,79.25107
STU_015291,74.572845
STU_015292,64.26807
STU_015293,60.013947
STU_015294,80.788124
STU_015295,75.04025
STU_015296,74.32178
STU_015297,85.293015
STU_015298,92.61251
STU_015299,70.826126
STU_015300,90.35037
STU_015301,77.35813
STU_015302,84.676476
STU_015303,61.555347
STU_015304,55.987377
STU_015305,64.382996
STU_015306,80.09479
STU_015307,95.44682
STU_015308,59.9621
STU_015309,70.622696
STU_015310,79.79346
STU_015311,66.55661
STU_015312,75.75926
STU_015313,57.29697
STU_015314,87.64438
STU_015315,79.543816
STU_015316,94.3348
STU_015317,74.888626
STU_015318,80.905426
STU_015319,70.821724
STU_015320,73.228455
STU_015321,63.43421
STU_015322,92.82645
STU_015323,77.86633
STU_015324,70.57197
STU_015325,80.41549
STU_015326,56.459305
STU_015327,73.81022
STU_015328,72.19649
STU_015329,71.099396
STU_015330,73.50855
STU_015331,57.542526
STU_015332,98.7236
STU_015333,73.94025
STU_015334,82.38377
STU_015335,94.42458
STU_015336,89.615814
STU_015337,65.98356
STU_015338,66.56562
STU_015339,69.56337
STU_015340,92.34532
STU_015341,80.83039
STU_015342,99.91399
STU_015343,87.98499
STU_015344,99.7899
STU_015345,97.57678
STU_015346,81.756584
STU_015347,87.4386
STU_015348,74.48696
STU_015349,75.64913
STU_015350,93.67121
STU_015351,98.72443
STU_015352,87.3469
STU_015353,76.06595
STU_015354,59.558456
STU_015355,59.762604
STU_015356,66.828514
STU_015357,70.74891
STU_015358,77.03067
STU_015359,82.95336
STU_015360,85.479324
STU_015361,86.90105
STU_015362,77.12
STU_015363,83.414024
STU_015364,89.74325
STU_015365,76.908134
STU_015366,95.4046
STU_015367,81.68265
STU_015368,73.134636
STU_015369,97.73819
STU_015370,91.70863
STU_015371,54.62676
STU_015372,64.28041
STU_015373,87.83177
STU_015374,87.99479
STU_015375,69.674515
STU_015376,74.07943
STU_015377,91.78931
STU_015378,71.25104
STU_015379,94.11793
STU_015380,85.10223
STU_015381,94.81061
STU_015382,91.647675
STU_015383,66.19982
STU_015384,78.50835
STU_015385,64.95466
STU_015386,77.26902
STU_015387,63.514317
STU_015388,73.28768
STU_015389,96.35943
STU_015390,51.693478
STU_015391,83.42755
STU_015392,96.90088
STU_015393,92.509735
STU_015394,77.24191
STU_015395,84.99741
STU_015396,73.91845
STU_015397,96.78386
STU_015398,71.39779
STU_015399,95.54449
STU_015400,92.0262
STU_015401,84.41088
STU_015402,73.98182
STU_015403,59.33123
STU_015404,81.392105
STU_015405,82.44994
STU_015406,84.23932
STU_015407,82.26215
STU_015408,43.924374
STU_015409,75.917725
STU_015410,68.48283
STU_015411,73.71969
STU_015412,70.39174
STU_015413,75.640854
STU_015414,72.8001
STU_015415,71.13527
STU_015416,86.615845
STU_015417,58.280357
STU_015418,85.62499
STU_015419,57.403603
STU_015420,67.15194
STU_015421,89.85461
STU_015422,78.05218
STU_015423,82.56971
STU_015424,98.76373
STU_015425,91.594055
STU_015426,63.03449
STU_015427,54.489796
STU_015428,76.10874
STU_015429,74.254196
STU_015430,44.413128
STU_015431,66.727684
STU_015432,84.464935
STU_015433,69.47941
STU_015434,64.18234
STU_015435,63.33471
STU_015436,84.10032
STU_015437,72.24174
STU_015438,88.43743
STU_015439,73.993805
STU_015440,78.83506
STU_015441,69.829056
STU_015442,85.14496
STU_015443,65.698364
STU_015444,72.941055
STU_015445,70.65259
STU_015446,71.41665
STU_015447,57.39965
STU_015448,44.700676
STU_015449,70.57457
STU_015450,87.93335
STU_015451,73.65951
STU_015452,84.4488
STU_015453,92.92724
STU_015454,83.66365
STU_015455,53.785526
STU_015456,72.12327
STU_015457,72.22429
STU_015458,61.418945
STU_015459,55.789494
STU_015460,99.79316
STU_015461,97.009224
STU_015462,72.83411
STU_015463,83.03196
STU_015464,63.024933
STU_015465,53.05648
STU_015466,90.2586
STU_015467,94.2722
STU_015468,60.69341
STU_015469,65.4915
STU_015470,90.953026
STU_015471,69.54291
STU_015472,93.44276
STU_015473,89.3943
STU_015474,99.4747
STU_015475,75.96009
STU_015476,74.32715
STU_015477,57.357807
STU_015478,55.653088
STU_015479,96.00647
STU_015480,64.012436
STU_015481,84.40606
STU_015482,57.00383
STU_015483,94.36035
STU_015484,69.599785
STU_015485,71.47669
STU_015486,84.09165
STU_015487,68.961845
STU_015488,76.559395
STU_015489,83.33005
STU_015490,84.53188
STU_015491,75.49198
STU_015492,63.94337
STU_015493,67.569725
STU_015494,64.117134
STU_015495,82.56674
STU_015496,71.57065
STU_015497,55.03448
STU_015498,65.32115
STU_015499,42.333588
STU_015500,71.64701
STU_015501,86.43324
STU_015502,58.981606
STU_015503,82.72816
STU_015504,80.342064
STU_015505,73.276505
STU_015506,72.787964
STU_015507,99.647995
STU_015508,99.4653
STU_015509,84.35586
STU_015510,89.16125
STU_015511,88.964
STU_015512,77.079666
STU_015513,77.42117
STU_015514,84.07132
STU_015515,76.46208
STU_015516,69.675705
STU_015517,98.32312
STU_015518,76.17443
STU_015519,56.980457
STU_015520,77.06303
STU_015521,83.44527
STU_015522,68.68528
STU_015523,66.66452
STU_015524,45.136692
STU_015525,75.005936
STU_015526,73.652405
STU_015527,75.76184
STU_015528,73.45922
STU_015529,84.21737
STU_015530,84.85308
STU_015531,84.84038
STU_015532,80.23505
STU_015533,55.301792
STU_015534,84.9562
STU_015535,84.77065
STU_015536,80.39923
STU_015537,72.21797
STU_015538,91.49162
STU_015539,66.68638
STU_015540,69.42038
STU_015541,72.14528
STU_015542,95.22218
STU_015543,74.78282
STU_015544,96.689674
STU_015545,73.73756
STU_015546,73.54795
STU_015547,60.213825
STU_015548,59.836216
STU_015549,92.34796
STU_015550,92.87496
STU_015551,79.278534
STU_015552,70.83485
STU_015553,43.248096
STU_015554,75.9457
STU_015555,73.26551
STU_015556,89.29297
STU_015557,81.180695
STU_015558,92.77585
STU_015559,88.83846
STU_015560,80.62363
STU_015561,87.95871
STU_015562,83.69804
STU_015563,68.949234
STU_015564,73.13086
STU_015565,66.75873
STU_015566,68.65525
STU_015567,78.65848
STU_015568,67.52281
STU_015569,70.789406
STU_015570,94.35256
STU_015571,65.61492
STU_015572,77.46598
STU_015573,83.52954
STU_015574,62.823883
STU_015575,55.40714
STU_015576,73.20387
STU_015577,71.61467
STU_015578,73.16064
STU_015579,75.70309
STU_015580,70.162575
STU_015581,77.82261
STU_015582,75.73316
STU_015583,95.810875
STU_015584,76.053406
STU_015585,86.95905
STU_015586,92.9233
STU_015587,57.21044
STU_015588,72.10382
STU_015589,81.99991
STU_015590,66.54174
STU_015591,58.470898
STU_015592,85.95497
STU_015593,60.79877
STU_015594,92.523125
STU_015595,91.1221
STU_015596,79.38432
STU_015597,91.76428
STU_015598,71.93034
STU_015599,55.856403
STU_015600,69.86854
STU_015601,53.353058
STU_015602,65.2428
STU_015603,75.75442
STU_015604,83.88994
STU_015605,61.252583
STU_015606,80.86143
STU_015607,68.030106
STU_015608,70.4368
STU_015609,72.0275
STU_015610,69.62289
STU_015611,87.886314
STU_015612,85.39459
STU_015613,94.52961
STU_015614,65.42066
STU_015615,70.93447
STU_015616,80.2851
STU_015617,64.45809
STU_015618,89.587944
STU_015619,64.71765
STU_015620,77.05991
STU_015621,68.03671
STU_015622,68.63909
STU_015623,88.40908
STU_015624,74.72176
STU_015625,81.34549
STU_015626,55.91422
STU_015627,99.92125
STU_015628,75.40747
STU_015629,69.64054
STU_015630,73.589966
STU_015631,64.69409
STU_015632,86.75659
STU_015633,87.73975
STU_015634,71.18809
STU_015635,96.131935
STU_015636,72.712585
STU_015637,58.11241
STU_015638,72.39688
STU_015639,94.24695
STU_015640,69.68081
STU_015641,59.180344
STU_015642,97.54858
STU_015643,83.60393
STU_015644,94.16392
STU_015645,57.30659
STU_015646,99.16944
STU_015647,68.33595
STU_015648,65.237076
STU_015649,81.30362
STU_015650,63.020664
STU_015651,51.59408
STU_015652,91.72045
STU_015653,73.899414
STU_015654,69.5335
STU_015655,99.77072
STU_015656,70.55327
STU_015657,72.90614
STU_015658,70.43773
STU_015659,72.147964
STU_015660,84.13281
STU_015661,46.0086
STU_015662,67.61322
STU_015663,84.06773
STU_015664,54.51691
STU_015665,73.694916
STU_015666,79.50604
STU_015667,97.51059
STU_015668,83.067505
STU_015669,77.993706
STU_015670,64.844444
STU_015671,90.14319
STU_015672,90.35938
STU_015673,85.857216
STU_015674,80.428856
STU_015675,90.389824
STU_015676,54.09565
STU_015677,82.35341
STU_015678,96.40189
STU_015679,73.05853
STU_015680,72.44311
STU_015681,81.68593
STU_015682,85.57306
STU_015683,70.43143
STU_015684,62.22704
STU_015685,85.08717
STU_015686,69.46895
STU_015687,81.98274
STU_015688,74.54281
STU_015689,63.85866
STU_015690,56.228157
STU_015691,99.06895
STU_015692,87.592415
STU_015693,78.04761
STU_015694,98.079605
STU_015695,95.30322
STU_015696,50.100044
STU_015697,62.504974
STU_015698,80.706184
STU_015699,96.001144
STU_015700,82.27665
STU_015701,69.645546
STU_015702,86.941536
STU_015703,81.17822
STU_015704,75.96128
STU_015705,79.51529
STU_015706,64.26994
STU_015707,72.41376
STU_015708,53.305412
STU_015709,66.778824
STU_015710,69.75177
STU_015711,72.785675
STU_015712,88.35763
STU_015713,83.64466
STU_015714,71.3338
STU_015715,90.78449
STU_015716,63.807575
STU_015717,62.02353
STU_015718,67.4438
STU_015719,60.333717
STU_015720,59.019295
STU_015721,65.36548
STU_015722,65.975815
STU_015723,74.84288
STU_015724,96.16504
STU_015725,90.42124
STU_015726,82.64788
STU_015727,67.6937
STU_015728,83.93333
STU_015729,95.90518
STU_015730,69.18196
STU_015731,80.66666
STU_015732,58.84865
STU_015733,63.181286
STU_015734,66.60842
STU_015735,58.00133
STU_015736,92.71827
STU_015737,74.47932
STU_015738,63.819424
STU_015739,70.727646
STU_015740,97.33655
STU_015741,62.79966
STU_015742,71.89538
STU_015743,90.61001
STU_015744,64.009415
STU_015745,77.541954
STU_015746,68.72473
STU_015747,92.59434
STU_015748,57.320873
STU_015749,88.46486
STU_015750,60.26684
STU_015751,79.55273
STU_015752,70.3275
STU_015753,75.831215
STU_015754,79.37688
STU_015755,91.88609
STU_015756,82.27102
STU_015757,91.85735
STU_015758,99.77825
STU_015759,81.460495
STU_015760,59.91128
STU_015761,84.34652
STU_015762,69.09996
STU_015763,68.225975
STU_015764,79.83043
STU_015765,79.10193
STU_015766,78.77506
STU_015767,82.56434
STU_015768,69.14008
STU_015769,76.69893
STU_015770,66.75048
STU_015771,91.80936
STU_015772,63.774677
STU_015773,58.145058
STU_015774,93.73172
STU_015775,72.63735
STU_015776,66.990715
STU_015777,68.129395
STU_015778,58.62715
STU_015779,57.751537
STU_015780,83.782036
STU_015781,69.00101
STU_015782,86.82091
STU_015783,66.95816
STU_015784,75.27046
STU_015785,68.500374
STU_015786,71.747505
STU_015787,77.10938
STU_015788,77.56019
STU_015789,54.611588
STU_015790,60.24043
STU_015791,71.907196
STU_015792,77.973755
STU_015793,86.70937
STU_015794,91.08039
STU_015795,67.549255
STU_015796,87.78892
STU_015797,83.27293
STU_015798,88.65791
STU_015799,88.95115
STU_015800,62.075638
STU_015801,76.23745
STU_015802,55.790943
STU_015803,71.166595
STU_015804,73.65322
STU_015805,54.654427
STU_015806,91.65346
STU_015807,75.791435
STU_015808,67.241844
STU_015809,56.11148
STU_015810,89.47445
STU_015811,95.34321
STU_015812,91.91481
STU_015813,95.94666
STU_015814,69.09564
STU_015815,61.79903
STU_015816,86.39955
STU_015817,72.924576
STU_015818,70.93145
STU_015819,58.06005
STU_015820,73.39407
STU_015821,73.24159
STU_015822,66.52385
STU_015823,75.91207
STU_015824,84.55128
STU_015825,53.823933
STU_015826,52.57414
STU_015827,62.416508
STU_015828,75.147995
STU_015829,86.340126
STU_015830,90.79743
STU_015831,76.000374
STU_015832,90.52278
STU_015833,94.15423
STU_015834,48.5321
STU_015835,76.87419
STU_015836,81.642296
STU_015837,66.54988
STU_015838,72.00238
STU_015839,90.19841
STU_015840,66.49689
STU_015841,61.85559
STU_015842,87.34092
STU_015843,85.181725
STU_015844,88.55284
STU_015845,69.464615
STU_015846,64.01401
STU_015847,74.74333
STU_015848,83.670204
STU_015849,98.40768
STU_015850,59.529198
STU_015851,78.59897
STU_015852,64.48116
STU_015853,78.66632
STU_015854,93.57013
STU_015855,91.762215
STU_015856,72.848564
STU_015857,82.79221
STU_015858,64.71354
STU_015859,71.09485
STU_015860,67.63701
STU_015861,74.08985
STU_015862,71.32142
STU_015863,96.64427
STU_015864,54.336823
STU_015865,59.402042
STU_015866,75.786415
STU_015867,44.1667
STU_015868,70.91891
STU_015869,87.17245
STU_015870,76.34242
STU_015871,73.7465
STU_015872,52.480396
STU_015873,99.49009
STU_015874,74.920364
STU_015875,90.68079
STU_015876,65.09459
STU_015877,94.77852
STU_015878,81.56243
STU_015879,95.16954
STU_015880,77.75101
STU_015881,94.72821
STU_015882,68.95357
STU_015883,80.66687
STU_015884,91.00064
STU_015885,63.61413
STU_015886,95.42064
STU_015887,96.90136
STU_015888,64.43204
STU_015889,87.98835
STU_015890,95.199
STU_015891,82.135315
STU_015892,58.908615
STU_015893,58.646545
STU_015894,50.88332
STU_015895,60.180363
STU_015896,75.65264
STU_015897,92.14987
STU_015898,70.8954
STU_015899,89.33954
STU_015900,74.558914
STU_015901,75.169464
STU_015902,74.21893
STU_015903,82.33433
STU_015904,75.645226
STU_015905,91.485664
STU_015906,68.94943
STU_015907,99.21521
STU_015908,64.84758
STU_015909,73.287704
STU_015910,78.34742
STU_015911,63.81908
STU_015912,68.124565
STU_015913,64.27207
STU_015914,68.48213
STU_015915,83.64957
STU_015916,64.526085
STU_015917,51.27886
STU_015918,79.25779
STU_015919,85.9594
STU_015920,79.87342
STU_015921,93.49809
STU_015922,55.702854
STU_015923,86.869095
STU_015924,74.86441
STU_015925,71.422806
STU_015926,77.44118
STU_015927,68.373
STU_015928,73.94245
STU_015929,86.310745
STU_015930,58.229065
STU_015931,57.377995
STU_015932,82.01175
STU_015933,74.82521
STU_015934,70.548035
STU_015935,99.32586
STU_015936,99.619774
STU_015937,83.55682
STU_015938,86.55516
STU_015939,71.37753
STU_015940,93.33143
STU_015941,70.436
STU_015942,94.17413
STU_015943,88.02416
STU_015944,99.82891
STU_015945,73.29162
STU_015946,74.898254
STU_015947,71.994835
STU_015948,64.774185
STU_015949,59.871407
STU_015950,95.86654
STU_015951,71.71515
STU_015952,75.94598
STU_015953,63.335308
STU_015954,76.728714
STU_015955,74.014694
STU_015956,77.07563
STU_015957,50.13598
STU_015958,71.24565
STU_015959,88.22653
STU_015960,67.10799
STU_015961,90.06829
STU_015962,82.85271
STU_015963,74.49462
STU_015964,66.21252
STU_015965,80.20629
STU_015966,53.48048
STU_015967,76.099106
STU_015968,85.121796
STU_015969,63.611237
STU_015970,68.33338
STU_015971,68.5516
STU_015972,81.19406
STU_015973,66.78817
STU_015974,97.71716
STU_015975,55.140865
STU_015976,56.22338
STU_015977,62.31143
STU_015978,72.524734
STU_015979,83.28518
STU_015980,90.953926
STU_015981,88.05064
STU_015982,91.47506
STU_015983,85.0981
STU_015984,91.952644
STU_015985,72.17125
STU_015986,46.85543
STU_015987,68.174034
STU_015988,61.47032
STU_015989,73.35386
STU_015990,53.14986
STU_015991,80.51439
STU_015992,48.135326
STU_015993,76.00419
STU_015994,70.575066
STU_015995,98.6042
STU_015996,80.87905
STU_015997,64.26346
STU_015998,84.65692
STU_015999,88.37814
STU_016000,82.69573
STU_016001,88.045876
STU_016002,90.85805
STU_016003,93.89831
STU_016004,86.12537
STU_016005,53.282898
STU_016006,66.55092
STU_016007,76.749626
STU_016008,91.21181
STU_016009,54.1008
STU_016010,73.266426
STU_016011,88.57196
STU_016012,71.45339
STU_016013,67.83321
STU_016014,95.1265
STU_016015,51.23416
STU_016016,94.92042
STU_016017,80.60962
STU_016018,77.67978
STU_016019,69.47372
STU_016020,88.5581
STU_016021,99.24003
STU_016022,64.81202
STU_016023,98.65566
STU_016024,75.824875
STU_016025,93.37606
STU_016026,59.72101
STU_016027,63.884525
STU_016028,71.1734
STU_016029,76.84688
STU_016030,95.603165
STU_016031,91.020485
STU_016032,91.176216
STU_016033,86.80649
STU_016034,79.972176
STU_016035,67.25271
STU_016036,99.69452
STU_016037,81.01481
STU_016038,72.317696
STU_016039,70.19065
STU_016040,91.11423
STU_016041,90.54679
STU_016042,79.643715
STU_016043,85.96391
STU_016044,84.731094
STU_016045,83.29312
STU_016046,62.904217
STU_016047,93.46693
STU_016048,61.172905
STU_016049,71.217705
STU_016050,70.764206
STU_016051,76.54867
STU_016052,91.34578
STU_016053,73.654434
STU_016054,67.71308
STU_016055,82.18592
STU_016056,68.48295
STU_016057,73.32015
STU_016058,78.04922
STU_016059,75.25297
STU_016060,75.195854
STU_016061,56.805286
STU_016062,68.45284
STU_016063,78.7072
STU_016064,68.29294
STU_016065,74.75571
STU_016066,89.6381
STU_016067,60.435497
STU_016068,95.91438
STU_016069,77.599724
STU_016070,71.16293
STU_016071,70.498116
STU_016072,82.78247
STU_016073,79.790764
STU_016074,85.32308
STU_016075,94.877235
STU_016076,62.64736
STU_016077,68.476715
STU_016078,83.20889
STU_016079,88.83096
STU_016080,68.85497
STU_016081,64.92071
STU_016082,83.598206
STU_016083,98.16811
STU_016084,75.41199
STU_016085,56.660507
STU_016086,93.59194
STU_016087,72.8207
STU_016088,73.10569
STU_016089,81.78309
STU_016090,88.15829
STU_016091,60.25445
STU_016092,67.04987
STU_016093,75.26067
STU_016094,71.901665
STU_016095,75.03044
STU_016096,86.484146
STU_016097,69.08765
STU_016098,60.516125
STU_016099,81.80776
STU_016100,80.7828
STU_016101,61.463238
STU_016102,79.329865
STU_016103,54.475983
STU_016104,81.00337
STU_016105,67.19847
STU_016106,64.05543
STU_016107,77.35706
STU_016108,65.19017
STU_016109,67.28153
STU_016110,68.48197
STU_016111,83.314156
STU_016112,77.12689
STU_016113,61.280647
STU_016114,75.46461
STU_016115,92.523445
STU_016116,97.647606
STU_016117,78.161995
STU_016118,71.950325
STU_016119,82.699265
STU_016120,82.92601
STU_016121,66.04874
STU_016122,72.03344
STU_016123,89.350395
STU_016124,95.35696
STU_016125,94.41882
STU_016126,80.37401
STU_016127,81.139435
STU_016128,94.06152
STU_016129,67.54727
STU_016130,97.5094
STU_016131,87.57177
STU_016132,74.13687
STU_016133,75.46455
STU_016134,75.06377
STU_016135,59.934788
STU_016136,93.26287
STU_016137,71.612785
STU_016138,74.638214
STU_016139,93.17388
STU_016140,84.715744
STU_016141,84.08765
STU_016142,71.92698
STU_016143,57.97077
STU_016144,74.634056
STU_016145,75.19051
STU_016146,81.309784
STU_016147,86.924866
STU_016148,60.06141
STU_016149,54.57905
STU_016150,88.20486
STU_016151,60.7591
STU_016152,76.8681
STU_016153,64.68196
STU_016154,77.388916
STU_016155,86.048355
STU_016156,62.213444
STU_016157,82.990204
STU_016158,98.77581
STU_016159,64.464874
STU_016160,73.79732
STU_016161,75.13079
STU_016162,93.225815
STU_016163,74.43192
STU_016164,62.61443
STU_016165,92.5993
STU_016166,61.680943
STU_016167,76.56592
STU_016168,89.01338
STU_016169,94.562836
STU_016170,90.77155
STU_016171,71.50123
STU_016172,62.15359
STU_016173,67.94752
STU_016174,63.1722
STU_016175,87.69474
STU_016176,76.95938
STU_016177,75.26985
STU_016178,77.414536
STU_016179,74.684654
STU_016180,55.391632
STU_016181,93.654945
STU_016182,57.1805
STU_016183,80.179596
STU_016184,71.35597
STU_016185,99.710884
STU_016186,54.306286
STU_016187,96.629135
STU_016188,77.164375
STU_016189,81.756355
STU_016190,79.854164
STU_016191,54.8662
STU_016192,61.53431
STU_016193,79.44663
STU_016194,85.70829
STU_016195,86.15305
STU_016196,61.56468
STU_016197,91.791145
STU_016198,73.56778
STU_016199,73.568184
STU_016200,67.13057
STU_016201,69.70095
STU_016202,62.49184
STU_016203,68.691895
STU_016204,65.70191
STU_016205,57.74309
STU_016206,69.29403
STU_016207,51.558254
STU_016208,72.17175
STU_016209,71.1754
STU_016210,62.184498
STU_016211,72.11039
STU_016212,68.5357
STU_016213,89.94559
STU_016214,60.700092
STU_016215,71.37873
STU_016216,61.500008
STU_016217,71.86196
STU_016218,94.525635
STU_016219,86.386665
STU_016220,90.13077
STU_016221,68.82149
STU_016222,69.00805
STU_016223,65.97294
STU_016224,94.19039
STU_016225,80.80455
STU_016226,79.89849
STU_016227,74.56726
STU_016228,69.443115
STU_016229,66.71884
STU_016230,65.708855
STU_016231,94.6395
STU_016232,96.47579
STU_016233,51.757324
STU_016234,89.84227
STU_016235,61.979206
STU_016236,69.61534
STU_016237,72.71162
STU_016238,85.76326
STU_016239,65.93401
STU_016240,88.35961
STU_016241,87.71839
STU_016242,72.71323
STU_016243,79.3125
STU_016244,78.57778
STU_016245,76.11733
STU_016246,66.925575
STU_016247,72.08768
STU_016248,73.71631
STU_016249,69.40166
STU_016250,95.16997
STU_016251,55.13362
STU_016252,87.4696
STU_016253,87.835106
STU_016254,82.95651
STU_016255,79.05399
STU_016256,46.07785
STU_016257,82.2284
STU_016258,85.67075
STU_016259,72.78079
STU_016260,73.517944
STU_016261,92.024734
STU_016262,74.102875
STU_016263,56.17921
STU_016264,52.01183
STU_016265,94.067116
STU_016266,85.20274
STU_016267,70.82141
STU_016268,82.410126
STU_016269,98.27669
STU_016270,73.11104
STU_016271,70.85055
STU_016272,83.22185
STU_016273,69.22474
STU_016274,59.26419
STU_016275,73.13304
STU_016276,60.416817
STU_016277,88.46503
STU_016278,85.81498
STU_016279,80.340195
STU_016280,72.571
STU_016281,84.61486
STU_016282,79.15489
STU_016283,64.83297
STU_016284,84.12424
STU_016285,63.41967
STU_016286,54.742153
STU_016287,72.96193
STU_016288,87.0525
STU_016289,80.5385
STU_016290,68.425964
STU_016291,80.13632
STU_016292,73.81009
STU_016293,77.62792
STU_016294,71.29202
STU_016295,82.52192
STU_016296,71.11931
STU_016297,83.80954
STU_016298,50.755188
STU_016299,67.431175
STU_016300,67.48741
STU_016301,58.531353
STU_016302,73.1002
STU_016303,74.40838
STU_016304,82.8455
STU_016305,95.830246
STU_016306,84.74758
STU_016307,71.09918
STU_016308,64.62712
STU_016309,90.40294
STU_016310,81.31258
STU_016311,58.758034
STU_016312,62.0813
STU_016313,99.42491
STU_016314,90.06175
STU_016315,62.45553
STU_016316,93.35008
STU_016317,84.77389
STU_016318,72.38204
STU_016319,69.12581
STU_016320,61.768623
STU_016321,65.615036
STU_016322,91.3135
STU_016323,67.72318
STU_016324,57.642628
STU_016325,81.876434
STU_016326,67.34688
STU_016327,86.46243
STU_016328,71.053474
STU_016329,67.46937
STU_016330,69.184494
STU_016331,74.27577
STU_016332,81.133446
STU_016333,90.26244
STU_016334,64.88546
STU_016335,77.4329
STU_016336,67.92512
STU_016337,63.477814
STU_016338,75.67025
STU_016339,82.25254
STU_016340,89.7449
STU_016341,79.51909
STU_016342,74.00645
STU_016343,72.46197
STU_016344,89.023605
STU_016345,84.37245
STU_016346,78.435005
STU_016347,51.06171
STU_016348,68.17047
STU_016349,84.082794
STU_016350,61.633827
STU_016351,71.275696
STU_016352,73.55315
STU_016353,74.938675
STU_016354,53.705704
STU_016355,77.35542
STU_016356,66.60038
STU_016357,62.6512
STU_016358,76.646454
STU_016359,81.14066
STU_016360,76.25262
STU_016361,76.05849
STU_016362,80.06886
STU_016363,67.90981
STU_016364,73.31522
STU_016365,76.205956
STU_016366,72.07672
STU_016367,69.142456
STU_016368,58.045612
STU_016369,66.9796
STU_016370,46.838245
STU_016371,60.04746
STU_016372,88.1927
STU_016373,81.369896
STU_016374,72.69999
STU_016375,79.96097
STU_016376,89.60234
STU_016377,60.4203
STU_016378,84.730125
STU_016379,59.54354
STU_016380,92.64937
STU_016381,64.70903
STU_016382,74.377846
STU_016383,56.18896
STU_016384,87.453445
STU_016385,91.3641
STU_016386,69.607666
STU_016387,67.58209
STU_016388,64.21265
STU_016389,71.98203
STU_016390,76.78762
STU_016391,99.004
STU_016392,82.67249
STU_016393,76.90556
STU_016394,97.35496
STU_016395,69.1288
STU_016396,90.84555
STU_016397,63.01167
STU_016398,63.623188
STU_016399,65.66641
STU_016400,84.307816
STU_016401,74.215126
STU_016402,93.6805
STU_016403,64.92483
STU_016404,69.970085
STU_016405,71.86633
STU_016406,65.929184
STU_016407,91.16774
STU_016408,86.093544
STU_016409,57.08846
STU_016410,61.474625
STU_016411,58.150158
STU_016412,49.39961
STU_016413,72.40811
STU_016414,88.74959
STU_016415,85.378136
STU_016416,76.70983
STU_016417,79.531555
STU_016418,99.71481
STU_016419,73.60806
STU_016420,62.877583
STU_016421,63.722588
STU_016422,62.515446
STU_016423,94.99563
STU_016424,75.225174
STU_016425,79.08209
STU_016426,76.91008
STU_016427,78.32839
STU_016428,98.7563
STU_016429,74.85243
STU_016430,84.354454
STU_016431,94.045235
STU_016432,54.41399
STU_016433,64.25159
STU_016434,59.731846
STU_016435,80.64072
STU_016436,94.39196
STU_016437,83.019966
STU_016438,79.02798
STU_016439,71.8649
STU_016440,62.999958
STU_016441,91.63315
STU_016442,91.52264
STU_016443,67.70196
STU_016444,76.87053
STU_016445,72.753975
STU_016446,69.10821
STU_016447,65.610794
STU_016448,74.85418
STU_016449,80.61585
STU_016450,66.12306
STU_016451,88.23201
STU_016452,86.18935
STU_016453,64.216324
STU_016454,67.98971
STU_016455,49.54579
STU_016456,70.19195
STU_016457,90.916214
STU_016458,76.92917
STU_016459,75.931435
STU_016460,78.793625
STU_016461,56.783184
STU_016462,85.6904
STU_016463,81.154655
STU_016464,79.05382
STU_016465,78.59079
STU_016466,71.526
STU_016467,79.66017
STU_016468,61.075512
STU_016469,58.08236
STU_016470,74.044106
STU_016471,60.331074
STU_016472,67.25579
STU_016473,70.85474
STU_016474,66.296745
STU_016475,99.60408
STU_016476,93.065704
STU_016477,93.94497
STU_016478,90.272095
STU_016479,61.892704
STU_016480,71.76135
STU_016481,69.64357
STU_016482,71.916016
STU_016483,86.990265
STU_016484,66.10319
STU_016485,77.18004
STU_016486,89.41596
STU_016487,72.81427
STU_016488,78.042946
STU_016489,89.342186
STU_016490,68.27165
STU_016491,87.48669
STU_016492,92.24371
STU_016493,86.17082
STU_016494,72.72548
STU_016495,48.186985
STU_016496,88.80334
STU_016497,49.127975
STU_016498,61.553513
STU_016499,71.01356
STU_016500,70.978806
STU_016501,73.16218
STU_016502,78.86921
STU_016503,60.580353
STU_016504,73.33589
STU_016505,86.97265
STU_016506,74.58167
STU_016507,67.624954
STU_016508,90.05449
STU_016509,42.83158
STU_016510,72.68928
STU_016511,68.619804
STU_016512,71.777115
STU_016513,55.354683
STU_016514,90.49099
STU_016515,61.260582
STU_016516,58.974823
STU_016517,76.25502
STU_016518,80.59857
STU_016519,77.615005
STU_016520,64.24922
STU_016521,98.9857
STU_016522,52.229244
STU_016523,73.174446
STU_016524,67.49985
STU_016525,50.61744
STU_016526,99.876625
STU_016527,59.374195
STU_016528,70.30526
STU_016529,70.79874
STU_016530,76.89052
STU_016531,93.58951
STU_016532,97.55959
STU_016533,77.903046
STU_016534,90.76487
STU_016535,66.45211
STU_016536,86.457954
STU_016537,79.41611
STU_016538,61.213604
STU_016539,74.71158
STU_016540,81.06715
STU_016541,99.31183
STU_016542,54.753834
STU_016543,63.48853
STU_016544,88.15904
STU_016545,92.83381
STU_016546,67.80909
STU_016547,99.93779
STU_016548,97.14471
STU_016549,89.99651
STU_016550,64.99716
STU_016551,81.60168
STU_016552,86.29597
STU_016553,70.19957
STU_016554,87.59171
STU_016555,73.09257
STU_016556,80.2161
STU_016557,72.48144
STU_016558,74.17661
STU_016559,75.30963
STU_016560,67.851166
STU_016561,80.30646
STU_016562,77.40515
STU_016563,74.5544
STU_016564,69.7706
STU_016565,76.04321
STU_016566,83.63316
STU_016567,70.16462
STU_016568,69.74591
STU_016569,55.904324
STU_016570,72.88101
STU_016571,90.84427
STU_016572,62.159283
STU_016573,58.98751
STU_016574,99.42671
STU_016575,69.49968
STU_016576,80.55596
STU_016577,89.004005
STU_016578,90.91909
STU_016579,91.694305
STU_016580,84.386086
STU_016581,92.63759
STU_016582,66.26115
STU_016583,84.848625
STU_016584,92.42319
STU_016585,89.676575
STU_016586,74.597595
STU_016587,78.46012
STU_016588,71.96339
STU_016589,70.084755
STU_016590,76.725494
STU_016591,55.285122
STU_016592,76.5972
STU_016593,82.16271
STU_016594,46.67004
STU_016595,68.388
STU_016596,87.85025
STU_016597,55.761265
STU_016598,84.58707
STU_016599,51.692432
STU_016600,54.823074
STU_016601,75.64165
STU_016602,60.99131
STU_016603,53.77259
STU_016604,82.30437
STU_016605,93.706085
STU_016606,73.33576
STU_016607,43.74284
STU_016608,86.094604
STU_016609,73.571075
STU_016610,82.2799
STU_016611,61.146313
STU_016612,98.18832
STU_016613,78.99585
STU_016614,69.43512
STU_016615,93.527115
STU_016616,83.010994
STU_016617,88.79613
STU_016618,72.30207
STU_016619,92.44086
STU_016620,56.65269
STU_016621,75.12443
STU_016622,80.55949
STU_016623,76.612625
STU_016624,98.76212
STU_016625,79.05239
STU_016626,59.40975
STU_016627,98.13008
STU_016628,88.38051
STU_016629,60.20959
STU_016630,71.1326
STU_016631,70.50357
STU_016632,62.31637
STU_016633,72.6614
STU_016634,64.94261
STU_016635,96.6567
STU_016636,82.22092
STU_016637,67.186165
STU_016638,65.2178
STU_016639,60.129524
STU_016640,98.05369
STU_016641,78.81804
STU_016642,58.78153
STU_016643,70.91994
STU_016644,74.96632
STU_016645,75.7477
STU_016646,82.31212
STU_016647,69.08208
STU_016648,75.010056
STU_016649,84.65569
STU_016650,87.957985
STU_016651,78.731766
STU_016652,88.38787
STU_016653,81.28991
STU_016654,88.628075
STU_016655,70.95863
STU_016656,78.28344
STU_016657,82.022896
STU_016658,95.045845
STU_016659,82.51949
STU_016660,94.32704
STU_016661,65.68736
STU_016662,70.93932
STU_016663,84.08713
STU_016664,68.03029
STU_016665,79.30679
STU_016666,67.71271
STU_016667,68.28661
STU_016668,95.81551
STU_016669,71.48542
STU_016670,84.81133
STU_016671,93.337875
STU_016672,81.45047
STU_016673,67.95704
STU_016674,77.050476
STU_016675,68.58549
STU_016676,98.086464
STU_016677,91.50189
STU_016678,85.62793
STU_016679,90.033104
STU_016680,54.252254
STU_016681,99.21965
STU_016682,92.47658
STU_016683,71.12175
STU_016684,68.039665
STU_016685,73.08282
STU_016686,73.78264
STU_016687,95.51587
STU_016688,63.542965
STU_016689,71.43057
STU_016690,59.58963
STU_016691,80.88758
STU_016692,79.176315
STU_016693,64.70888
STU_016694,85.87239
STU_016695,81.8445
STU_016696,78.12991
STU_016697,72.47
STU_016698,80.50345
STU_016699,66.49561
STU_016700,70.560265
STU_016701,77.623344
STU_016702,82.06115
STU_016703,93.96311
STU_016704,82.82557
STU_016705,87.2612
STU_016706,74.26635
STU_016707,84.84329
STU_016708,92.87986
STU_016709,51.52173
STU_016710,75.48826
STU_016711,66.725914
STU_016712,47.19718
STU_016713,94.78132
STU_016714,93.37555
STU_016715,63.868443
STU_016716,67.48622
STU_016717,90.6714
STU_016718,53.937973
STU_016719,89.93397
STU_016720,92.36596
STU_016721,79.38978
STU_016722,72.69916
STU_016723,75.828896
STU_016724,77.15239
STU_016725,67.511665
STU_016726,58.756413
STU_016727,70.02679
STU_016728,56.452606
STU_016729,82.11543
STU_016730,84.466515
STU_016731,61.21431
STU_016732,86.619064
STU_016733,87.258865
STU_016734,61.4184
STU_016735,82.43474
STU_016736,63.557854
STU_016737,68.84847
STU_016738,75.99914
STU_016739,86.98692
STU_016740,69.39953
STU_016741,79.7397
STU_016742,88.117004
STU_016743,76.949455
STU_016744,57.590965
STU_016745,69.71271
STU_016746,53.18478
STU_016747,79.47951
STU_016748,77.06198
STU_016749,56.095062
STU_016750,82.95907
STU_016751,85.79944
STU_016752,59.32216
STU_016753,75.383804
STU_016754,99.78448
STU_016755,74.15799
STU_016756,84.15158
STU_016757,82.57528
STU_016758,54.942738
STU_016759,96.18882
STU_016760,73.768715
STU_016761,82.310135
STU_016762,74.74577
STU_016763,82.791046
STU_016764,65.630066
STU_016765,91.17467
STU_016766,94.51472
STU_016767,81.645096
STU_016768,89.75494
STU_016769,55.92576
STU_016770,57.790134
STU_016771,62.07123
STU_016772,95.86801
STU_016773,69.90402
STU_016774,80.165955
STU_016775,66.73587
STU_016776,92.569725
STU_016777,49.40801
STU_016778,73.52738
STU_016779,71.1517
STU_016780,75.098274
STU_016781,49.14996
STU_016782,80.78737
STU_016783,70.27758
STU_016784,99.20923
STU_016785,93.58986
STU_016786,71.61972
STU_016787,62.748817
STU_016788,90.06801
STU_016789,75.22212
STU_016790,80.86801
STU_016791,69.32501
STU_016792,75.05735
STU_016793,81.75671
STU_016794,77.34921
STU_016795,72.14499
STU_016796,87.66102
STU_016797,68.45974
STU_016798,73.26953
STU_016799,87.44001
STU_016800,65.22415
STU_016801,59.58992
STU_016802,69.247
STU_016803,88.42438
STU_016804,91.94756
STU_016805,55.509914
STU_016806,78.31582
STU_016807,73.77952
STU_016808,84.911705
STU_016809,86.646095
STU_016810,54.403233
STU_016811,74.851875
STU_016812,71.473625
STU_016813,73.48215
STU_016814,91.38575
STU_016815,65.776794
STU_016816,72.41382
STU_016817,96.63295
STU_016818,56.82283
STU_016819,90.34293
STU_016820,83.648926
STU_016821,77.17304
STU_016822,69.172646
STU_016823,99.638084
STU_016824,80.897514
STU_016825,79.778625
STU_016826,72.56405
STU_016827,80.09779
STU_016828,72.38581
STU_016829,77.09288
STU_016830,75.098816
STU_016831,89.46651
STU_016832,64.01223
STU_016833,63.95415
STU_016834,82.53637
STU_016835,77.55593
STU_016836,82.314995
STU_016837,94.46061
STU_016838,92.6143
STU_016839,64.81857
STU_016840,81.398094
STU_016841,90.046974
STU_016842,70.91106
STU_016843,72.57149
STU_016844,81.92976
STU_016845,69.98566
STU_016846,71.81106
STU_016847,80.57203
STU_016848,59.26593
STU_016849,75.35419
STU_016850,74.68726
STU_016851,66.4326
STU_016852,92.665504
STU_016853,80.31176
STU_016854,87.66504
STU_016855,79.92776
STU_016856,93.39436
STU_016857,70.96239
STU_016858,56.92585
STU_016859,98.9701
STU_016860,99.133255
STU_016861,76.040924
STU_016862,94.74151
STU_016863,94.27353
STU_016864,52.669205
STU_016865,84.46863
STU_016866,71.891624
STU_016867,88.674194
STU_016868,74.523094
STU_016869,95.747444
STU_016870,64.50278
STU_016871,62.237106
STU_016872,72.18346
STU_016873,92.780235
STU_016874,72.257416
STU_016875,85.96215
STU_016876,62.328716
STU_016877,99.50097
STU_016878,61.17056
STU_016879,95.44382
STU_016880,87.976166
STU_016881,66.06744
STU_016882,75.89962
STU_016883,88.24784
STU_016884,73.17348
STU_016885,92.379234
STU_016886,82.251854
STU_016887,70.18577
STU_016888,85.16534
STU_016889,71.064064
STU_016890,73.165184
STU_016891,65.01509
STU_016892,81.54842
STU_016893,66.18552
STU_016894,84.16315
STU_016895,67.24202
STU_016896,67.06464
STU_016897,53.69675
STU_016898,98.782486
STU_016899,81.61412
STU_016900,94.33574
STU_016901,77.69904
STU_016902,94.152016
STU_016903,79.074295
STU_016904,87.20733
STU_016905,80.451584
STU_016906,71.756355
STU_016907,86.54213
STU_016908,68.539215
STU_016909,93.76725
STU_016910,70.67458
STU_016911,73.66345
STU_016912,69.882256
STU_016913,56.28207
STU_016914,87.71405
STU_016915,90.4157
STU_016916,74.769554
STU_016917,75.42654
STU_016918,47.575256
STU_016919,69.25374
STU_016920,70.04753
STU_016921,72.96315
STU_016922,70.88771
STU_016923,87.3211
STU_016924,56.383915
STU_016925,76.428955
STU_016926,74.71085
STU_016927,62.065052
STU_016928,71.44243
STU_016929,64.88702
STU_016930,88.72404
STU_016931,47.81996
STU_016932,87.46587
STU_016933,86.70649
STU_016934,62.13232
STU_016935,73.15858
STU_016936,60.697628
STU_016937,72.94363
STU_016938,87.98529
STU_016939,91.663666
STU_016940,84.45525
STU_016941,65.32665
STU_016942,79.65641
STU_016943,73.063614
STU_016944,85.33196
STU_016945,93.8883
STU_016946,76.54645
STU_016947,73.68666
STU_016948,75.13573
STU_016949,63.013954
STU_016950,72.796135
STU_016951,97.712296
STU_016952,61.082508
STU_016953,64.33761
STU_016954,71.194145
STU_016955,87.322464
STU_016956,94.65967
STU_016957,67.680756
STU_016958,78.61953
STU_016959,95.34456
STU_016960,82.586
STU_016961,69.26377
STU_016962,73.383865
STU_016963,98.172806
STU_016964,91.354095
STU_016965,90.42789
STU_016966,75.56648
STU_016967,87.93905
STU_016968,92.46733
STU_016969,63.33116
STU_016970,78.54868
STU_016971,58.629837
STU_016972,92.762695
STU_016973,70.465225
STU_016974,80.219
STU_016975,60.842896
STU_016976,69.06405
STU_016977,89.63312
STU_016978,65.43307
STU_016979,53.925793
STU_016980,82.831604
STU_016981,57.296844
STU_016982,74.454994
STU_016983,63.66353
STU_016984,64.62098
STU_016985,97.80042
STU_016986,87.4605
STU_016987,81.78085
STU_016988,71.547844
STU_016989,85.79025
STU_016990,75.17118
STU_016991,61.792854
STU_016992,78.4991
STU_016993,76.2271
STU_016994,65.40918
STU_016995,68.6478
STU_016996,95.088875
STU_016997,81.28239
STU_016998,94.45019
STU_016999,97.45515
STU_017000,82.88754
STU_017001,83.8428
STU_017002,94.99754
STU_017003,94.835014
STU_017004,66.83149
STU_017005,80.97499
STU_017006,81.90318
STU_017007,67.89342
STU_017008,75.715866
STU_017009,84.53578
STU_017010,73.12833
STU_017011,54.039433
STU_017012,53.77943
STU_017013,96.19512
STU_017014,71.16156
STU_017015,81.687256
STU_017016,87.41073
STU_017017,62.88079
STU_017018,79.630135
STU_017019,54.897125
STU_017020,70.994835
STU_017021,81.51524
STU_017022,69.49382
STU_017023,61.59786
STU_017024,59.057983
STU_017025,66.304756
STU_017026,78.01581
STU_017027,83.3329
STU_017028,71.815125
STU_017029,94.92158
STU_017030,91.617966
STU_017031,55.67172
STU_017032,94.71971
STU_017033,87.698074
STU_017034,78.94994
STU_017035,76.757
STU_017036,88.063705
STU_017037,91.67083
STU_017038,98.23249
STU_017039,90.04772
STU_017040,98.21101
STU_017041,57.675396
STU_017042,81.370186
STU_017043,74.64211
STU_017044,98.74219
STU_017045,92.29975
STU_017046,88.83485
STU_017047,94.296524
STU_017048,68.72957
STU_017049,83.69435
STU_017050,69.88903
STU_017051,74.87184
STU_017052,94.22744
STU_017053,79.4535
STU_017054,88.30042
STU_017055,85.48603
STU_017056,81.95276
STU_017057,97.51045
STU_017058,75.54556
STU_017059,60.69458
STU_017060,65.6942
STU_017061,92.48187
STU_017062,59.38055
STU_017063,79.53001
STU_017064,65.92349
STU_017065,89.77446
STU_017066,67.315285
STU_017067,96.256
STU_017068,68.23078
STU_017069,81.26661
STU_017070,81.61687
STU_017071,70.49404
STU_017072,70.69022
STU_017073,87.00515
STU_017074,85.798294
STU_017075,92.76799
STU_017076,56.371765
STU_017077,88.723404
STU_017078,70.58753
STU_017079,66.93894
STU_017080,56.45813
STU_017081,68.84234
STU_017082,82.52273
STU_017083,68.5182
STU_017084,49.322983
STU_017085,57.89516
STU_017086,95.3642
STU_017087,75.20104
STU_017088,90.8042
STU_017089,64.96087
STU_017090,87.23569
STU_017091,66.68244
STU_017092,79.30525
STU_017093,55.275238
STU_017094,73.66753
STU_017095,57.087482
STU_017096,64.13322
STU_017097,63.39165
STU_017098,49.494633
STU_017099,75.608795
STU_017100,83.01295
STU_017101,78.62763
STU_017102,76.43234
STU_017103,81.09042
STU_017104,87.79082
STU_017105,68.821175
STU_017106,62.515137
STU_017107,46.221367
STU_017108,77.07363
STU_017109,69.46485
STU_017110,70.80055
STU_017111,82.18902
STU_017112,82.52854
STU_017113,59.557114
STU_017114,74.71606
STU_017115,78.75724
STU_017116,96.552376
STU_017117,52.786404
STU_017118,84.76282
STU_017119,86.301125
STU_017120,87.967995
STU_017121,76.26109
STU_017122,94.457405
STU_017123,65.832466
STU_017124,71.47712
STU_017125,74.71579
STU_017126,85.79524
STU_017127,63.61889
STU_017128,74.47311
STU_017129,64.88796
STU_017130,78.53297
STU_017131,68.41116
STU_017132,71.27523
STU_017133,76.514915
STU_017134,96.81552
STU_017135,58.611908
STU_017136,86.32755
STU_017137,63.66463
STU_017138,78.677246
STU_017139,93.096344
STU_017140,76.00244
STU_017141,86.84381
STU_017142,94.162025
STU_017143,54.179214
STU_017144,90.847244
STU_017145,90.29409
STU_017146,95.87067
STU_017147,99.7248
STU_017148,75.0108
STU_017149,76.1452
STU_017150,58.323833
STU_017151,79.08996
STU_017152,74.558846
STU_017153,76.650955
STU_017154,80.39793
STU_017155,57.687817
STU_017156,60.52408
STU_017157,76.61294
STU_017158,85.33422
STU_017159,63.03088
STU_017160,57.88943
STU_017161,81.97885
STU_017162,74.477066
STU_017163,75.608894
STU_017164,92.81066
STU_017165,66.52625
STU_017166,70.01958
STU_017167,64.6673
STU_017168,75.6854
STU_017169,86.76505
STU_017170,84.54849
STU_017171,91.635185
STU_017172,71.64018
STU_017173,56.37577
STU_017174,60.385704
STU_017175,97.64671
STU_017176,78.83518
STU_017177,74.53265
STU_017178,91.77316
STU_017179,83.72611
STU_017180,72.354
STU_017181,88.151665
STU_017182,64.66771
STU_017183,98.01338
STU_017184,85.04692
STU_017185,95.98396
STU_017186,65.62255
STU_017187,81.91785
STU_017188,75.94704
STU_017189,50.904537
STU_017190,87.33379
STU_017191,64.86312
STU_017192,63.095024
STU_017193,57.344997
STU_017194,86.81038
STU_017195,66.52672
STU_017196,85.92544
STU_017197,75.67274
STU_017198,70.43374
STU_017199,73.57185
STU_017200,68.93224
STU_017201,73.94529
STU_017202,87.50561
STU_017203,72.77015
STU_017204,70.08091
STU_017205,89.75683
STU_017206,73.604324
STU_017207,94.630714
STU_017208,60.76316
STU_017209,62.45362
STU_017210,42.15976
STU_017211,91.5452
STU_017212,92.76989
STU_017213,91.73286
STU_017214,84.62692
STU_017215,67.24885
STU_017216,58.114956
STU_017217,99.810844
STU_017218,74.41772
STU_017219,94.52262
STU_017220,77.96714
STU_017221,71.085976
STU_017222,67.307465
STU_017223,74.70849
STU_017224,86.519485
STU_017225,90.38461
STU_017226,77.27828
STU_017227,72.821594
STU_017228,86.0051
STU_017229,65.62866
STU_017230,91.809586
STU_017231,68.17895
STU_017232,73.908844
STU_017233,69.770386
STU_017234,89.48445
STU_017235,78.46188
STU_017236,61.570328
STU_017237,94.368004
STU_017238,84.84137
STU_017239,50.92677
STU_017240,90.58584
STU_017241,73.49332
STU_017242,50.39795
STU_017243,82.19442
STU_017244,74.07885
STU_017245,91.88446
STU_017246,87.392944
STU_017247,56.748234
STU_017248,67.995865
STU_017249,69.02903
STU_017250,59.398685
STU_017251,91.268166
STU_017252,53.856102
STU_017253,84.16265
STU_017254,52.086452
STU_017255,53.875725
STU_017256,51.861923
STU_017257,80.3781
STU_017258,75.18768
STU_017259,69.13346
STU_017260,68.175804
STU_017261,61.731335
STU_017262,72.417625
STU_017263,76.06446
STU_017264,70.27107
STU_017265,90.34862
STU_017266,56.30372
STU_017267,66.41028
STU_017268,74.34936
STU_017269,69.513626
STU_017270,85.11899
STU_017271,81.155685
STU_017272,60.40959
STU_017273,87.4798
STU_017274,83.695984
STU_017275,68.22139
STU_017276,56.448235
STU_017277,76.986885
STU_017278,90.966774
STU_017279,73.48549
STU_017280,82.04037
STU_017281,68.005295
STU_017282,76.36612
STU_017283,78.306076
STU_017284,85.57819
STU_017285,85.58374
STU_017286,71.97511
STU_017287,62.54247
STU_017288,65.89455
STU_017289,74.87905
STU_017290,82.53853
STU_017291,83.08942
STU_017292,66.90639
STU_017293,72.557686
STU_017294,66.40298
STU_017295,77.04187
STU_017296,73.53034
STU_017297,94.532234
STU_017298,65.13433
STU_017299,75.59617
STU_017300,60.319572
STU_017301,61.322456
STU_017302,68.14609
STU_017303,90.81005
STU_017304,89.140305
STU_017305,73.89767
STU_017306,77.705185
STU_017307,98.26903
STU_017308,89.28937
STU_017309,91.869514
STU_017310,61.837112
STU_017311,75.46222
STU_017312,70.429855
STU_017313,95.23931
STU_017314,77.19262
STU_017315,87.68346
STU_017316,77.06105
STU_017317,81.10556
STU_017318,44.846497
STU_017319,69.32538
STU_017320,91.54025
STU_017321,85.16284
STU_017322,82.48777
STU_017323,81.72441
STU_017324,85.706955
STU_017325,86.38215
STU_017326,73.62274
STU_017327,86.24315
STU_017328,75.85616
STU_017329,50.933723
STU_017330,94.79125
STU_017331,73.909035
STU_017332,70.405716
STU_017333,66.247
STU_017334,80.23548
STU_017335,83.52823
STU_017336,66.03282
STU_017337,79.53005
STU_017338,85.27153
STU_017339,99.9578
STU_017340,82.02877
STU_017341,87.668144
STU_017342,63.20746
STU_017343,82.31261
STU_017344,65.72088
STU_017345,78.30788
STU_017346,59.400864
STU_017347,91.735176
STU_017348,71.53524
STU_017349,83.41015
STU_017350,59.443188
STU_017351,67.3695
STU_017352,62.701405
STU_017353,58.920834
STU_017354,84.44985
STU_017355,60.730377
STU_017356,72.20359
STU_017357,68.20987
STU_017358,66.81468
STU_017359,92.047615
STU_017360,98.576775
STU_017361,95.07274
STU_017362,68.86139
STU_017363,91.75206
STU_017364,93.90291
STU_017365,89.1071
STU_017366,80.8189
STU_017367,99.66276
STU_017368,63.07324
STU_017369,53.252155
STU_017370,82.96356
STU_017371,79.33267
STU_017372,85.30598
STU_017373,63.00057
STU_017374,51.849335
STU_017375,87.013084
STU_017376,73.77421
STU_017377,66.414406
STU_017378,81.00959
STU_017379,60.625523
STU_017380,66.635475
STU_017381,62.009644
STU_017382,90.98709
STU_017383,77.10317
STU_017384,71.83078
STU_017385,67.741325
STU_017386,72.75257
STU_017387,84.86396
STU_017388,71.02199
STU_017389,80.15764
STU_017390,77.57391
STU_017391,74.18844
STU_017392,63.37283
STU_017393,60.207455
STU_017394,70.53262
STU_017395,60.582085
STU_017396,82.56018
STU_017397,74.833206
STU_017398,81.19308
STU_017399,87.589584
STU_017400,50.63433
STU_017401,46.38533
STU_017402,96.743095
STU_017403,61.802246
STU_017404,68.77407
STU_017405,66.29092
STU_017406,65.25484
STU_017407,62.662098
STU_017408,74.75692
STU_017409,78.446365
STU_017410,78.16838
STU_017411,63.988087
STU_017412,78.7538
STU_017413,86.07233
STU_017414,79.6523
STU_017415,56.768227
STU_017416,64.5823
STU_017417,75.769905
STU_017418,86.83304
STU_017419,65.091606
STU_017420,80.34053
STU_017421,74.34784
STU_017422,80.499626
STU_017423,70.514084
STU_017424,57.908733
STU_017425,78.08489
STU_017426,62.29019
STU_017427,78.630806
STU_017428,74.0034
STU_017429,61.546013
STU_017430,99.153076
STU_017431,63.977283
STU_017432,97.22949
STU_017433,92.01137
STU_017434,72.102066
STU_017435,84.270935
STU_017436,69.09775
STU_017437,73.09364
STU_017438,97.249275
STU_017439,62.865704
STU_017440,83.33587
STU_017441,49.063965
STU_017442,72.62954
STU_017443,86.06827
STU_017444,76.52479
STU_017445,94.53864
STU_017446,88.23377
STU_017447,64.32346
STU_017448,81.432495
STU_017449,86.45963
STU_017450,86.97627
STU_017451,70.33399
STU_017452,82.54444
STU_017453,88.587906
STU_017454,61.910652
STU_017455,92.28723
STU_017456,80.42283
STU_017457,64.51631
STU_017458,68.31432
STU_017459,82.903595
STU_017460,62.94624
STU_017461,87.56599
STU_017462,79.95919
STU_017463,90.597595
STU_017464,66.13571
STU_017465,88.87194
STU_017466,79.94356
STU_017467,62.175518
STU_017468,84.51475
STU_017469,93.54697
STU_017470,86.98247
STU_017471,92.171814
STU_017472,64.18666
STU_017473,95.544495
STU_017474,44.937637
STU_017475,58.415943
STU_017476,73.282684
STU_017477,70.225006
STU_017478,53.164948
STU_017479,73.0516
STU_017480,93.98698
STU_017481,95.18007
STU_017482,80.17472
STU_017483,91.28262
STU_017484,83.1573
STU_017485,95.26926
STU_017486,71.34488
STU_017487,90.76519
STU_017488,62.55414
STU_017489,63.820526
STU_017490,93.466866
STU_017491,72.26891
STU_017492,59.301132
STU_017493,81.120415
STU_017494,67.25753
STU_017495,52.603817
STU_017496,79.0059
STU_017497,81.8359
STU_017498,59.23241
STU_017499,88.41228
STU_017500,82.70842
STU_017501,76.43629
STU_017502,86.73674
STU_017503,66.71056
STU_017504,84.79834
STU_017505,75.04282
STU_017506,78.09862
STU_017507,53.9598
STU_017508,66.053795
STU_017509,83.86338
STU_017510,96.6795
STU_017511,78.41247
STU_017512,72.89078
STU_017513,80.25347
STU_017514,71.604675
STU_017515,80.34343
STU_017516,99.4837
STU_017517,83.95026
STU_017518,81.9703
STU_017519,88.46463
STU_017520,94.99933
STU_017521,59.006855
STU_017522,75.00865
STU_017523,81.44696
STU_017524,59.14596
STU_017525,70.85104
STU_017526,77.352936
STU_017527,81.1983
STU_017528,76.412125
STU_017529,95.223625
STU_017530,82.272125
STU_017531,93.564476
STU_017532,62.888397
STU_017533,67.28748
STU_017534,63.008175
STU_017535,72.18194
STU_017536,82.70694
STU_017537,93.213524
STU_017538,95.890205
STU_017539,74.79482
STU_017540,94.73914
STU_017541,57.039745
STU_017542,66.40332
STU_017543,86.01586
STU_017544,94.7886
STU_017545,75.2227
STU_017546,68.08447
STU_017547,87.04028
STU_017548,79.57847
STU_017549,92.173096
STU_017550,78.93302
STU_017551,98.38565
STU_017552,53.452328
STU_017553,90.13761
STU_017554,64.12617
STU_017555,72.384
STU_017556,69.880226
STU_017557,56.289776
STU_017558,48.94595
STU_017559,80.18954
STU_017560,68.07118
STU_017561,91.25853
STU_017562,59.351704
STU_017563,70.69815
STU_017564,69.84255
STU_017565,71.512245
STU_017566,83.57447
STU_017567,68.65833
STU_017568,71.88205
STU_017569,77.13173
STU_017570,98.65295
STU_017571,86.43106
STU_017572,83.245834
STU_017573,74.61826
STU_017574,89.3418
STU_017575,87.28058
STU_017576,85.95203
STU_017577,67.613556
STU_017578,77.531105
STU_017579,71.28883
STU_017580,74.00305
STU_017581,71.67961
STU_017582,78.2599
STU_017583,97.12968
STU_017584,62.017265
STU_017585,59.81266
STU_017586,84.90886
STU_017587,64.37356
STU_017588,70.198944
STU_017589,92.553604
STU_017590,73.68875
STU_017591,90.225784
STU_017592,68.08804
STU_017593,59.64391
STU_017594,57.9433
STU_017595,97.43536
STU_017596,70.571625
STU_017597,89.562614
STU_017598,52.54964
STU_017599,63.732475
STU_017600,79.0656
STU_017601,66.10184
STU_017602,61.572666
STU_017603,91.09562
STU_017604,89.50377
STU_017605,68.47892
STU_017606,90.705055
STU_017607,82.13192
STU_017608,93.06194
STU_017609,77.80295
STU_017610,78.36426
STU_017611,78.41116
STU_017612,94.97457
STU_017613,81.92502
STU_017614,94.756836
STU_017615,68.633484
STU_017616,89.7773
STU_017617,93.00008
STU_017618,45.945683
STU_017619,63.852715
STU_017620,76.61019
STU_017621,84.27299
STU_017622,97.58641
STU_017623,54.40825
STU_017624,69.59543
STU_017625,71.58522
STU_017626,58.089577
STU_017627,54.380814
STU_017628,71.56584
STU_017629,68.596725
STU_017630,63.36571
STU_017631,50.614155
STU_017632,75.81188
STU_017633,77.292534
STU_017634,81.16565
STU_017635,78.026924
STU_017636,67.109665
STU_017637,95.162895
STU_017638,67.77982
STU_017639,81.67214
STU_017640,96.420364
STU_017641,99.13252
STU_017642,62.07059
STU_017643,70.13146
STU_017644,76.70342
STU_017645,80.82955
STU_017646,72.08639
STU_017647,60.569386
STU_017648,86.57821
STU_017649,95.29369
STU_017650,96.42482
STU_017651,65.08703
STU_017652,79.04644
STU_017653,96.85994
STU_017654,78.64537
STU_017655,83.44476
STU_017656,83.9456
STU_017657,55.29301
STU_017658,62.28801
STU_017659,99.77235
STU_017660,72.84932
STU_017661,80.54834
STU_017662,64.48634
STU_017663,81.5772
STU_017664,79.88632
STU_017665,70.07989
STU_017666,81.206184
STU_017667,69.76075
STU_017668,73.533195
STU_017669,71.79377
STU_017670,54.252644
STU_017671,70.183136
STU_017672,58.712627
STU_017673,72.59374
STU_017674,67.845726
STU_017675,73.132645
STU_017676,67.30331
STU_017677,85.12259
STU_017678,82.19161
STU_017679,90.38584
STU_017680,68.492
STU_017681,92.035736
STU_017682,73.648994
STU_017683,82.10223
STU_017684,85.62654
STU_017685,70.48611
STU_017686,68.30699
STU_017687,74.08698
STU_017688,70.72416
STU_017689,90.22742
STU_017690,68.254616
STU_017691,74.80365
STU_017692,73.947426
STU_017693,68.30707
STU_017694,81.2604
STU_017695,96.11443
STU_017696,80.95854
STU_017697,47.104893
STU_017698,51.407738
STU_017699,96.05902
STU_017700,57.20896
STU_017701,55.206017
STU_017702,79.264984
STU_017703,74.06384
STU_017704,61.294945
STU_017705,55.38467
STU_017706,84.73599
STU_017707,45.63392
STU_017708,94.854645
STU_017709,84.8872
STU_017710,88.641464
STU_017711,99.85661
STU_017712,73.33443
STU_017713,67.5301
STU_017714,85.48943
STU_017715,65.11515
STU_017716,55.7212
STU_017717,75.5567
STU_017718,87.223724
STU_017719,68.11296
STU_017720,71.17427
STU_017721,85.4193
STU_017722,99.9016
STU_017723,72.76214
STU_017724,74.64172
STU_017725,87.69106
STU_017726,92.65719
STU_017727,87.29152
STU_017728,91.8127
STU_017729,72.309525
STU_017730,61.279366
STU_017731,59.692085
STU_017732,78.045044
STU_017733,66.99404
STU_017734,73.62396
STU_017735,65.78752
STU_017736,71.5285
STU_017737,63.605164
STU_017738,94.35555
STU_017739,90.34506
STU_017740,78.64235
STU_017741,90.41871
STU_017742,85.555855
STU_017743,89.5055
STU_017744,84.5677
STU_017745,89.62067
STU_017746,76.57845
STU_017747,67.27321
STU_017748,56.61134
STU_017749,66.66365
STU_017750,87.10003
STU_017751,76.9116
STU_017752,75.57914
STU_017753,93.33757
STU_017754,87.884605
STU_017755,91.642624
STU_017756,83.76682
STU_017757,53.353683
STU_017758,69.63844
STU_017759,85.05235
STU_017760,91.822296
STU_017761,66.76161
STU_017762,99.91371
STU_017763,91.333626
STU_017764,60.82067
STU_017765,94.249954
STU_017766,77.16376
STU_017767,59.951405
STU_017768,60.12399
STU_017769,92.52779
STU_017770,74.085205
STU_017771,52.64533
STU_017772,72.519264
STU_017773,60.074406
STU_017774,99.709755
STU_017775,82.9867
STU_017776,87.230415
STU_017777,82.41455
STU_017778,84.01817
STU_017779,51.126064
STU_017780,69.77395
STU_017781,74.89469
STU_017782,74.04445
STU_017783,63.083965
STU_017784,85.87056
STU_017785,84.50735
STU_017786,76.357506
STU_017787,84.182785
STU_017788,76.679405
STU_017789,84.34871
STU_017790,59.85296
STU_017791,93.43054
STU_017792,64.38387
STU_017793,63.47147
STU_017794,64.64164
STU_017795,71.52676
STU_017796,79.34966
STU_017797,84.75901
STU_017798,97.00734
STU_017799,99.63648
STU_017800,91.28751
STU_017801,72.374214
STU_017802,92.55475
STU_017803,61.4672
STU_017804,85.60344
STU_017805,68.95594
STU_017806,69.08186
STU_017807,95.607185
STU_017808,68.76861
STU_017809,78.025566
STU_017810,98.07105
STU_017811,70.57404
STU_017812,88.03589
STU_017813,87.88961
STU_017814,71.373215
STU_017815,67.72305
STU_017816,58.927402
STU_017817,57.214993
STU_017818,85.728546
STU_017819,85.97238
STU_017820,83.05124
STU_017821,72.567474
STU_017822,90.445816
STU_017823,98.04024
STU_017824,53.52712
STU_017825,80.54076
STU_017826,81.42556
STU_017827,89.65111
STU_017828,59.9987
STU_017829,58.03564
STU_017830,67.709755
STU_017831,91.70008
STU_017832,86.72974
STU_017833,55.160217
STU_017834,84.30791
STU_017835,64.58624
STU_017836,78.836075
STU_017837,72.07964
STU_017838,62.490078
STU_017839,99.90627
STU_017840,75.96722
STU_017841,93.84662
STU_017842,78.913895
STU_017843,84.340904
STU_017844,64.41797
STU_017845,97.96587
STU_017846,88.92779
STU_017847,55.434643
STU_017848,63.101658
STU_017849,54.645145
STU_017850,68.91799
STU_017851,56.974983
STU_017852,85.88927
STU_017853,70.60389
STU_017854,90.4227
STU_017855,55.23986
STU_017856,81.37593
STU_017857,82.00427
STU_017858,74.36077
STU_017859,65.22253
STU_017860,83.20916
STU_017861,84.32032
STU_017862,70.31256
STU_017863,88.2981
STU_017864,82.20178
STU_017865,68.278015
STU_017866,75.80243
STU_017867,67.59984
STU_017868,99.52765
STU_017869,63.440006
STU_017870,87.27573
STU_017871,92.4173
STU_017872,69.81225
STU_017873,97.860306
STU_017874,79.13222
STU_017875,73.0641
STU_017876,70.75187
STU_017877,51.66607
STU_017878,86.90062
STU_017879,57.669838
STU_017880,93.14377
STU_017881,75.52967
STU_017882,68.87555
STU_017883,93.48467
STU_017884,55.77203
STU_017885,67.1476
STU_017886,81.15272
STU_017887,56.09013
STU_017888,65.71371
STU_017889,99.653656
STU_017890,99.88916
STU_017891,75.82109
STU_017892,53.9737
STU_017893,83.27188
STU_017894,59.936516
STU_017895,70.657005
STU_017896,82.2405
STU_017897,63.867382
STU_017898,83.54936
STU_017899,81.14626
STU_017900,72.849884
STU_017901,89.31718
STU_017902,68.27297
STU_017903,76.550964
STU_017904,85.07521
STU_017905,74.88702
STU_017906,66.35327
STU_017907,77.594475
STU_017908,69.054634
STU_017909,66.13513
STU_017910,68.478195
STU_017911,62.51808
STU_017912,92.24924
STU_017913,85.251335
STU_017914,70.67554
STU_017915,79.61513
STU_017916,78.04687
STU_017917,81.48682
STU_017918,74.475555
STU_017919,92.87594
STU_017920,70.73486
STU_017921,75.91476
STU_017922,74.373505
STU_017923,63.496895
STU_017924,70.372894
STU_017925,70.364044
STU_017926,80.4806
STU_017927,96.15174
STU_017928,82.8634
STU_017929,93.55745
STU_017930,74.0073
STU_017931,62.54215
STU_017932,96.6356
STU_017933,93.193634
STU_017934,91.94955
STU_017935,74.41035
STU_017936,54.75066
STU_017937,84.15964
STU_017938,65.284004
STU_017939,88.69242
STU_017940,79.26708
STU_017941,66.57211
STU_017942,69.79502
STU_017943,56.779636
STU_017944,66.24039
STU_017945,90.52584
STU_017946,65.82846
STU_017947,60.12579
STU_017948,71.07079
STU_017949,57.364082
STU_017950,58.709515
STU_017951,68.85695
STU_017952,93.25815
STU_017953,73.816864
STU_017954,99.775085
STU_017955,63.372017
STU_017956,73.24162
STU_017957,65.429535
STU_017958,45.613922
STU_017959,87.27951
STU_017960,76.02465
STU_017961,90.58563
STU_017962,60.873085
STU_017963,61.7773
STU_017964,54.87159
STU_017965,98.694016
STU_017966,77.90509
STU_017967,76.6414
STU_017968,93.05185
STU_017969,78.919205
STU_017970,58.698734
STU_017971,61.72156
STU_017972,72.49918
STU_017973,67.77764
STU_017974,78.263794
STU_017975,59.3074
STU_017976,69.74442
STU_017977,92.882614
STU_017978,62.799248
STU_017979,68.14724
STU_017980,58.737118
STU_017981,93.40836
STU_017982,72.43929
STU_017983,81.543304
STU_017984,69.41156
STU_017985,63.01508
STU_017986,65.93309
STU_017987,82.07038
STU_017988,59.78986
STU_017989,71.17284
STU_017990,73.77243
STU_017991,84.98308
STU_017992,52.864353
STU_017993,95.6143
STU_017994,88.71172
STU_017995,76.07418
STU_017996,63.198048
STU_017997,68.14884
STU_017998,89.401855
STU_017999,88.659225
STU_018000,94.468765
STU_018001,77.61713
STU_018002,52.781414
STU_018003,72.607574
STU_018004,78.46029
STU_018005,83.90914
STU_018006,66.9143
STU_018007,95.542046
STU_018008,91.099266
STU_018009,88.51228
STU_018010,87.3885
STU_018011,84.849014
STU_018012,66.16073
STU_018013,83.70176
STU_018014,69.05825
STU_018015,72.79931
STU_018016,71.967865
STU_018017,79.05589
STU_018018,94.564476
STU_018019,67.53325
STU_018020,72.32283
STU_018021,70.9257
STU_018022,93.50651
STU_018023,79.439926
STU_018024,46.999725
STU_018025,78.27323
STU_018026,75.522064
STU_018027,88.091385
STU_018028,98.97688
STU_018029,70.54117
STU_018030,92.18181
STU_018031,83.46876
STU_018032,72.762115
STU_018033,83.15772
STU_018034,73.36746
STU_018035,83.782166
STU_018036,76.32172
STU_018037,45.037785
STU_018038,68.119896
STU_018039,79.42129
STU_018040,72.428345
STU_018041,65.539246
STU_018042,64.14935
STU_018043,87.32122
STU_018044,75.05132
STU_018045,67.45044
STU_018046,82.84909
STU_018047,54.59276
STU_018048,96.78893
STU_018049,87.85043
STU_018050,83.322235
STU_018051,65.23319
STU_018052,69.50043
STU_018053,67.50891
STU_018054,47.413464
STU_018055,98.37496
STU_018056,45.786003
STU_018057,59.93491
STU_018058,92.375374
STU_018059,94.5189
STU_018060,62.131763
STU_018061,75.2207
STU_018062,84.46448
STU_018063,73.07433
STU_018064,83.71761
STU_018065,82.31961
STU_018066,87.5579
STU_018067,96.79419
STU_018068,78.702774
STU_018069,75.05597
STU_018070,78.4571
STU_018071,93.11553
STU_018072,86.432396
STU_018073,62.92453
STU_018074,68.41385
STU_018075,72.48767
STU_018076,67.009895
STU_018077,53.093994
STU_018078,73.00876
STU_018079,80.2406
STU_018080,91.27412
STU_018081,77.91761
STU_018082,83.24421
STU_018083,95.37467
STU_018084,65.17373
STU_018085,73.350006
STU_018086,89.11323
STU_018087,75.3005
STU_018088,63.359604
STU_018089,55.48475
STU_018090,63.81188
STU_018091,81.130936
STU_018092,75.91776
STU_018093,67.446884
STU_018094,76.73965
STU_018095,76.16952
STU_018096,58.530804
STU_018097,81.170006
STU_018098,61.00197
STU_018099,73.51785
STU_018100,90.545235
STU_018101,74.22114
STU_018102,59.297638
STU_018103,96.61601
STU_018104,62.049618
STU_018105,59.962746
STU_018106,75.1901
STU_018107,79.871315
STU_018108,72.53439
STU_018109,88.8653
STU_018110,83.75245
STU_018111,79.29672
STU_018112,70.927765
STU_018113,61.316654
STU_018114,90.56995
STU_018115,77.45586
STU_018116,66.507835
STU_018117,79.344086
STU_018118,67.92302
STU_018119,93.86308
STU_018120,59.76916
STU_018121,97.69002
STU_018122,81.58911
STU_018123,73.51394
STU_018124,85.86692
STU_018125,70.427284
STU_018126,54.92242
STU_018127,64.49098
STU_018128,49.555393
STU_018129,72.00238
STU_018130,89.4817
STU_018131,74.63233
STU_018132,96.364555
STU_018133,81.48325
STU_018134,99.74976
STU_018135,98.57661
STU_018136,50.00541
STU_018137,68.81542
STU_018138,93.26131
STU_018139,83.0804
STU_018140,49.451847
STU_018141,61.97064
STU_018142,75.39863
STU_018143,55.172455
STU_018144,61.120365
STU_018145,80.65605
STU_018146,54.033005
STU_018147,84.0511
STU_018148,83.527466
STU_018149,60.541115
STU_018150,82.29918
STU_018151,67.33255
STU_018152,55.989532
STU_018153,77.99862
STU_018154,59.268208
STU_018155,91.45586
STU_018156,99.745514
STU_018157,51.02034
STU_018158,68.92703
STU_018159,63.89721
STU_018160,62.25802
STU_018161,80.30738
STU_018162,65.445786
STU_018163,95.59119
STU_018164,74.740875
STU_018165,57.73954
STU_018166,76.338135
STU_018167,74.253815
STU_018168,81.52155
STU_018169,71.821465
STU_018170,48.299053
STU_018171,64.48631
STU_018172,79.06672
STU_018173,63.65537
STU_018174,79.00734
STU_018175,75.24871
STU_018176,81.58258
STU_018177,81.449196
STU_018178,70.343575
STU_018179,73.22415
STU_018180,95.38149
STU_018181,71.312355
STU_018182,77.01362
STU_018183,71.828476
STU_018184,58.070885
STU_018185,65.46388
STU_018186,91.586914
STU_018187,59.828266
STU_018188,88.56752
STU_018189,75.272575
STU_018190,63.11157
STU_018191,83.56008
STU_018192,80.2314
STU_018193,81.12601
STU_018194,74.47217
STU_018195,87.57405
STU_018196,55.786423
STU_018197,93.72904
STU_018198,81.60547
STU_018199,72.48639
STU_018200,90.17208
STU_018201,72.18704
STU_018202,48.228947
STU_018203,78.289185
STU_018204,71.67368
STU_018205,76.63794
STU_018206,67.13051
STU_018207,75.895935
STU_018208,74.035965
STU_018209,59.127575
STU_018210,84.31877
STU_018211,97.79255
STU_018212,71.49015
STU_018213,50.652805
STU_018214,76.727585
STU_018215,69.58531
STU_018216,80.54765
STU_018217,62.439487
STU_018218,70.9895
STU_018219,89.24987
STU_018220,74.29951
STU_018221,97.23086
STU_018222,89.84852
STU_018223,88.43589
STU_018224,83.37067
STU_018225,72.348495
STU_018226,79.497116
STU_018227,68.67352
STU_018228,82.38373
STU_018229,71.9953
STU_018230,86.93641
STU_018231,73.038994
STU_018232,58.42116
STU_018233,55.963123
STU_018234,94.88121
STU_018235,83.022995
STU_018236,97.778404
STU_018237,57.45954
STU_018238,74.00529
STU_018239,91.98696
STU_018240,57.0658
STU_018241,89.1576
STU_018242,77.58886
STU_018243,80.76625
STU_018244,94.72193
STU_018245,67.353584
STU_018246,77.342545
STU_018247,55.662548
STU_018248,74.7464
STU_018249,73.56853
STU_018250,72.474205
STU_018251,71.03833
STU_018252,93.94662
STU_018253,55.17774
STU_018254,85.78381
STU_018255,71.924644
STU_018256,93.3383
STU_018257,72.54241
STU_018258,87.36281
STU_018259,87.97475
STU_018260,81.30587
STU_018261,74.70249
STU_018262,55.33284
STU_018263,76.36476
STU_018264,81.42396
STU_018265,85.49509
STU_018266,84.92228
STU_018267,72.050415
STU_018268,80.52829
STU_018269,67.96947
STU_018270,68.58908
STU_018271,70.61925
STU_018272,50.904324
STU_018273,97.65547
STU_018274,68.11796
STU_018275,86.02718
STU_018276,85.13315
STU_018277,80.08546
STU_018278,80.608986
STU_018279,58.76947
STU_018280,86.80158
STU_018281,99.26747
STU_018282,71.223434
STU_018283,65.186485
STU_018284,72.35245
STU_018285,87.24302
STU_018286,64.46659
STU_018287,97.98516
STU_018288,68.42551
STU_018289,91.16773
STU_018290,70.112465
STU_018291,74.493195
STU_018292,83.56453
STU_018293,72.515144
STU_018294,87.703026
STU_018295,54.70424
STU_018296,81.10176
STU_018297,83.50076
STU_018298,96.42662
STU_018299,67.052605
STU_018300,78.66684
STU_018301,67.32975
STU_018302,65.013916
STU_018303,94.30217
STU_018304,69.35159
STU_018305,52.511612
STU_018306,61.369354
STU_018307,74.7466
STU_018308,84.9854
STU_018309,66.57322
STU_018310,87.89179
STU_018311,66.65899
STU_018312,71.26744
STU_018313,83.284134
STU_018314,66.5293
STU_018315,97.6571
STU_018316,78.49111
STU_018317,93.42095
STU_018318,59.109726
STU_018319,55.67676
STU_018320,89.13687
STU_018321,89.45052
STU_018322,78.61816
STU_018323,99.94734
STU_018324,55.767944
STU_018325,73.99378
STU_018326,68.700485
STU_018327,82.473206
STU_018328,71.8889
STU_018329,73.82042
STU_018330,53.37804
STU_018331,79.59192
STU_018332,86.81657
STU_018333,64.17078
STU_018334,84.24914
STU_018335,59.404465
STU_018336,75.42394
STU_018337,69.64868
STU_018338,72.15777
STU_018339,86.40792
STU_018340,85.607735
STU_018341,70.2222
STU_018342,65.10882
STU_018343,62.014397
STU_018344,79.794815
STU_018345,69.49327
STU_018346,73.39723
STU_018347,70.509224
STU_018348,94.39933
STU_018349,81.34048
STU_018350,88.58242
STU_018351,82.880295
STU_018352,92.41367
STU_018353,77.44513
STU_018354,96.4862
STU_018355,70.838264
STU_018356,72.18292
STU_018357,67.345314
STU_018358,75.84513
STU_018359,98.34874
STU_018360,92.13295
STU_018361,51.962677
STU_018362,66.36227
STU_018363,50.03403
STU_018364,87.79939
STU_018365,91.67137
STU_018366,59.44513
STU_018367,75.18733
STU_018368,69.19397
STU_018369,78.82383
STU_018370,63.032433
STU_018371,82.15524
STU_018372,89.98771
STU_018373,65.55626
STU_018374,76.78254
STU_018375,66.12528
STU_018376,82.79569
STU_018377,86.68475
STU_018378,87.54355
STU_018379,52.57982
STU_018380,81.9548
STU_018381,73.332664
STU_018382,88.45574
STU_018383,91.9717
STU_018384,63.594383
STU_018385,94.92142
STU_018386,76.45641
STU_018387,80.225174
STU_018388,96.62021
STU_018389,68.43046
STU_018390,56.59275
STU_018391,76.1302
STU_018392,99.7803
STU_018393,81.63782
STU_018394,83.16009
STU_018395,75.007065
STU_018396,60.888462
STU_018397,64.28802
STU_018398,77.72269
STU_018399,97.09832
STU_018400,73.47865
STU_018401,74.9538
STU_018402,77.51673
STU_018403,91.87852
STU_018404,89.233696
STU_018405,84.47143
STU_018406,70.69785
STU_018407,96.77979
STU_018408,72.92959
STU_018409,62.07485
STU_018410,91.32742
STU_018411,73.7161
STU_018412,79.0633
STU_018413,84.28594
STU_018414,93.641014
STU_018415,70.254776
STU_018416,83.89084
STU_018417,65.08092
STU_018418,95.17648
STU_018419,77.95372
STU_018420,87.3079
STU_018421,87.67838
STU_018422,85.80184
STU_018423,85.76428
STU_018424,54.10112
STU_018425,92.586136
STU_018426,71.223694
STU_018427,76.79964
STU_018428,79.337975
STU_018429,95.09603
STU_018430,63.27135
STU_018431,80.52334
STU_018432,92.73575
STU_018433,69.89599
STU_018434,77.77872
STU_018435,66.851654
STU_018436,76.77669
STU_018437,86.75646
STU_018438,62.62226
STU_018439,99.61501
STU_018440,76.38058
STU_018441,72.77225
STU_018442,74.27102
STU_018443,55.45816
STU_018444,61.493282
STU_018445,96.35225
STU_018446,81.34042
STU_018447,88.485916
STU_018448,66.18375
STU_018449,94.65541
STU_018450,72.713135
STU_018451,73.38688
STU_018452,56.51984
STU_018453,67.94959
STU_018454,51.088116
STU_018455,50.799603
STU_018456,74.6338
STU_018457,60.88726
STU_018458,71.56291
STU_018459,59.179855
STU_018460,69.42516
STU_018461,94.18755
STU_018462,60.78571
STU_018463,74.83284
STU_018464,60.746674
STU_018465,73.736565
STU_018466,64.89624
STU_018467,85.45414
STU_018468,74.4286
STU_018469,77.614655
STU_018470,88.248085
STU_018471,85.50935
STU_018472,62.74009
STU_018473,82.485275
STU_018474,87.96232
STU_018475,73.07171
STU_018476,76.817726
STU_018477,50.25106
STU_018478,98.803215
STU_018479,95.00507
STU_018480,93.700134
STU_018481,66.451225
STU_018482,63.88388
STU_018483,84.13045
STU_018484,88.070045
STU_018485,66.32898
STU_018486,66.026794
STU_018487,60.125248
STU_018488,75.50669
STU_018489,58.685688
STU_018490,68.912766
STU_018491,77.77902
STU_018492,76.439224
STU_018493,79.44515
STU_018494,82.88576
STU_018495,88.04177
STU_018496,66.04991
STU_018497,93.474594
STU_018498,65.810844
STU_018499,65.56407
STU_018500,76.93061
STU_018501,98.51551
STU_018502,69.329895
STU_018503,46.116676
STU_018504,95.90877
STU_018505,70.350235
STU_018506,81.44153
STU_018507,73.37819
STU_018508,84.14942
STU_018509,55.71496
STU_018510,82.69125
STU_018511,83.32849
STU_018512,74.69465
STU_018513,77.22372
STU_018514,56.816257
STU_018515,69.306694
STU_018516,70.745544
STU_018517,84.383865
STU_018518,64.34771
STU_018519,60.98378
STU_018520,82.076965
STU_018521,71.46131
STU_018522,86.94286
STU_018523,90.97506
STU_018524,95.23572
STU_018525,71.87839
STU_018526,59.66586
STU_018527,88.12956
STU_018528,85.50364
STU_018529,73.469376
STU_018530,73.19892
STU_018531,87.43499
STU_018532,66.040764
STU_018533,73.393265
STU_018534,64.28332
STU_018535,92.68523
STU_018536,99.71983
STU_018537,81.32064
STU_018538,74.54736
STU_018539,57.930172
STU_018540,80.4645
STU_018541,61.45969
STU_018542,89.52823
STU_018543,64.891235
STU_018544,75.177124
STU_018545,72.61168
STU_018546,91.68385
STU_018547,72.30719
STU_018548,88.40069
STU_018549,84.00354
STU_018550,77.00655
STU_018551,81.87457
STU_018552,59.664562
STU_018553,67.5429
STU_018554,63.97939
STU_018555,61.993587
STU_018556,78.45638
STU_018557,64.25505
STU_018558,69.36157
STU_018559,70.09469
STU_018560,84.3561
STU_018561,74.416145
STU_018562,85.7486
STU_018563,83.63753
STU_018564,84.77859
STU_018565,68.46223
STU_018566,70.359
STU_018567,89.6046
STU_018568,82.24988
STU_018569,81.79418
STU_018570,76.51139
STU_018571,74.189735
STU_018572,66.33763
STU_018573,81.837296
STU_018574,74.43863
STU_018575,71.07187
STU_018576,77.775345
STU_018577,71.72526
STU_018578,88.62193
STU_018579,49.91214
STU_018580,95.282074
STU_018581,73.2732
STU_018582,77.60802
STU_018583,87.36393
STU_018584,85.93255
STU_018585,72.75129
STU_018586,87.38263
STU_018587,97.53233
STU_018588,50.998814
STU_018589,83.39424
STU_018590,72.19611
STU_018591,91.52372
STU_018592,45.954582
STU_018593,85.35065
STU_018594,68.13539
STU_018595,74.09934
STU_018596,64.62119
STU_018597,74.23367
STU_018598,63.88741
STU_018599,60.004093
STU_018600,85.799446
STU_018601,66.31628
STU_018602,66.80503
STU_018603,68.35015
STU_018604,80.01024
STU_018605,48.335777
STU_018606,70.61209
STU_018607,91.63699
STU_018608,93.696045
STU_018609,87.813194
STU_018610,99.56618
STU_018611,70.167564
STU_018612,76.097595
STU_018613,88.776276
STU_018614,72.4599
STU_018615,54.51474
STU_018616,78.472916
STU_018617,71.1902
STU_018618,67.71985
STU_018619,71.677505
STU_018620,88.78553
STU_018621,63.732426
STU_018622,78.86039
STU_018623,68.03908
STU_018624,73.110405
STU_018625,76.59791
STU_018626,69.573074
STU_018627,71.79164
STU_018628,65.98463
STU_018629,71.36
STU_018630,66.83357
STU_018631,93.69855
STU_018632,80.90522
STU_018633,68.874664
STU_018634,66.05237
STU_018635,66.91193
STU_018636,69.53244
STU_018637,71.08127
STU_018638,99.75094
STU_018639,92.45367
STU_018640,65.184715
STU_018641,57.914078
STU_018642,83.09224
STU_018643,64.719376
STU_018644,53.38322
STU_018645,95.039986
STU_018646,66.762825
STU_018647,95.178375
STU_018648,60.29195
STU_018649,59.76826
STU_018650,74.10038
STU_018651,64.49875
STU_018652,83.67045
STU_018653,80.96921
STU_018654,74.75683
STU_018655,65.615715
STU_018656,75.977104
STU_018657,93.08575
STU_018658,89.02909
STU_018659,84.080284
STU_018660,67.785545
STU_018661,61.461227
STU_018662,57.909447
STU_018663,75.83906
STU_018664,53.21529
STU_018665,67.02757
STU_018666,63.654808
STU_018667,56.27681
STU_018668,48.62236
STU_018669,69.85465
STU_018670,69.93757
STU_018671,58.149857
STU_018672,75.39364
STU_018673,57.170242
STU_018674,69.10149
STU_018675,73.039566
STU_018676,66.2276
STU_018677,68.28606
STU_018678,88.73263
STU_018679,92.662964
STU_018680,56.982697
STU_018681,84.84745
STU_018682,82.41546
STU_018683,81.86411
STU_018684,84.10869
STU_018685,76.588356
STU_018686,84.03949
STU_018687,77.29332
STU_018688,74.150925
STU_018689,89.904205
STU_018690,70.77325
STU_018691,67.45131
STU_018692,72.79925
STU_018693,71.26033
STU_018694,86.195
STU_018695,80.47993
STU_018696,69.310745
STU_018697,76.53686
STU_018698,88.58979
STU_018699,64.6658
STU_018700,99.6929
STU_018701,71.9864
STU_018702,80.73907
STU_018703,68.159195
STU_018704,89.44923
STU_018705,73.24455
STU_018706,83.70971
STU_018707,68.763504
STU_018708,71.658676
STU_018709,93.83863
STU_018710,83.733185
STU_018711,61.37394
STU_018712,89.63356
STU_018713,73.95635
STU_018714,76.23892
STU_018715,99.52544
STU_018716,60.434464
STU_018717,75.78316
STU_018718,57.190605
STU_018719,73.6891
STU_018720,67.77048
STU_018721,91.96961
STU_018722,58.030018
STU_018723,60.61223
STU_018724,70.0988
STU_018725,82.101654
STU_018726,69.30029
STU_018727,85.85169
STU_018728,75.20208
STU_018729,89.469444
STU_018730,90.21454
STU_018731,67.924065
STU_018732,74.50119
STU_018733,94.31569
STU_018734,82.09987
STU_018735,78.260025
STU_018736,56.754406
STU_018737,72.74548
STU_018738,76.122375
STU_018739,79.97332
STU_018740,72.03024
STU_018741,48.055946
STU_018742,96.09767
STU_018743,63.00712
STU_018744,95.45584
STU_018745,77.60951
STU_018746,63.331512
STU_018747,91.12788
STU_018748,54.855087
STU_018749,60.437824
STU_018750,90.60506
STU_018751,86.134415
STU_018752,60.863483
STU_018753,63.560837
STU_018754,93.99408
STU_018755,85.352554
STU_018756,74.11902
STU_018757,91.383705
STU_018758,88.80107
STU_018759,94.954926
STU_018760,66.458405
STU_018761,70.08837
STU_018762,80.54305
STU_018763,64.51416
STU_018764,78.179924
STU_018765,72.4186
STU_018766,65.48039
STU_018767,79.11553
STU_018768,80.321526
STU_018769,55.742386
STU_018770,85.92345
STU_018771,63.837147
STU_018772,91.458855
STU_018773,81.564255
STU_018774,69.22555
STU_018775,86.632484
STU_018776,87.39261
STU_018777,56.770588
STU_018778,93.62418
STU_018779,92.06411
STU_018780,65.45788
STU_018781,93.9361
STU_018782,96.07243
STU_018783,80.80895
STU_018784,73.51837
STU_018785,85.44225
STU_018786,74.009995
STU_018787,60.101063
STU_018788,71.97599
STU_018789,72.56551
STU_018790,83.704704
STU_018791,67.233696
STU_018792,61.180344
STU_018793,59.906757
STU_018794,59.89044
STU_018795,95.34646
STU_018796,58.75738
STU_018797,62.53006
STU_018798,67.23618
STU_018799,86.3761
STU_018800,81.757866
STU_018801,80.92752
STU_018802,68.85337
STU_018803,63.96882
STU_018804,53.539642
STU_018805,67.31976
STU_018806,87.274414
STU_018807,80.118744
STU_018808,65.38014
STU_018809,87.55378
STU_018810,74.786064
STU_018811,50.961586
STU_018812,83.62821
STU_018813,72.74724
STU_018814,48.578148
STU_018815,88.536224
STU_018816,70.25369
STU_018817,74.75988
STU_018818,80.240036
STU_018819,66.221886
STU_018820,94.75129
STU_018821,80.746826
STU_018822,75.49421
STU_018823,95.981445
STU_018824,64.35053
STU_018825,76.6557
STU_018826,68.17117
STU_018827,71.31005
STU_018828,67.35699
STU_018829,54.87748
STU_018830,86.195366
STU_018831,82.870895
STU_018832,87.13264
STU_018833,57.70989
STU_018834,57.49749
STU_018835,59.780617
STU_018836,74.74154
STU_018837,75.62675
STU_018838,62.05389
STU_018839,82.51745
STU_018840,84.23869
STU_018841,90.694214
STU_018842,80.90812
STU_018843,75.45115
STU_018844,65.765465
STU_018845,78.2251
STU_018846,95.260345
STU_018847,98.02677
STU_018848,78.258064
STU_018849,67.180725
STU_018850,79.24735
STU_018851,67.206726
STU_018852,53.128338
STU_018853,60.501934
STU_018854,54.38793
STU_018855,71.868195
STU_018856,64.0596
STU_018857,83.0418
STU_018858,82.920685
STU_018859,92.98882
STU_018860,68.69369
STU_018861,66.65247
STU_018862,90.72526
STU_018863,65.21495
STU_018864,64.26817
STU_018865,74.91553
STU_018866,73.80992
STU_018867,68.346016
STU_018868,82.8105
STU_018869,68.296844
STU_018870,84.08458
STU_018871,91.97146
STU_018872,84.245544
STU_018873,71.55953
STU_018874,85.03103
STU_018875,96.12237
STU_018876,67.52443
STU_018877,59.197266
STU_018878,95.71396
STU_018879,88.05353
STU_018880,82.63021
STU_018881,63.362724
STU_018882,70.21893
STU_018883,71.73679
STU_018884,94.82591
STU_018885,55.08197
STU_018886,83.51837
STU_018887,70.250626
STU_018888,90.724556
STU_018889,61.425125
STU_018890,44.338882
STU_018891,80.13052
STU_018892,81.54041
STU_018893,85.98029
STU_018894,98.39449
STU_018895,74.97314
STU_018896,84.04177
STU_018897,72.01864
STU_018898,72.2309
STU_018899,67.786766
STU_018900,83.26764
STU_018901,84.47617
STU_018902,97.93101
STU_018903,87.01645
STU_018904,75.18065
STU_018905,63.31852
STU_018906,76.85944
STU_018907,74.88623
STU_018908,74.0919
STU_018909,72.44647
STU_018910,77.54846
STU_018911,61.03895
STU_018912,85.2576
STU_018913,63.480312
STU_018914,71.08401
STU_018915,86.05915
STU_018916,65.29244
STU_018917,78.38555
STU_018918,92.23198
STU_018919,85.5354
STU_018920,55.6989
STU_018921,74.750755
STU_018922,66.166336
STU_018923,99.46909
STU_018924,68.970924
STU_018925,78.52818
STU_018926,83.93726
STU_018927,80.88589
STU_018928,69.007484
STU_018929,70.257515
STU_018930,64.19159
STU_018931,55.84923
STU_018932,57.92643
STU_018933,71.83708
STU_018934,74.29715
STU_018935,69.23594
STU_018936,76.73737
STU_018937,85.4353
STU_018938,82.04429
STU_018939,69.66798
STU_018940,81.62053
STU_018941,90.25598
STU_018942,58.219803
STU_018943,79.256325
STU_018944,76.127205
STU_018945,72.00128
STU_018946,80.82819
STU_018947,69.43688
STU_018948,69.74125
STU_018949,72.214035
STU_018950,87.56151
STU_018951,62.335434
STU_018952,67.29723
STU_018953,68.02085
STU_018954,79.282974
STU_018955,73.176926
STU_018956,61.385906
STU_018957,71.280266
STU_018958,81.35291
STU_018959,81.50017
STU_018960,73.31556
STU_018961,72.69423
STU_018962,75.38142
STU_018963,95.2424
STU_018964,65.66098
STU_018965,85.55325
STU_018966,95.68947
STU_018967,93.3393
STU_018968,76.38707
STU_018969,74.29047
STU_018970,90.70907
STU_018971,57.23449
STU_018972,73.295456
STU_018973,86.876076
STU_018974,57.162395
STU_018975,77.946266
STU_018976,72.88159
STU_018977,84.046974
STU_018978,82.12381
STU_018979,62.885757
STU_018980,79.61387
STU_018981,58.65005
STU_018982,79.44351
STU_018983,76.52998
STU_018984,75.48834
STU_018985,83.789925
STU_018986,82.9464
STU_018987,86.05269
STU_018988,73.48855
STU_018989,83.6048
STU_018990,86.70576
STU_018991,65.38382
STU_018992,69.97935
STU_018993,71.91479
STU_018994,74.62139
STU_018995,91.36315
STU_018996,65.89528
STU_018997,71.276855
STU_018998,73.40547
STU_018999,94.44467
STU_019000,70.01915
STU_019001,63.74558
STU_019002,66.120735
STU_019003,91.74087
STU_019004,83.82102
STU_019005,92.31059
STU_019006,89.214554
STU_019007,99.96536
STU_019008,73.722946
STU_019009,99.625595
STU_019010,56.639313
STU_019011,80.21687
STU_019012,75.18075
STU_019013,64.934
STU_019014,99.95881
STU_019015,53.481518
STU_019016,68.668304
STU_019017,91.63195
STU_019018,67.67502
STU_019019,75.25257
STU_019020,99.80172
STU_019021,45.72743
STU_019022,78.333626
STU_019023,91.27134
STU_019024,74.83506
STU_019025,92.40657
STU_019026,96.245056
STU_019027,75.580536
STU_019028,60.55686
STU_019029,61.56253
STU_019030,73.30674
STU_019031,79.666885
STU_019032,79.45195
STU_019033,82.83151
STU_019034,69.08008
STU_019035,88.29141
STU_019036,88.08617
STU_019037,88.457016
STU_019038,71.09806
STU_019039,72.83491
STU_019040,76.94077
STU_019041,78.15757
STU_019042,80.94559
STU_019043,87.33935
STU_019044,87.616486
STU_019045,71.924614
STU_019046,66.23879
STU_019047,51.5827
STU_019048,84.56942
STU_019049,55.502003
STU_019050,91.39891
STU_019051,68.744125
STU_019052,65.682724
STU_019053,74.46618
STU_019054,69.67171
STU_019055,53.07266
STU_019056,84.417435
STU_019057,77.50679
STU_019058,80.928795
STU_019059,51.637367
STU_019060,61.675602
STU_019061,55.53551
STU_019062,84.77223
STU_019063,70.46263
STU_019064,60.89576
STU_019065,91.449036
STU_019066,57.695644
STU_019067,83.6311
STU_019068,65.860306
STU_019069,57.856747
STU_019070,72.54075
STU_019071,68.42003
STU_019072,95.545166
STU_019073,63.894413
STU_019074,70.719154
STU_019075,67.584946
STU_019076,62.18033
STU_019077,94.00537
STU_019078,90.1541
STU_019079,86.10405
STU_019080,60.906235
STU_019081,76.46729
STU_019082,84.86262
STU_019083,54.840378
STU_019084,56.798702
STU_019085,64.27135
STU_019086,48.54868
STU_019087,75.139175
STU_019088,71.09994
STU_019089,79.559456
STU_019090,92.28097
STU_019091,81.36559
STU_019092,83.164406
STU_019093,79.347755
STU_019094,90.31809
STU_019095,74.61673
STU_019096,82.35464
STU_019097,85.544365
STU_019098,55.5871
STU_019099,66.747345
STU_019100,71.914764
STU_019101,61.96095
STU_019102,74.641685
STU_019103,88.19095
STU_019104,63.734722
STU_019105,61.078526
STU_019106,63.10653
STU_019107,83.51095
STU_019108,73.510445
STU_019109,95.538376
STU_019110,88.648926
STU_019111,75.1774
STU_019112,94.01611
STU_019113,83.32314
STU_019114,97.25534
STU_019115,84.31486
STU_019116,73.64632
STU_019117,64.137
STU_019118,76.31854
STU_019119,73.925415
STU_019120,65.165184
STU_019121,95.59347
STU_019122,77.76497
STU_019123,63.398243
STU_019124,96.007866
STU_019125,70.21906
STU_019126,70.389404
STU_019127,69.18808
STU_019128,87.45258
STU_019129,62.30006
STU_019130,60.89487
STU_019131,83.610794
STU_019132,94.38033
STU_019133,58.331932
STU_019134,70.04473
STU_019135,92.905045
STU_019136,93.53572
STU_019137,62.022354
STU_019138,91.29352
STU_019139,81.76389
STU_019140,82.78172
STU_019141,86.91295
STU_019142,80.833046
STU_019143,81.118614
STU_019144,72.78771
STU_019145,67.77702
STU_019146,94.04566
STU_019147,75.810875
STU_019148,95.04182
STU_019149,83.56637
STU_019150,84.36988
STU_019151,86.58664
STU_019152,45.16783
STU_019153,73.18368
STU_019154,89.0736
STU_019155,99.54348
STU_019156,76.41694
STU_019157,82.0328
STU_019158,52.120434
STU_019159,70.3883
STU_019160,64.81966
STU_019161,62.39663
STU_019162,62.90445
STU_019163,70.700386
STU_019164,66.528114
STU_019165,79.66536
STU_019166,90.73224
STU_019167,92.33566
STU_019168,93.84147
STU_019169,70.22365
STU_019170,90.746475
STU_019171,79.48489
STU_019172,85.96918
STU_019173,72.573944
STU_019174,59.30219
STU_019175,74.58658
STU_019176,73.71029
STU_019177,93.391975
STU_019178,45.394245
STU_019179,71.03382
STU_019180,68.12124
STU_019181,93.94946
STU_019182,63.799824
STU_019183,98.20686
STU_019184,92.0525
STU_019185,96.50297
STU_019186,97.923515
STU_019187,73.28348
STU_019188,95.7868
STU_019189,89.81986
STU_019190,73.19071
STU_019191,60.728577
STU_019192,93.89323
STU_019193,68.20152
STU_019194,66.42584
STU_019195,79.67752
STU_019196,82.74179
STU_019197,92.14843
STU_019198,76.51196
STU_019199,98.82714
STU_019200,67.87773
STU_019201,83.376
STU_019202,72.67968
STU_019203,61.16836
STU_019204,62.575756
STU_019205,77.03194
STU_019206,51.98209
STU_019207,68.5688
STU_019208,69.63538
STU_019209,72.82802
STU_019210,58.003372
STU_019211,69.330734
STU_019212,79.0068
STU_019213,72.410934
STU_019214,75.160706
STU_019215,97.4322
STU_019216,70.90516
STU_019217,73.62833
STU_019218,45.493626
STU_019219,81.97329
STU_019220,75.22098
STU_019221,66.26155
STU_019222,80.190895
STU_019223,76.551674
STU_019224,95.03207
STU_019225,63.748978
STU_019226,57.821873
STU_019227,67.28913
STU_019228,60.951416
STU_019229,75.719475
STU_019230,67.08809
STU_019231,89.822044
STU_019232,85.3028
STU_019233,58.676105
STU_019234,64.15464
STU_019235,80.49695
STU_019236,80.81757
STU_019237,83.14484
STU_019238,74.89577
STU_019239,81.578186
STU_019240,80.13175
STU_019241,95.30891
STU_019242,68.0268
STU_019243,90.671814
STU_019244,80.67173
STU_019245,53.279648
STU_019246,62.263897
STU_019247,86.083206
STU_019248,85.95859
STU_019249,93.322945
STU_019250,62.045807
STU_019251,94.11049
STU_019252,71.300835
STU_019253,54.09282
STU_019254,49.775806
STU_019255,65.472015
STU_019256,84.86354
STU_019257,57.879314
STU_019258,52.575817
STU_019259,73.26115
STU_019260,76.97099
STU_019261,68.85714
STU_019262,90.400475
STU_019263,68.349014
STU_019264,74.82562
STU_019265,90.68183
STU_019266,86.85298
STU_019267,58.696983
STU_019268,73.40354
STU_019269,81.23788
STU_019270,84.49231
STU_019271,54.216187
STU_019272,65.69577
STU_019273,90.299576
STU_019274,96.03896
STU_019275,99.834076
STU_019276,63.609722
STU_019277,98.11546
STU_019278,82.9461
STU_019279,76.91411
STU_019280,61.010246
STU_019281,85.01949
STU_019282,69.290436
STU_019283,95.90905
STU_019284,81.4602
STU_019285,75.48718
STU_019286,93.14008
STU_019287,73.90957
STU_019288,61.742096
STU_019289,91.26464
STU_019290,75.796646
STU_019291,77.78398
STU_019292,75.66
STU_019293,65.437256
STU_019294,69.508255
STU_019295,61.36487
STU_019296,69.943535
STU_019297,83.40253
STU_019298,84.08952
STU_019299,90.55827
STU_019300,80.50032
STU_019301,70.12653
STU_019302,72.21809
STU_019303,71.4865
STU_019304,88.19302
STU_019305,67.78344
STU_019306,60.12314
STU_019307,67.04492
STU_019308,57.92703
STU_019309,69.6776
STU_019310,81.96279
STU_019311,90.27059
STU_019312,73.842674
STU_019313,77.247925
STU_019314,84.378944
STU_019315,71.08065
STU_019316,87.8466
STU_019317,73.90377
STU_019318,82.150375
STU_019319,94.60823
STU_019320,96.96486
STU_019321,73.0651
STU_019322,84.14116
STU_019323,69.285255
STU_019324,93.4708
STU_019325,74.17516
STU_019326,91.20473
STU_019327,92.12265
STU_019328,91.91098
STU_019329,90.09314
STU_019330,80.53927
STU_019331,73.25907
STU_019332,69.53936
STU_019333,88.52607
STU_019334,60.946255
STU_019335,66.04905
STU_019336,66.42951
STU_019337,91.31083
STU_019338,61.495632
STU_019339,91.13377
STU_019340,97.672485
STU_019341,76.41138
STU_019342,61.804996
STU_019343,70.49133
STU_019344,63.42901
STU_019345,74.746346
STU_019346,78.163506
STU_019347,50.97192
STU_019348,94.72159
STU_019349,85.46355
STU_019350,60.008015
STU_019351,82.48747
STU_019352,82.46872
STU_019353,77.76194
STU_019354,66.174675
STU_019355,72.65652
STU_019356,57.931263
STU_019357,52.58369
STU_019358,81.40575
STU_019359,88.494225
STU_019360,62.54153
STU_019361,82.721886
STU_019362,59.38535
STU_019363,68.88237
STU_019364,73.251465
STU_019365,78.19379
STU_019366,96.28465
STU_019367,99.820724
STU_019368,71.23396
STU_019369,74.29459
STU_019370,70.64636
STU_019371,82.55564
STU_019372,73.681496
STU_019373,63.90167
STU_019374,69.083954
STU_019375,75.427376
STU_019376,87.78292
STU_019377,89.92949
STU_019378,65.79308
STU_019379,57.706783
STU_019380,89.64555
STU_019381,68.587135
STU_019382,68.35213
STU_019383,85.50636
STU_019384,57.84883
STU_019385,87.786835
STU_019386,71.4948
STU_019387,60.29258
STU_019388,69.182686
STU_019389,94.90238
STU_019390,50.91231
STU_019391,78.33028
STU_019392,74.71534
STU_019393,80.8967
STU_019394,75.248245
STU_019395,74.967064
STU_019396,94.441536
STU_019397,72.61164
STU_019398,61.00121
STU_019399,59.194893
STU_019400,90.91186
STU_019401,68.256516
STU_019402,62.143032
STU_019403,82.29266
STU_019404,87.18181
STU_019405,76.82616
STU_019406,67.972015
STU_019407,68.14454
STU_019408,81.27021
STU_019409,69.13447
STU_019410,70.240845
STU_019411,75.52148
STU_019412,64.4854
STU_019413,66.69803
STU_019414,67.051765
STU_019415,81.212395
STU_019416,83.79061
STU_019417,86.58797
STU_019418,91.81403
STU_019419,77.56889
STU_019420,74.15722
STU_019421,79.4978
STU_019422,74.409836
STU_019423,69.67945
STU_019424,83.61582
STU_019425,61.382317
STU_019426,80.44295
STU_019427,87.68749
STU_019428,92.73723
STU_019429,73.93513
STU_019430,84.35407
STU_019431,53.052464
STU_019432,75.28492
STU_019433,69.29413
STU_019434,52.04956
STU_019435,97.96742
STU_019436,59.077477
STU_019437,91.03249
STU_019438,82.54349
STU_019439,56.909695
STU_019440,67.55572
STU_019441,83.10079
STU_019442,76.93751
STU_019443,61.051067
STU_019444,97.01808
STU_019445,89.97981
STU_019446,51.613747
STU_019447,75.543884
STU_019448,72.1387
STU_019449,61.485363
STU_019450,70.698105
STU_019451,66.96069
STU_019452,78.33876
STU_019453,81.91579
STU_019454,72.6647
STU_019455,69.14587
STU_019456,71.063705
STU_019457,61.58703
STU_019458,70.384346
STU_019459,64.39339
STU_019460,91.128624
STU_019461,98.5666
STU_019462,97.779884
STU_019463,64.99318
STU_019464,76.51295
STU_019465,69.92151
STU_019466,73.76294
STU_019467,69.4511
STU_019468,87.80043
STU_019469,73.61052
STU_019470,88.343414
STU_019471,97.12507
STU_019472,89.56022
STU_019473,88.17503
STU_019474,59.062428
STU_019475,60.80939
STU_019476,96.31681
STU_019477,64.67963
STU_019478,73.34519
STU_019479,69.70846
STU_019480,90.44761
STU_019481,67.46943
STU_019482,71.56679
STU_019483,73.23388
STU_019484,84.604805
STU_019485,55.078003
STU_019486,45.33502
STU_019487,68.21735
STU_019488,94.162384
STU_019489,66.25597
STU_019490,78.747185
STU_019491,59.428604
STU_019492,72.99827
STU_019493,59.841835
STU_019494,63.84016
STU_019495,92.653824
STU_019496,94.43755
STU_019497,57.80815
STU_019498,92.973656
STU_019499,92.870834
STU_019500,94.18371
STU_019501,89.46492
STU_019502,59.91005
STU_019503,67.640175
STU_019504,94.10423
STU_019505,56.57659
STU_019506,81.24335
STU_019507,96.44706
STU_019508,95.13139
STU_019509,96.51277
STU_019510,93.82468
STU_019511,53.077393
STU_019512,80.65294
STU_019513,64.08922
STU_019514,55.82077
STU_019515,64.69972
STU_019516,88.09233
STU_019517,67.10067
STU_019518,70.075745
STU_019519,65.85701
STU_019520,82.6901
STU_019521,64.002945
STU_019522,75.72547
STU_019523,93.9778
STU_019524,79.029434
STU_019525,82.4362
STU_019526,67.026
STU_019527,80.96566
STU_019528,70.79456
STU_019529,93.953026
STU_019530,93.65601
STU_019531,89.63159
STU_019532,57.075756
STU_019533,74.730446
STU_019534,70.91821
STU_019535,75.85553
STU_019536,68.88284
STU_019537,52.98396
STU_019538,73.43718
STU_019539,72.1309
STU_019540,59.77236
STU_019541,82.25869
STU_019542,99.59236
STU_019543,99.95646
STU_019544,77.59845
STU_019545,89.92269
STU_019546,55.540745
STU_019547,68.45187
STU_019548,89.63764
STU_019549,80.67223
STU_019550,96.029045
STU_019551,74.87662
STU_019552,71.062706
STU_019553,71.65784
STU_019554,59.92288
STU_019555,97.722626
STU_019556,71.18466
STU_019557,95.20297
STU_019558,59.269066
STU_019559,86.40822
STU_019560,77.78109
STU_019561,44.35234
STU_019562,94.51834
STU_019563,75.61456
STU_019564,66.44052
STU_019565,63.39205
STU_019566,86.427284
STU_019567,82.689514
STU_019568,72.6712
STU_019569,63.200085
STU_019570,77.58157
STU_019571,55.487907
STU_019572,65.61521
STU_019573,68.31316
STU_019574,77.98261
STU_019575,81.90187
STU_019576,97.4426
STU_019577,68.57005
STU_019578,66.06955
STU_019579,72.723915
STU_019580,64.810905
STU_019581,95.44344
STU_019582,82.31591
STU_019583,70.67969
STU_019584,70.77771
STU_019585,83.86712
STU_019586,75.4973
STU_019587,82.148575
STU_019588,73.42504
STU_019589,66.1593
STU_019590,96.262054
STU_019591,88.023155
STU_019592,71.92993
STU_019593,65.93791
STU_019594,89.0315
STU_019595,70.13864
STU_019596,95.26038
STU_019597,66.65422
STU_019598,77.220055
STU_019599,62.64389
STU_019600,97.17914
STU_019601,74.33881
STU_019602,84.28208
STU_019603,95.63937
STU_019604,93.40288
STU_019605,77.08065
STU_019606,82.35689
STU_019607,57.697586
STU_019608,71.41679
STU_019609,92.510185
STU_019610,62.67959
STU_019611,72.69041
STU_019612,61.155373
STU_019613,54.83802
STU_019614,57.770824
STU_019615,87.120804
STU_019616,68.646164
STU_019617,75.25009
STU_019618,66.84243
STU_019619,93.44537
STU_019620,83.66819
STU_019621,72.53302
STU_019622,78.444374
STU_019623,72.70359
STU_019624,97.888405
STU_019625,46.44265
STU_019626,86.33132
STU_019627,95.43937
STU_019628,73.93675
STU_019629,83.70983
STU_019630,95.971504
STU_019631,65.4433
STU_019632,95.303444
STU_019633,94.60709
STU_019634,86.86283
STU_019635,73.0567
STU_019636,67.24522
STU_019637,87.2971
STU_019638,69.894295
STU_019639,64.73085
STU_019640,82.22838
STU_019641,92.943565
STU_019642,80.989555
STU_019643,92.00107
STU_019644,72.02826
STU_019645,72.20915
STU_019646,76.47856
STU_019647,72.5653
STU_019648,56.03916
STU_019649,60.934216
STU_019650,67.87218
STU_019651,72.15773
STU_019652,77.43895
STU_019653,70.53999
STU_019654,57.78461
STU_019655,63.478752
STU_019656,49.48353
STU_019657,67.12488
STU_019658,62.876686
STU_019659,79.55945
STU_019660,65.6673
STU_019661,72.45982
STU_019662,72.65045
STU_019663,75.41669
STU_019664,65.29662
STU_019665,86.832375
STU_019666,88.83694
STU_019667,76.57685
STU_019668,47.425682
STU_019669,60.05764
STU_019670,84.709526
STU_019671,56.693115
STU_019672,87.378204
STU_019673,69.294174
STU_019674,79.772644
STU_019675,73.174446
STU_019676,80.80921
STU_019677,87.502754
STU_019678,99.65007
STU_019679,92.04527
STU_019680,89.539825
STU_019681,91.750786
STU_019682,88.11409
STU_019683,70.801094
STU_019684,69.509575
STU_019685,90.82233
STU_019686,82.053024
STU_019687,61.97122
STU_019688,75.007744
STU_019689,71.4024
STU_019690,82.22315
STU_019691,66.56646
STU_019692,58.440075
STU_019693,97.344955
STU_019694,82.45358
STU_019695,55.41822
STU_019696,60.96318
STU_019697,92.210434
STU_019698,97.13556
STU_019699,74.987335
STU_019700,81.93828
STU_019701,63.445923
STU_019702,76.74312
STU_019703,80.88509
STU_019704,83.253555
STU_019705,61.775818
STU_019706,81.59865
STU_019707,63.971264
STU_019708,80.67151
STU_019709,72.91998
STU_019710,67.1215
STU_019711,90.575294
STU_019712,53.73023
STU_019713,91.09884
STU_019714,61.4336
STU_019715,82.916176
STU_019716,85.63728
STU_019717,94.11715
STU_019718,68.10128
STU_019719,94.157135
STU_019720,95.91637
STU_019721,53.887802
STU_019722,69.87867
STU_019723,81.67759
STU_019724,74.384865
STU_019725,87.56173
STU_019726,62.617718
STU_019727,84.19982
STU_019728,80.223366
STU_019729,71.28344
STU_019730,67.96818
STU_019731,62.652473
STU_019732,83.97518
STU_019733,72.037415
STU_019734,73.91611
STU_019735,86.09026
STU_019736,97.28716
STU_019737,95.732994
STU_019738,89.47368
STU_019739,72.40904
STU_019740,69.28978
STU_019741,98.47944
STU_019742,76.72369
STU_019743,87.0183
STU_019744,75.870186
STU_019745,89.14049
STU_019746,91.05135
STU_019747,73.301834
STU_019748,66.526405
STU_019749,64.85364
STU_019750,71.05217
STU_019751,76.453026
STU_019752,66.03628
STU_019753,95.71108
STU_019754,69.81186
STU_019755,84.31768
STU_019756,54.6304
STU_019757,76.75341
STU_019758,60.660404
STU_019759,79.63262
STU_019760,76.77606
STU_019761,66.692314
STU_019762,86.604836
STU_019763,68.44206
STU_019764,57.33121
STU_019765,85.11161
STU_019766,62.204716
STU_019767,50.45031
STU_019768,83.89296
STU_019769,62.340557
STU_019770,75.76373
STU_019771,92.40503
STU_019772,68.37149
STU_019773,86.24132
STU_019774,49.515938
STU_019775,88.37233
STU_019776,59.583374
STU_019777,75.82929
STU_019778,73.34797
STU_019779,72.42551
STU_019780,71.107155
STU_019781,53.22184
STU_019782,78.393
STU_019783,67.420815
STU_019784,75.326584
STU_019785,74.17303
STU_019786,54.71876
STU_019787,75.69624
STU_019788,70.3096
STU_019789,84.136024
STU_019790,66.753975
STU_019791,56.73175
STU_019792,77.77079
STU_019793,64.01896
STU_019794,85.34838
STU_019795,71.344025
STU_019796,89.187805
STU_019797,48.850063
STU_019798,92.06206
STU_019799,82.68038
STU_019800,54.49449
STU_019801,79.14677
STU_019802,88.21032
STU_019803,69.83314
STU_019804,74.48055
STU_019805,74.96716
STU_019806,59.32012
STU_019807,61.354946
STU_019808,71.33635
STU_019809,89.619125
STU_019810,63.63195
STU_019811,69.14751
STU_019812,86.5012
STU_019813,74.70245
STU_019814,87.306496
STU_019815,84.37167
STU_019816,74.2688
STU_019817,95.097755
STU_019818,69.70613
STU_019819,97.39132
STU_019820,62.17314
STU_019821,78.18121
STU_019822,61.02822
STU_019823,82.990265
STU_019824,96.72342
STU_019825,76.28777
STU_019826,85.29151
STU_019827,80.60082
STU_019828,88.72616
STU_019829,74.776375
STU_019830,94.567505
STU_019831,84.35657
STU_019832,88.476616
STU_019833,80.76673
STU_019834,70.9035
STU_019835,77.43154
STU_019836,84.03601
STU_019837,74.49967
STU_019838,74.390274
STU_019839,79.77843
STU_019840,61.29345
STU_019841,64.53629
STU_019842,69.50241
STU_019843,67.84336
STU_019844,74.84267
STU_019845,82.17356
STU_019846,93.834816
STU_019847,95.6606
STU_019848,72.160095
STU_019849,87.60698
STU_019850,76.711494
STU_019851,95.04985
STU_019852,64.385414
STU_019853,83.529945
STU_019854,78.62225
STU_019855,79.94953
STU_019856,72.7446
STU_019857,81.277084
STU_019858,99.107735
STU_019859,95.89689
STU_019860,92.97597
STU_019861,62.81707
STU_019862,70.53558
STU_019863,76.69844
STU_019864,71.324646
STU_019865,88.061775
STU_019866,87.97832
STU_019867,77.3688
STU_019868,82.37647
STU_019869,74.72127
STU_019870,74.41154
STU_019871,88.27578
STU_019872,98.83685
STU_019873,76.80099
STU_019874,53.36101
STU_019875,77.0556
STU_019876,99.50569
STU_019877,64.099625
STU_019878,59.236866
STU_019879,89.94658
STU_019880,58.258663
STU_019881,72.12027
STU_019882,86.93288
STU_019883,61.134106
STU_019884,68.72599
STU_019885,84.16849
STU_019886,75.27944
STU_019887,99.92354
STU_019888,58.561596
STU_019889,85.23963
STU_019890,85.859695
STU_019891,78.999405
STU_019892,71.22021
STU_019893,92.937325
STU_019894,61.464058
STU_019895,79.685196
STU_019896,84.54155
STU_019897,77.08604
STU_019898,76.77701
STU_019899,85.783295
STU_019900,90.52789
STU_019901,68.61488
STU_019902,79.32923
STU_019903,90.72613
STU_019904,70.94107
STU_019905,82.36028
STU_019906,68.06939
STU_019907,57.693207
STU_019908,53.989635
STU_019909,65.81003
STU_019910,97.78179
STU_019911,99.765564
STU_019912,67.31853
STU_019913,82.81656
STU_019914,63.343956
STU_019915,81.925575
STU_019916,67.04155
STU_019917,61.907784
STU_019918,92.82913
STU_019919,68.2258
STU_019920,99.73441
STU_019921,66.59946
STU_019922,96.85556
STU_019923,67.24843
STU_019924,99.901596
STU_019925,88.090645
STU_019926,68.749084
STU_019927,85.120735
STU_019928,80.600105
STU_019929,76.356445
STU_019930,70.02786
STU_019931,93.23897
STU_019932,82.85282
STU_019933,60.958324
STU_019934,92.59436
STU_019935,55.58618
STU_019936,88.589455
STU_019937,80.33278
STU_019938,72.06877
STU_019939,89.0828
STU_019940,83.615944
STU_019941,69.85407
STU_019942,66.24565
STU_019943,81.49106
STU_019944,94.57285
STU_019945,80.46827
STU_019946,82.64509
STU_019947,66.62518
STU_019948,90.16384
STU_019949,79.72504
STU_019950,71.95143
STU_019951,67.16233
STU_019952,57.45196
STU_019953,69.25989
STU_019954,76.41909
STU_019955,57.25634
STU_019956,61.769676
STU_019957,72.51622
STU_019958,79.723404
STU_019959,85.08652
STU_019960,65.13599
STU_019961,66.474365
STU_019962,72.81957
STU_019963,64.14885
STU_019964,71.3502
STU_019965,65.66905
STU_019966,81.398415
STU_019967,94.78642
STU_019968,77.4539
STU_019969,51.536766
STU_019970,96.35288
STU_019971,93.16934
STU_019972,75.52441
STU_019973,76.65873
STU_019974,94.74138
STU_019975,73.57364
STU_019976,76.27364
STU_019977,70.063
STU_019978,60.640827
STU_019979,55.351677
STU_019980,64.416046
STU_019981,97.68703
STU_019982,73.47645
STU_019983,82.046555
STU_019984,97.24802
STU_019985,84.95516
STU_019986,87.01916
STU_019987,83.249695
STU_019988,67.692444
STU_019989,71.672745
STU_019990,74.17397
STU_019991,88.3964
STU_019992,79.68109
STU_019993,88.20272
STU_019994,53.41252
STU_019995,78.11725
STU_019996,67.99136
STU_019997,76.8067
STU_019998,59.390987
STU_019999,84.86905
STU_020000,78.17719
