student_id,career_success_score
STU_010001,59.7619479048236
STU_010002,72.45409560587993
STU_010003,75.61338215060874
STU_010004,96.58836225035347
STU_010005,77.18013661481632
STU_010006,75.53398666286772
STU_010007,76.7835048016781
STU_010008,78.6382881511184
STU_010009,74.51711967478028
STU_010010,59.78134350661591
STU_010011,92.38757994731712
STU_010012,78.43244005994654
STU_010013,81.07569551353335
STU_010014,89.06461674546036
STU_010015,51.236332527770394
STU_010016,71.50017916170597
STU_010017,60.918508306102495
STU_010018,57.42364405343974
STU_010019,84.27743785780947
STU_010020,70.37314032808573
STU_010021,84.43841889018147
STU_010022,94.45688314227847
STU_010023,91.68484024840224
STU_010024,68.62864278502497
STU_010025,82.62620536988095
STU_010026,81.13993987095674
STU_010027,75.2416647591948
STU_010028,86.42948835373411
STU_010029,95.18730518081412
STU_010030,64.21631460135929
STU_010031,65.47587710585059
STU_010032,90.58185753041013
STU_010033,59.62318370249898
STU_010034,88.67315781043959
STU_010035,77.9699107862665
STU_010036,68.78191360772449
STU_010037,63.05001689283562
STU_010038,88.23979242076356
STU_010039,65.85585428201483
STU_010040,84.56489968091
STU_010041,89.67787732503223
STU_010042,61.81814961866091
STU_010043,83.93699973634425
STU_010044,70.81198640907014
STU_010045,82.74225301266041
STU_010046,59.46649566756717
STU_010047,68.42310944976155
STU_010048,82.01108865173546
STU_010049,53.517290079456714
STU_010050,60.37121833718178
STU_010051,73.80476844839743
STU_010052,68.80296366415274
STU_010053,64.247545335072
STU_010054,71.71085221202577
STU_010055,66.21881583890023
STU_010056,62.123809120011444
STU_010057,62.82770965944107
STU_010058,95.90698202352993
STU_010059,89.9495092640912
STU_010060,73.05991805391824
STU_010061,43.44808334183273
STU_010062,78.70192021016146
STU_010063,65.1471248772519
STU_010064,85.32099481918226
STU_010065,56.3882751928449
STU_010066,62.21270079880631
STU_010067,97.02587283904055
STU_010068,57.72406291087808
STU_010069,68.18332376854431
STU_010070,58.83104980617969
STU_010071,93.84937955505998
STU_010072,69.43351136977293
STU_010073,93.64972729200332
STU_010074,60.021895780322
STU_010075,76.00722429984543
STU_010076,96.27974207249565
STU_010077,82.26847202305382
STU_010078,87.62667534371391
STU_010079,79.95187209163433
STU_010080,77.31238108450444
STU_010081,62.54724892374159
STU_010082,76.66711866951752
STU_010083,77.10600560890339
STU_010084,74.12769725056276
STU_010085,76.05202558904352
STU_010086,78.5046842137427
STU_010087,70.7816697897544
STU_010088,64.06520910209605
STU_010089,88.366974047415
STU_010090,80.40991981775413
STU_010091,59.8896173433903
STU_010092,69.25997477639415
STU_010093,63.776740105301585
STU_010094,88.97972210208458
STU_010095,57.28479594628227
STU_010096,81.6120212800253
STU_010097,70.9264812826638
STU_010098,83.69335631008644
STU_010099,70.53647352332717
STU_010100,70.5711386397659
STU_010101,75.1611686289795
STU_010102,68.8511301547262
STU_010103,89.19038311062712
STU_010104,54.35896221223069
STU_010105,94.9090617615579
STU_010106,50.54981414906458
STU_010107,79.6225972433765
STU_010108,79.17950681298422
STU_010109,67.89833878705795
STU_010110,79.3887464553194
STU_010111,83.23014015439941
STU_010112,84.0986196739724
STU_010113,68.62152295056995
STU_010114,79.00192514575355
STU_010115,81.082018043195
STU_010116,88.08255038625543
STU_010117,77.45366829074939
STU_010118,89.95972082608134
STU_010119,70.54959935427418
STU_010120,70.2282231990109
STU_010121,81.15129090991297
STU_010122,76.58438958087233
STU_010123,89.68399476661497
STU_010124,74.36087541060542
STU_010125,86.75372069213897
STU_010126,70.08265987253145
STU_010127,60.57774570281765
STU_010128,92.25502229839347
STU_010129,81.54137330301515
STU_010130,70.54397150647188
STU_010131,61.611497250936495
STU_010132,73.00861531882387
STU_010133,70.44378540636818
STU_010134,68.27504409762349
STU_010135,44.897811838398894
STU_010136,71.66044408739882
STU_010137,59.55932555198923
STU_010138,78.54878579031109
STU_010139,81.42416089936216
STU_010140,81.66942029527479
STU_010141,60.11023645172387
STU_010142,83.96824369249639
STU_010143,75.43148204589053
STU_010144,69.41349720456505
STU_010145,90.56295096885887
STU_010146,74.44571052234245
STU_010147,57.21541257551933
STU_010148,57.074580984162395
STU_010149,60.38772593926757
STU_010150,89.84526468743388
STU_010151,72.01640475043257
STU_010152,86.22311088442865
STU_010153,79.22485872671774
STU_010154,79.23859248227205
STU_010155,66.60742683649661
STU_010156,93.50835278322735
STU_010157,100.0
STU_010158,71.56027138966996
STU_010159,87.5505878380672
STU_010160,65.8130008458036
STU_010161,93.57118052348878
STU_010162,100.0
STU_010163,79.79437149013825
STU_010164,75.14884641879702
STU_010165,75.7303626576624
STU_010166,90.68898026331024
STU_010167,82.00990201000994
STU_010168,76.79519303607017
STU_010169,72.15745070453782
STU_010170,87.46387543192898
STU_010171,68.18552756799549
STU_010172,98.25860961524312
STU_010173,70.48810314943493
STU_010174,74.4344740586323
STU_010175,77.99005502471381
STU_010176,67.63598711474732
STU_010177,90.67592363578277
STU_010178,80.60293812972
STU_010179,83.52398394873386
STU_010180,76.65167034376142
STU_010181,71.40050829211222
STU_010182,73.65411149609497
STU_010183,77.46220272366928
STU_010184,79.86084188329463
STU_010185,69.02846187875438
STU_010186,83.14824712004582
STU_010187,64.64016022223429
STU_010188,90.63359504737555
STU_010189,72.05490943495326
STU_010190,58.92135789105772
STU_010191,41.522197709321745
STU_010192,83.26805588160073
STU_010193,60.0076342378362
STU_010194,83.74287734154562
STU_010195,82.86625007594014
STU_010196,67.34054931089184
STU_010197,74.08354147241167
STU_010198,80.72670951114667
STU_010199,92.63404907055657
STU_010200,74.62137539052955
STU_010201,98.0378126921243
STU_010202,80.68489040528641
STU_010203,72.78705682498207
STU_010204,92.87140650003332
STU_010205,82.193773528982
STU_010206,84.929632111263
STU_010207,51.262065781804175
STU_010208,72.76738819887393
STU_010209,65.01504255020001
STU_010210,84.85483724305396
STU_010211,75.98651378565155
STU_010212,91.71018959589128
STU_010213,86.01352376325444
STU_010214,66.91066104746747
STU_010215,72.00218279551586
STU_010216,61.534391894517285
STU_010217,79.71003814659025
STU_010218,57.30044717112746
STU_010219,78.95001050175918
STU_010220,69.46026280772993
STU_010221,80.42572858343848
STU_010222,58.08800184889779
STU_010223,76.15896635475869
STU_010224,100.0
STU_010225,63.84797364398891
STU_010226,86.38584942338059
STU_010227,58.11547082019464
STU_010228,86.10823233817382
STU_010229,77.20536169725634
STU_010230,63.24733593976727
STU_010231,53.72695145097734
STU_010232,93.52608757314472
STU_010233,59.911056724187056
STU_010234,80.00280589138828
STU_010235,47.671035243455044
STU_010236,92.359131967942
STU_010237,80.42241235918543
STU_010238,74.13165128314492
STU_010239,52.59356903974209
STU_010240,71.65145939369386
STU_010241,82.16741676331915
STU_010242,78.13959703560282
STU_010243,65.72924632755159
STU_010244,88.86999410193202
STU_010245,61.78000717748512
STU_010246,47.357859301800374
STU_010247,89.1911416240814
STU_010248,81.47582714382608
STU_010249,66.58648441795214
STU_010250,95.39194893130036
STU_010251,76.89002399781319
STU_010252,100.0
STU_010253,62.71519256261954
STU_010254,96.66801269870547
STU_010255,67.55701101830513
STU_010256,59.0838176968722
STU_010257,75.56595117859055
STU_010258,80.03130930909578
STU_010259,81.43021592072648
STU_010260,60.15223678070312
STU_010261,65.13200419805612
STU_010262,54.75255226455103
STU_010263,55.92170287399924
STU_010264,100.0
STU_010265,70.43522605118773
STU_010266,80.1249630524733
STU_010267,62.276648967483084
STU_010268,83.82232213991509
STU_010269,75.64826946726208
STU_010270,89.80547955497268
STU_010271,80.3105047732607
STU_010272,63.822517907587724
STU_010273,76.73200198106332
STU_010274,61.058534657980005
STU_010275,87.3079561439611
STU_010276,63.931218652375556
STU_010277,79.57122209096573
STU_010278,83.60312323263864
STU_010279,66.58155084311144
STU_010280,68.2701576785273
STU_010281,61.05656766944706
STU_010282,63.35891761582913
STU_010283,85.0270137064313
STU_010284,67.17595985683934
STU_010285,58.40455025433105
STU_010286,77.14724386960447
STU_010287,88.29841554991057
STU_010288,61.840597483790326
STU_010289,54.28037829540041
STU_010290,85.28049929272954
STU_010291,48.9509101675918
STU_010292,81.69203612371501
STU_010293,66.20657390748693
STU_010294,58.528931334401115
STU_010295,71.91471458729488
STU_010296,82.9721739030997
STU_010297,85.06763916582403
STU_010298,93.29297336135907
STU_010299,90.12582553489227
STU_010300,64.09788085796443
STU_010301,80.17098260090388
STU_010302,83.08516282105543
STU_010303,75.89162874309694
STU_010304,62.303807522762824
STU_010305,77.41764450938135
STU_010306,66.14261042330838
STU_010307,67.03647632938973
STU_010308,76.41876593543526
STU_010309,67.53496791958165
STU_010310,60.15366727067506
STU_010311,65.92938367962107
STU_010312,73.7999316843997
STU_010313,77.42220193363119
STU_010314,83.15642407390044
STU_010315,91.10270373693396
STU_010316,93.009947847435
STU_010317,85.87682919383079
STU_010318,72.47281678080773
STU_010319,90.73101551017183
STU_010320,96.40556859533777
STU_010321,69.49926354738496
STU_010322,94.20467763916606
STU_010323,75.64076637580732
STU_010324,90.10699552541712
STU_010325,92.89464377854148
STU_010326,81.8184856250777
STU_010327,64.7336371595621
STU_010328,82.60162914851671
STU_010329,88.31302793840547
STU_010330,85.61239956301657
STU_010331,98.26288850020522
STU_010332,66.13812769193851
STU_010333,100.0
STU_010334,74.06274944208343
STU_010335,93.58936157778894
STU_010336,58.31628630320958
STU_010337,60.85466205640503
STU_010338,79.49404326757626
STU_010339,77.69051950303091
STU_010340,66.95854450590141
STU_010341,94.83096900106835
STU_010342,61.32002729768474
STU_010343,60.184427792476626
STU_010344,79.80910027237134
STU_010345,79.37499732463661
STU_010346,85.1446396717769
STU_010347,50.29563506658232
STU_010348,59.71691264890017
STU_010349,86.595991256427
STU_010350,84.06387651193228
STU_010351,71.7379908529958
STU_010352,76.74558069065509
STU_010353,90.97739102863488
STU_010354,73.84122950412541
STU_010355,74.33325346100449
STU_010356,86.05981551983966
STU_010357,94.2599026027159
STU_010358,79.04962397167088
STU_010359,64.84205039263418
STU_010360,70.76932420274558
STU_010361,97.51593425215131
STU_010362,72.94321659811345
STU_010363,77.89166643072474
STU_010364,95.74414350922314
STU_010365,86.15959642516457
STU_010366,96.83879252703198
STU_010367,69.41030741083677
STU_010368,65.35884896718092
STU_010369,90.73494478894045
STU_010370,82.76469063722149
STU_010371,72.09411000956729
STU_010372,76.99694202870901
STU_010373,71.52809293306717
STU_010374,77.33897881475272
STU_010375,98.32062071340812
STU_010376,54.90648952122315
STU_010377,76.49286186152952
STU_010378,76.76891391035639
STU_010379,68.78031401530647
STU_010380,61.761545643686986
STU_010381,63.97105888015597
STU_010382,88.90733180357323
STU_010383,78.97145992242676
STU_010384,91.2331102431093
STU_010385,81.0139149560918
STU_010386,63.212222771653394
STU_010387,64.67083051703982
STU_010388,96.68285083509659
STU_010389,68.67386080619688
STU_010390,56.473897682912096
STU_010391,60.67299867142741
STU_010392,75.72208991867072
STU_010393,83.25827975597778
STU_010394,77.33418515658292
STU_010395,77.80152995111845
STU_010396,80.55361407986902
STU_010397,89.2760690640213
STU_010398,86.57540636186665
STU_010399,62.78689207022846
STU_010400,71.47247857940211
STU_010401,48.809701026908286
STU_010402,70.10788180203762
STU_010403,75.52949257391435
STU_010404,84.47603305161377
STU_010405,83.62617541601335
STU_010406,75.04899637485943
STU_010407,93.5697756504272
STU_010408,68.7610943436571
STU_010409,94.13666212445231
STU_010410,65.75471147410872
STU_010411,87.22372360251975
STU_010412,98.49711169652365
STU_010413,83.9486849257205
STU_010414,85.83397742351235
STU_010415,88.44108621744508
STU_010416,85.05962923645282
STU_010417,98.63793654880172
STU_010418,74.58082157754487
STU_010419,90.62987319764211
STU_010420,86.001229961908
STU_010421,85.75427472589121
STU_010422,72.41532148622181
STU_010423,74.48180326317384
STU_010424,55.95314250699969
STU_010425,61.7241150208226
STU_010426,71.75394657313419
STU_010427,64.9981916858423
STU_010428,74.54822411026086
STU_010429,55.00675445843521
STU_010430,84.73137488150951
STU_010431,53.61134864362259
STU_010432,67.32927064666444
STU_010433,71.83989329094932
STU_010434,89.85688656598184
STU_010435,64.6655020700944
STU_010436,80.19734681770728
STU_010437,51.20109213952285
STU_010438,100.0
STU_010439,70.27372361517713
STU_010440,84.97204329948308
STU_010441,57.25396336779003
STU_010442,71.30656102089523
STU_010443,78.1414765009375
STU_010444,67.31373491074568
STU_010445,74.13840270684034
STU_010446,46.91178121870111
STU_010447,81.22664612905649
STU_010448,74.93472459482823
STU_010449,71.07277373282726
STU_010450,62.33287399144469
STU_010451,90.33596793995288
STU_010452,79.80866674767005
STU_010453,69.09890093710233
STU_010454,72.05402923629241
STU_010455,51.68029242260515
STU_010456,85.46655244678252
STU_010457,74.42013205198262
STU_010458,86.35411478839356
STU_010459,75.86223796013769
STU_010460,66.38500641923488
STU_010461,70.14052567060997
STU_010462,55.926585965249004
STU_010463,83.23768137656714
STU_010464,88.33545198182244
STU_010465,56.03765454927425
STU_010466,67.56549070335484
STU_010467,75.49939424082105
STU_010468,73.35721548175184
STU_010469,74.89791166372717
STU_010470,68.49651782370987
STU_010471,98.11024557841526
STU_010472,55.54056127569888
STU_010473,87.08470939730503
STU_010474,82.77607064064574
STU_010475,76.46098950564249
STU_010476,63.51786785737667
STU_010477,72.25008208664991
STU_010478,96.20495700511819
STU_010479,63.58997413794151
STU_010480,67.72150968118555
STU_010481,64.10339578000767
STU_010482,71.52370751876879
STU_010483,91.36678012490299
STU_010484,78.06932631578368
STU_010485,48.7544997473549
STU_010486,72.43906606369723
STU_010487,95.32092897577037
STU_010488,83.13515773604132
STU_010489,84.82016629951727
STU_010490,81.53710264234277
STU_010491,72.8952163567873
STU_010492,74.7404039302491
STU_010493,75.0030011488572
STU_010494,60.172993431441
STU_010495,41.295443928812645
STU_010496,97.73260039572892
STU_010497,64.48946579721225
STU_010498,73.42170976218317
STU_010499,65.05556654055698
STU_010500,68.8982864091309
STU_010501,76.62927797546143
STU_010502,69.25211540150113
STU_010503,81.19454475501658
STU_010504,65.55078033772841
STU_010505,62.255774780757015
STU_010506,85.66566332038664
STU_010507,66.03325752400661
STU_010508,63.62621484656029
STU_010509,79.8377904504783
STU_010510,50.07966446120622
STU_010511,59.01243511667601
STU_010512,70.2872330671265
STU_010513,92.69092552693527
STU_010514,73.35852930358935
STU_010515,80.46426121041154
STU_010516,79.93400687857624
STU_010517,98.89437812545336
STU_010518,50.30759124021946
STU_010519,88.0782751183381
STU_010520,88.92646691118637
STU_010521,98.12917723672322
STU_010522,74.94154698150197
STU_010523,84.10913502178627
STU_010524,89.75190158936957
STU_010525,72.19033087131209
STU_010526,57.13001729617749
STU_010527,85.5149632780471
STU_010528,83.4526562550243
STU_010529,52.18733352537313
STU_010530,77.22010915494914
STU_010531,65.56025774181099
STU_010532,58.79092344186765
STU_010533,82.6368288026529
STU_010534,79.77572994433959
STU_010535,83.8539756712471
STU_010536,77.96474798827455
STU_010537,79.2320240577734
STU_010538,78.88912620027335
STU_010539,61.44204868662694
STU_010540,51.51040016139882
STU_010541,86.84451869969577
STU_010542,100.0
STU_010543,84.3697117589826
STU_010544,73.01981338035861
STU_010545,81.81065937607187
STU_010546,67.61705714961943
STU_010547,77.477444736283
STU_010548,100.0
STU_010549,64.39608020401297
STU_010550,81.99648606795071
STU_010551,60.23412947963788
STU_010552,95.50605739046472
STU_010553,98.64128845701691
STU_010554,90.18774101369718
STU_010555,77.98885791810072
STU_010556,59.36893316982781
STU_010557,76.79535710282654
STU_010558,76.77911987444182
STU_010559,73.61228163547159
STU_010560,77.11011033322474
STU_010561,98.28717700461266
STU_010562,57.748616630101836
STU_010563,65.04563818748315
STU_010564,62.313993941054086
STU_010565,85.87012255394487
STU_010566,62.065530155629475
STU_010567,73.97986355494557
STU_010568,76.8529801732828
STU_010569,93.58611383098751
STU_010570,58.886944177489895
STU_010571,95.00260535059024
STU_010572,71.27220362028727
STU_010573,94.81066134401362
STU_010574,76.19747462993732
STU_010575,69.1472419704931
STU_010576,56.65430115328073
STU_010577,67.51525381080415
STU_010578,66.9663199431077
STU_010579,81.1926896701107
STU_010580,62.05340224739959
STU_010581,51.95633958935129
STU_010582,75.77877637861367
STU_010583,76.44795073088446
STU_010584,91.70605024484945
STU_010585,76.46446711978923
STU_010586,99.9787149736022
STU_010587,71.99360457562267
STU_010588,72.14632359019598
STU_010589,99.65976291684515
STU_010590,90.91439133179314
STU_010591,72.35374418948983
STU_010592,95.7563552435324
STU_010593,85.78069051723365
STU_010594,50.50076269542055
STU_010595,80.2004865210603
STU_010596,73.98326604854306
STU_010597,58.597395473948694
STU_010598,94.47657895348115
STU_010599,65.4860367317502
STU_010600,70.27799668278213
STU_010601,82.01311070595713
STU_010602,72.22753870218392
STU_010603,84.79321379456073
STU_010604,73.19304479805962
STU_010605,60.39770075351802
STU_010606,91.6257606388724
STU_010607,84.42115983522726
STU_010608,67.13209447749553
STU_010609,75.65148756762807
STU_010610,80.1621372607472
STU_010611,85.8633430074197
STU_010612,61.29079522001723
STU_010613,95.71940236551032
STU_010614,100.0
STU_010615,89.63759449179952
STU_010616,88.61830012943908
STU_010617,60.253671142132625
STU_010618,81.21486576470278
STU_010619,100.0
STU_010620,67.66133547133589
STU_010621,70.09194857427511
STU_010622,60.96900524550986
STU_010623,81.72222259777806
STU_010624,63.07555391234665
STU_010625,69.45462353861336
STU_010626,91.20307761706545
STU_010627,85.90518985189162
STU_010628,60.85329348780694
STU_010629,82.781155117494
STU_010630,77.98851950082033
STU_010631,88.9789736464408
STU_010632,64.86848264985488
STU_010633,74.52920867682118
STU_010634,77.70438503394548
STU_010635,64.7719986628051
STU_010636,82.86652281405836
STU_010637,64.97088673780829
STU_010638,68.58399176474349
STU_010639,68.33435770130436
STU_010640,60.884801902460026
STU_010641,65.08173755467767
STU_010642,99.35491625459562
STU_010643,89.79737168769321
STU_010644,73.93367928381572
STU_010645,79.76565341393088
STU_010646,94.51651926332595
STU_010647,67.58948077921976
STU_010648,71.20676267866227
STU_010649,74.36170583307143
STU_010650,85.79759399005567
STU_010651,77.4635067321343
STU_010652,67.17266800540253
STU_010653,86.74317871792144
STU_010654,87.54959064711046
STU_010655,88.54308193243769
STU_010656,79.43181325992951
STU_010657,77.30391490645526
STU_010658,69.79507878162511
STU_010659,94.53215198683696
STU_010660,91.58307917904364
STU_010661,71.89581408084194
STU_010662,95.79149302255396
STU_010663,73.07489311116295
STU_010664,72.10220109763546
STU_010665,63.6499848915248
STU_010666,94.62375568298216
STU_010667,87.20437727959981
STU_010668,71.70900396628227
STU_010669,76.20731459300076
STU_010670,89.95400179106657
STU_010671,66.52215071625646
STU_010672,58.48536590049504
STU_010673,89.24742659765923
STU_010674,97.31650588402749
STU_010675,93.19603729216242
STU_010676,75.10616899661554
STU_010677,78.42822348574387
STU_010678,73.72629492068945
STU_010679,73.28481792953733
STU_010680,89.11955679623583
STU_010681,83.63191229374638
STU_010682,52.97876516891887
STU_010683,72.07800035739368
STU_010684,75.37158164070104
STU_010685,86.36213669591288
STU_010686,79.53522069382899
STU_010687,65.69721296129481
STU_010688,95.55230397685798
STU_010689,86.45748454122672
STU_010690,100.0
STU_010691,78.0309800334746
STU_010692,88.772287539321
STU_010693,72.49644132024454
STU_010694,69.38370240844525
STU_010695,63.68306690060066
STU_010696,55.52215304753356
STU_010697,72.63772181605384
STU_010698,90.50515994617162
STU_010699,81.98377003804733
STU_010700,89.26470679428773
STU_010701,80.17428372295647
STU_010702,71.48925585733997
STU_010703,93.92236398304456
STU_010704,100.0
STU_010705,82.79053233275232
STU_010706,92.95786230839101
STU_010707,76.9334222791835
STU_010708,79.62103586059904
STU_010709,65.82062048684799
STU_010710,59.23662307128244
STU_010711,100.0
STU_010712,51.51696673253045
STU_010713,90.91276279318024
STU_010714,63.94622830104622
STU_010715,83.93817253928128
STU_010716,50.17381055719941
STU_010717,82.11108536124709
STU_010718,76.16384861368337
STU_010719,81.80052456378229
STU_010720,52.49971757924219
STU_010721,67.80024767097856
STU_010722,100.0
STU_010723,70.49400213177408
STU_010724,82.5934709348137
STU_010725,64.57908990883764
STU_010726,67.56620480926046
STU_010727,50.46522605267299
STU_010728,70.95794969831869
STU_010729,93.84000195627934
STU_010730,92.35210157556725
STU_010731,71.30117418535166
STU_010732,76.76305675578294
STU_010733,95.54062840569713
STU_010734,83.09151277586344
STU_010735,69.6801886794166
STU_010736,66.61618222382775
STU_010737,65.51179871929062
STU_010738,66.42390866000281
STU_010739,74.31288788275899
STU_010740,69.19485181418739
STU_010741,80.34051070794331
STU_010742,66.34721069552081
STU_010743,96.90322294005212
STU_010744,78.62043058417879
STU_010745,62.764026993884265
STU_010746,72.11911845969333
STU_010747,86.94157614592362
STU_010748,73.17201398703696
STU_010749,86.37936541488918
STU_010750,78.98259827078897
STU_010751,73.28813270639603
STU_010752,69.50330178470216
STU_010753,74.08712801945984
STU_010754,84.76708321533215
STU_010755,64.61087732484883
STU_010756,89.88683529595185
STU_010757,58.2405448733157
STU_010758,84.21282629081432
STU_010759,91.36490903552323
STU_010760,81.78803459947545
STU_010761,73.07201788368431
STU_010762,73.03533502082863
STU_010763,60.294495371908866
STU_010764,52.190010607335154
STU_010765,80.09093400151984
STU_010766,66.89171766927211
STU_010767,70.98248778219246
STU_010768,55.3780476436135
STU_010769,89.26896237394888
STU_010770,71.06970615521017
STU_010771,52.50465855171139
STU_010772,70.02673906513387
STU_010773,84.75540177839824
STU_010774,84.72042124285751
STU_010775,93.7552661484172
STU_010776,46.34386171252303
STU_010777,79.58410559338287
STU_010778,55.53939744623082
STU_010779,63.794830472592764
STU_010780,80.41449610028837
STU_010781,81.63898129785568
STU_010782,84.75676453717901
STU_010783,55.72839432962053
STU_010784,71.4486831825089
STU_010785,81.64991747582073
STU_010786,80.54041592523437
STU_010787,72.73807863738136
STU_010788,71.25694674793787
STU_010789,98.69423864677113
STU_010790,63.56558732834941
STU_010791,58.43537062059255
STU_010792,92.83290632587077
STU_010793,81.65609591783121
STU_010794,59.21980405905252
STU_010795,77.10795474055129
STU_010796,79.58410551890755
STU_010797,55.717504016102865
STU_010798,61.30510901694215
STU_010799,85.12278878556347
STU_010800,64.63761947113457
STU_010801,65.09061357606844
STU_010802,84.05332476552064
STU_010803,77.32354125392521
STU_010804,53.38709780832298
STU_010805,74.1821614861961
STU_010806,83.59705868179198
STU_010807,96.16073633712207
STU_010808,70.35135597252035
STU_010809,100.0
STU_010810,82.85821896915034
STU_010811,76.44046649410117
STU_010812,82.35650423017833
STU_010813,93.20079243282271
STU_010814,72.68130010540648
STU_010815,86.79283412126784
STU_010816,100.0
STU_010817,86.68005221311358
STU_010818,83.6947513023314
STU_010819,83.22603843079672
STU_010820,95.32660584494468
STU_010821,96.40883171327945
STU_010822,65.04784206464512
STU_010823,92.48305661478722
STU_010824,86.04997818878073
STU_010825,85.28933966781099
STU_010826,82.21609795281742
STU_010827,56.186078983810646
STU_010828,70.21108108602944
STU_010829,69.81266766051056
STU_010830,78.34704172447076
STU_010831,90.21858443613061
STU_010832,96.69863459504136
STU_010833,83.28381897500441
STU_010834,69.24833277562577
STU_010835,79.48769440695298
STU_010836,85.40931508884256
STU_010837,75.72714257630898
STU_010838,88.5119722655912
STU_010839,67.97090109585858
STU_010840,79.79129366156243
STU_010841,85.97159957768241
STU_010842,89.97065689426736
STU_010843,71.43421901204565
STU_010844,57.14203721571962
STU_010845,91.08908610034808
STU_010846,80.59731261746487
STU_010847,100.0
STU_010848,78.28788559845205
STU_010849,78.30073838099077
STU_010850,62.41499199260151
STU_010851,93.17498654221063
STU_010852,66.95333643614879
STU_010853,89.52196796184415
STU_010854,90.51988696104118
STU_010855,68.93049917996747
STU_010856,57.795216156728785
STU_010857,65.7799512569525
STU_010858,51.727915100896
STU_010859,66.04674125688328
STU_010860,91.06636298028323
STU_010861,76.12804764145116
STU_010862,67.01801488763819
STU_010863,76.58222908213321
STU_010864,88.29001591192984
STU_010865,78.04733140661061
STU_010866,89.59489781756268
STU_010867,56.314130981313326
STU_010868,67.14235100071626
STU_010869,79.82156309885212
STU_010870,65.28370250122543
STU_010871,87.19329383432921
STU_010872,84.96966804138725
STU_010873,50.21953851365023
STU_010874,65.73983619924547
STU_010875,86.32204959915265
STU_010876,71.4804728334778
STU_010877,72.94743684781969
STU_010878,76.85160947924578
STU_010879,65.0931535535963
STU_010880,82.02673186711432
STU_010881,98.55271926481456
STU_010882,76.76660186045578
STU_010883,82.633143706343
STU_010884,63.015173429361454
STU_010885,67.37518331932208
STU_010886,94.93989789442114
STU_010887,61.88942609177894
STU_010888,87.45746154195149
STU_010889,94.60578282442124
STU_010890,78.19474316440821
STU_010891,97.42015795101136
STU_010892,81.53864022857088
STU_010893,72.38212814125328
STU_010894,85.07279902312331
STU_010895,69.42553152044182
STU_010896,74.66961971741972
STU_010897,66.4349303425983
STU_010898,83.89770923291326
STU_010899,64.81234987026735
STU_010900,66.90839680299679
STU_010901,62.58331945924752
STU_010902,90.47039500130634
STU_010903,56.779861979265334
STU_010904,72.49242258905423
STU_010905,66.96817619579379
STU_010906,52.18779996406422
STU_010907,95.50863990605728
STU_010908,86.46234817584946
STU_010909,87.31539291131799
STU_010910,82.74427818892761
STU_010911,79.05853819859814
STU_010912,93.77442431222983
STU_010913,76.88117471558193
STU_010914,88.64753753610383
STU_010915,77.01896253245079
STU_010916,70.32982699165157
STU_010917,78.98912904362817
STU_010918,77.18951563433225
STU_010919,84.83395797214911
STU_010920,69.5414793195479
STU_010921,81.3796577869174
STU_010922,75.83027059940187
STU_010923,91.3015993593294
STU_010924,93.79132394747685
STU_010925,68.14399425749659
STU_010926,92.65211101339506
STU_010927,66.65331985738646
STU_010928,74.93281920591397
STU_010929,67.87452708048482
STU_010930,90.1336826855666
STU_010931,72.77530135381954
STU_010932,85.80792879958403
STU_010933,76.72862673145823
STU_010934,91.9699952814251
STU_010935,72.36097367476894
STU_010936,67.04559747252992
STU_010937,73.810743506509
STU_010938,61.87608483184545
STU_010939,81.93810924836764
STU_010940,52.29971894658375
STU_010941,97.26125275087345
STU_010942,82.44489422967207
STU_010943,58.01817234473022
STU_010944,61.86484211031613
STU_010945,75.12967372686936
STU_010946,82.65003462310875
STU_010947,73.92571513999647
STU_010948,88.15099449056177
STU_010949,96.07534911275724
STU_010950,64.64104103509123
STU_010951,76.98604295391218
STU_010952,62.312833845578844
STU_010953,86.52503405944259
STU_010954,53.237055063697554
STU_010955,64.89978101706035
STU_010956,95.2908746058102
STU_010957,85.90837975434985
STU_010958,70.4586163454707
STU_010959,87.58941374789013
STU_010960,83.83188283789741
STU_010961,76.20274694793099
STU_010962,90.9646480760407
STU_010963,73.66793541297625
STU_010964,74.37865502216819
STU_010965,65.21378636852083
STU_010966,59.333136474395616
STU_010967,70.92519087791744
STU_010968,67.78499778028464
STU_010969,59.19275041018917
STU_010970,82.90312973677305
STU_010971,73.96887079652478
STU_010972,74.57207775948964
STU_010973,74.64084043139772
STU_010974,63.975947826620406
STU_010975,78.36008051489887
STU_010976,82.42586950041554
STU_010977,85.77868275355038
STU_010978,98.02995334269932
STU_010979,72.65648827188582
STU_010980,78.807473670893
STU_010981,92.44376197227169
STU_010982,72.0563550289515
STU_010983,68.84025629013608
STU_010984,75.52573044122764
STU_010985,52.96418346331029
STU_010986,92.65650116935569
STU_010987,90.74429742924596
STU_010988,68.22414420008677
STU_010989,83.29517299633419
STU_010990,78.92270795754735
STU_010991,64.53181468709244
STU_010992,81.92036962295157
STU_010993,76.58172674543093
STU_010994,77.60161705578369
STU_010995,100.0
STU_010996,59.44102211326141
STU_010997,67.51777489006088
STU_010998,69.50902663235398
STU_010999,68.99374087946329
STU_011000,78.21118041303914
STU_011001,63.360073714429745
STU_011002,78.21353605355904
STU_011003,59.36064163575321
STU_011004,81.09484799876213
STU_011005,74.31303935665298
STU_011006,81.49941019591427
STU_011007,67.9748315477842
STU_011008,77.68721396486566
STU_011009,93.44163952086294
STU_011010,97.5091880150082
STU_011011,65.88225096975529
STU_011012,81.8618435692315
STU_011013,57.19962207258655
STU_011014,63.965020848375374
STU_011015,96.06738017030045
STU_011016,65.95591569038037
STU_011017,74.43558236866794
STU_011018,86.36015136232135
STU_011019,62.813198403570865
STU_011020,89.07447985901996
STU_011021,64.93057516903008
STU_011022,85.48280439500022
STU_011023,72.13327150834796
STU_011024,78.48290969227946
STU_011025,65.8562082437924
STU_011026,76.66257191178815
STU_011027,74.23051032944302
STU_011028,90.81967362389528
STU_011029,82.20336312688721
STU_011030,63.82335900868688
STU_011031,59.15509463435667
STU_011032,60.503003016110355
STU_011033,56.25353149568536
STU_011034,72.56724059600415
STU_011035,86.224537630827
STU_011036,97.69293317954947
STU_011037,92.37138168936475
STU_011038,84.88808615608289
STU_011039,56.59082385217833
STU_011040,79.92634996255617
STU_011041,58.13934242209441
STU_011042,61.98720591339
STU_011043,69.44127325435147
STU_011044,62.137304523758054
STU_011045,95.31971814731499
STU_011046,80.8440485508763
STU_011047,84.19886564107182
STU_011048,65.54709193666255
STU_011049,83.92090117945028
STU_011050,77.14554786000835
STU_011051,88.81231738138132
STU_011052,100.0
STU_011053,54.70932959372064
STU_011054,71.4314200096378
STU_011055,64.23499368175081
STU_011056,60.086795681671404
STU_011057,88.17821576453866
STU_011058,100.0
STU_011059,99.04150341013353
STU_011060,70.9951175503356
STU_011061,62.79095815441784
STU_011062,62.57158732303831
STU_011063,86.06208445061154
STU_011064,70.99936321002471
STU_011065,71.40231961716432
STU_011066,73.43089040526993
STU_011067,84.25925431760525
STU_011068,98.13595051353477
STU_011069,92.16254920315737
STU_011070,68.91146449838811
STU_011071,88.26316516820867
STU_011072,93.64209817286135
STU_011073,73.355432864472
STU_011074,86.78959320785543
STU_011075,71.8679528253997
STU_011076,98.13888708428513
STU_011077,74.79453164503664
STU_011078,71.4311566334853
STU_011079,67.66666425370155
STU_011080,59.33310848631842
STU_011081,86.1534363841105
STU_011082,54.54651242590984
STU_011083,92.78319306832671
STU_011084,74.8958445279028
STU_011085,90.38829164718524
STU_011086,65.89323964636498
STU_011087,72.17383671354926
STU_011088,74.74032536913978
STU_011089,87.35159849341218
STU_011090,89.18704931193894
STU_011091,79.43751062526371
STU_011092,65.23253442608573
STU_011093,80.91908534040354
STU_011094,57.89695346042379
STU_011095,80.73259980153159
STU_011096,65.17595616858907
STU_011097,88.90509264749096
STU_011098,87.30418394483209
STU_011099,84.03184603980952
STU_011100,63.3931756872702
STU_011101,66.68772091209091
STU_011102,79.78407201866986
STU_011103,67.8133444312332
STU_011104,92.45255989294262
STU_011105,74.03261120821855
STU_011106,83.60031526476614
STU_011107,57.55543951568629
STU_011108,82.97338920984313
STU_011109,88.87557664864457
STU_011110,98.56096007963382
STU_011111,77.48846470207738
STU_011112,78.6614763266099
STU_011113,81.81434620881645
STU_011114,88.9192766992744
STU_011115,91.38571351764543
STU_011116,82.34106600153122
STU_011117,75.06497740266059
STU_011118,72.81436247307083
STU_011119,80.83854914122765
STU_011120,79.14049720850426
STU_011121,70.33417143921534
STU_011122,61.86677093175702
STU_011123,97.37618723499435
STU_011124,63.871903090348205
STU_011125,100.0
STU_011126,82.75319144855953
STU_011127,76.703131660592
STU_011128,67.73073870452572
STU_011129,90.9945022349614
STU_011130,63.87425007448624
STU_011131,86.71333967747658
STU_011132,71.56333809788704
STU_011133,83.85142299288809
STU_011134,59.59545063012003
STU_011135,57.26130014483215
STU_011136,92.39182849192062
STU_011137,74.90139596949871
STU_011138,100.0
STU_011139,69.47343062162807
STU_011140,85.06435224769035
STU_011141,52.42592965284682
STU_011142,94.84935000614703
STU_011143,80.36157537664577
STU_011144,65.49201973973504
STU_011145,66.03475606230145
STU_011146,67.64534417583317
STU_011147,95.55439141891102
STU_011148,90.66414589258883
STU_011149,87.27240853886983
STU_011150,80.91802566837664
STU_011151,95.55499116401813
STU_011152,64.02944448647952
STU_011153,71.56213864908791
STU_011154,73.12064710977432
STU_011155,70.68555311631152
STU_011156,74.88973810298558
STU_011157,58.01648694395013
STU_011158,69.33877172564901
STU_011159,67.3219921883184
STU_011160,59.03468238660356
STU_011161,90.77523783981115
STU_011162,72.952559127862
STU_011163,72.03712947017716
STU_011164,89.16033921150213
STU_011165,74.88046027786018
STU_011166,75.22609045320809
STU_011167,64.7792360053836
STU_011168,80.92077577742928
STU_011169,89.69978846433513
STU_011170,66.46188955049627
STU_011171,78.60676528851263
STU_011172,98.78895640232223
STU_011173,94.38638460946805
STU_011174,73.58025825544283
STU_011175,64.40893151765215
STU_011176,80.69422494495953
STU_011177,73.11285617851239
STU_011178,86.13029742049554
STU_011179,83.71508283465405
STU_011180,71.02870125180641
STU_011181,77.53941804073375
STU_011182,94.02503081473915
STU_011183,56.557925246602466
STU_011184,81.91311553422447
STU_011185,78.71153190695216
STU_011186,48.524738818046686
STU_011187,83.14878082913053
STU_011188,76.56254678837581
STU_011189,48.18006871959379
STU_011190,83.7439009436772
STU_011191,92.64129259284523
STU_011192,79.95636091453521
STU_011193,72.93476419340972
STU_011194,89.17049078370698
STU_011195,82.66622903158606
STU_011196,85.68290797401147
STU_011197,99.60555964384898
STU_011198,79.09777693383545
STU_011199,90.46997669167105
STU_011200,75.34845375919517
STU_011201,51.93559829871184
STU_011202,63.417771153185726
STU_011203,79.48920034047308
STU_011204,86.67188844982883
STU_011205,86.33168180901683
STU_011206,82.83361733248816
STU_011207,60.48189350293299
STU_011208,73.87250246875394
STU_011209,78.81641215671249
STU_011210,72.84147946848259
STU_011211,80.28643592538756
STU_011212,74.32260669101451
STU_011213,81.82934404690215
STU_011214,57.8086601321539
STU_011215,94.12034163679616
STU_011216,61.023718922899036
STU_011217,99.96595363906576
STU_011218,64.51480903304608
STU_011219,83.77245716168673
STU_011220,68.49489861493826
STU_011221,79.43992297374744
STU_011222,86.88957923245894
STU_011223,69.51281504402672
STU_011224,99.87879164686785
STU_011225,49.46645132242132
STU_011226,81.46071605619214
STU_011227,60.892096550392374
STU_011228,97.05210708713466
STU_011229,79.59423272494818
STU_011230,78.30811391999805
STU_011231,92.89502715560137
STU_011232,89.35275991817358
STU_011233,73.66636711071033
STU_011234,78.37827408370998
STU_011235,97.53460834190513
STU_011236,65.87975618554857
STU_011237,63.572188000485525
STU_011238,68.79561233398132
STU_011239,82.48994298244709
STU_011240,86.20486581705804
STU_011241,98.47757563494257
STU_011242,66.16499855654831
STU_011243,66.50735584095204
STU_011244,54.75054554105331
STU_011245,74.5382058902359
STU_011246,75.28055939900148
STU_011247,87.34088778920692
STU_011248,68.31622721559688
STU_011249,71.46466950964782
STU_011250,73.6413735233167
STU_011251,73.98051673290547
STU_011252,74.07089927336318
STU_011253,79.55548799342792
STU_011254,98.09136125976471
STU_011255,84.6570944086923
STU_011256,77.10169865184693
STU_011257,52.49512792265379
STU_011258,79.18806984433607
STU_011259,77.36734977695868
STU_011260,100.0
STU_011261,65.03164502500546
STU_011262,86.03246443111762
STU_011263,60.40578727433535
STU_011264,50.37509187212483
STU_011265,80.39860704804909
STU_011266,81.35193795751309
STU_011267,86.5350448972058
STU_011268,67.30949669468899
STU_011269,88.41208561613078
STU_011270,76.75280933126544
STU_011271,80.15486602544894
STU_011272,90.0530986957784
STU_011273,76.3041432741773
STU_011274,84.46031569907586
STU_011275,73.14599166805672
STU_011276,82.9436618062116
STU_011277,72.49037584419276
STU_011278,71.63164150048603
STU_011279,97.36898942839996
STU_011280,74.06187163156324
STU_011281,69.55647204532526
STU_011282,92.41475563745482
STU_011283,78.80628902888604
STU_011284,59.45736851599572
STU_011285,91.19200737615479
STU_011286,80.24224784385339
STU_011287,74.23028600709631
STU_011288,73.12081329025149
STU_011289,62.279841808171184
STU_011290,68.74703270812378
STU_011291,82.1674449321421
STU_011292,46.30175848915398
STU_011293,93.78352322886101
STU_011294,72.66864429319865
STU_011295,78.89589890976245
STU_011296,98.22928385695525
STU_011297,72.37022033087202
STU_011298,60.8934015034035
STU_011299,82.65269888282316
STU_011300,88.22808292853821
STU_011301,100.0
STU_011302,73.82868647678313
STU_011303,79.90498021071298
STU_011304,85.25040569491662
STU_011305,68.6101727890195
STU_011306,73.44539958957509
STU_011307,61.639413928353875
STU_011308,52.55126084110792
STU_011309,79.14752134381133
STU_011310,52.64507230741866
STU_011311,82.36852833913532
STU_011312,68.12557830483979
STU_011313,87.86253786635052
STU_011314,60.659237882532395
STU_011315,82.35726423349311
STU_011316,60.918362994382505
STU_011317,74.91532511914201
STU_011318,62.911388257235984
STU_011319,86.3689358743508
STU_011320,59.178137430803346
STU_011321,87.5951651229662
STU_011322,65.57425728619216
STU_011323,49.97269415988153
STU_011324,64.78819307120838
STU_011325,59.33425975354969
STU_011326,78.48742755604627
STU_011327,79.38234758809386
STU_011328,87.45163140696715
STU_011329,63.42436759054034
STU_011330,51.73322001679023
STU_011331,60.84094362183414
STU_011332,84.90096886558757
STU_011333,63.913312731864536
STU_011334,88.07658224676341
STU_011335,66.56718148179685
STU_011336,62.490557635775964
STU_011337,82.39471633857198
STU_011338,90.20135971059574
STU_011339,72.82977254041577
STU_011340,70.03251741247271
STU_011341,97.56867099946365
STU_011342,84.0635955355825
STU_011343,85.9980917944244
STU_011344,46.59611513100036
STU_011345,67.13207326656735
STU_011346,70.23829329316919
STU_011347,100.0
STU_011348,80.1864145108004
STU_011349,100.0
STU_011350,69.27329002479466
STU_011351,75.22043640335644
STU_011352,81.89857327539835
STU_011353,70.42309488049827
STU_011354,93.57608286409734
STU_011355,68.04437224285968
STU_011356,83.3061905363314
STU_011357,70.04198009081531
STU_011358,94.8369516747949
STU_011359,100.0
STU_011360,100.0
STU_011361,68.24022244942331
STU_011362,74.4070552407075
STU_011363,100.0
STU_011364,92.16231554361522
STU_011365,65.69382221503926
STU_011366,89.6092412609737
STU_011367,72.57633233401651
STU_011368,84.4274088590139
STU_011369,69.95040332773084
STU_011370,81.6051543235053
STU_011371,66.40844215709956
STU_011372,93.08272714439627
STU_011373,65.81493717220008
STU_011374,75.81598264879264
STU_011375,85.84505225564325
STU_011376,49.76790801547176
STU_011377,100.0
STU_011378,89.27044511653898
STU_011379,79.62732837056456
STU_011380,74.11316507727915
STU_011381,61.36357883591662
STU_011382,79.78345358056698
STU_011383,94.35819946527718
STU_011384,73.6445862850247
STU_011385,80.01485161650002
STU_011386,70.36706060691054
STU_011387,56.71199310409922
STU_011388,67.11076836713428
STU_011389,56.98259402475738
STU_011390,89.72475465210822
STU_011391,53.09953842959446
STU_011392,74.65755286097354
STU_011393,73.59917192005398
STU_011394,81.85615443298433
STU_011395,80.54473800528814
STU_011396,89.90495603572519
STU_011397,66.9333795847777
STU_011398,100.0
STU_011399,74.60018841252163
STU_011400,74.20027719152884
STU_011401,73.18418969454547
STU_011402,74.37389764488927
STU_011403,78.8870039312693
STU_011404,100.0
STU_011405,82.81297586485715
STU_011406,85.93818716064517
STU_011407,95.93696081285654
STU_011408,78.68587996533265
STU_011409,82.97375780483307
STU_011410,71.73841259647537
STU_011411,96.57650479773199
STU_011412,77.02570852957057
STU_011413,63.05503986089285
STU_011414,91.33622189739435
STU_011415,75.91839176332849
STU_011416,94.63654765953324
STU_011417,78.9985071775331
STU_011418,63.29456488449216
STU_011419,72.64306555274506
STU_011420,90.03098191832237
STU_011421,89.98186065009895
STU_011422,77.06293530284293
STU_011423,65.30575391691873
STU_011424,71.08277504766907
STU_011425,69.30793960287787
STU_011426,98.55859616526587
STU_011427,66.80126399163787
STU_011428,90.54309771315076
STU_011429,77.52655389941306
STU_011430,76.32060334201094
STU_011431,77.58998391751223
STU_011432,67.6526592202241
STU_011433,91.26372782684862
STU_011434,93.99765849483572
STU_011435,71.1082934440721
STU_011436,88.9371235044488
STU_011437,64.80618459281578
STU_011438,63.17175533900624
STU_011439,74.56809199478568
STU_011440,65.84511193716042
STU_011441,73.87093594254034
STU_011442,76.50029509659939
STU_011443,70.01236644660602
STU_011444,75.58821901021436
STU_011445,70.30292983906887
STU_011446,59.50339266822641
STU_011447,91.15035384421759
STU_011448,59.68206723609435
STU_011449,70.60087326721103
STU_011450,79.32584729605509
STU_011451,80.87965225405853
STU_011452,70.59025677728799
STU_011453,69.81113461183195
STU_011454,62.79742065933815
STU_011455,53.77752621953901
STU_011456,90.55435288041485
STU_011457,65.74247221561635
STU_011458,96.17095270500448
STU_011459,74.27776556021067
STU_011460,87.0750514244892
STU_011461,75.8472892241848
STU_011462,82.66052135003761
STU_011463,80.41171007069764
STU_011464,74.47916443528328
STU_011465,67.2836558680365
STU_011466,80.84305108508738
STU_011467,73.23919555287999
STU_011468,63.096054017400725
STU_011469,71.83222427277771
STU_011470,93.72982377433416
STU_011471,63.71715924662199
STU_011472,69.89451748672599
STU_011473,74.89229372514818
STU_011474,91.86488660906949
STU_011475,85.4962305952867
STU_011476,96.87035231753256
STU_011477,98.43258462686144
STU_011478,53.42056670400352
STU_011479,63.95411548234489
STU_011480,99.52974044706761
STU_011481,70.41770119808561
STU_011482,60.814078731668175
STU_011483,97.19904925616598
STU_011484,75.36789537055677
STU_011485,79.32661782830449
STU_011486,60.13546292021887
STU_011487,78.9043019454279
STU_011488,79.10056103722455
STU_011489,66.52514202961595
STU_011490,81.09292307637935
STU_011491,59.9361321178566
STU_011492,80.93368918232892
STU_011493,94.83156752502596
STU_011494,82.7595725326294
STU_011495,82.56378443177232
STU_011496,94.75200565591189
STU_011497,75.02264382124842
STU_011498,76.72738819505992
STU_011499,81.1302483251958
STU_011500,74.57723115270451
STU_011501,66.00244513935338
STU_011502,49.94170242972773
STU_011503,88.08483343628686
STU_011504,60.53980189735195
STU_011505,73.37445480077494
STU_011506,55.796230698532945
STU_011507,67.98404207635542
STU_011508,80.79656396581208
STU_011509,68.75621574186597
STU_011510,81.35263236813896
STU_011511,95.64826799631962
STU_011512,52.399328656352196
STU_011513,77.89577029900211
STU_011514,80.69210270501577
STU_011515,68.37162920769615
STU_011516,79.38147351930134
STU_011517,84.62952482558242
STU_011518,99.80388176128011
STU_011519,61.690638531273706
STU_011520,46.76010443335437
STU_011521,49.838305553809306
STU_011522,100.0
STU_011523,74.09840990095012
STU_011524,86.78536675297867
STU_011525,100.0
STU_011526,82.72389968259476
STU_011527,88.49388399048823
STU_011528,87.98941040303276
STU_011529,83.35843078307926
STU_011530,65.7349625749238
STU_011531,79.25056036926998
STU_011532,74.20448678462981
STU_011533,78.34256887831529
STU_011534,75.20062382727374
STU_011535,70.10234986040581
STU_011536,57.37468994283144
STU_011537,55.286081714896746
STU_011538,72.45020940812326
STU_011539,70.55722019336245
STU_011540,77.29290939240607
STU_011541,80.59478046543192
STU_011542,62.67162013797317
STU_011543,75.69645675652046
STU_011544,83.83216403978861
STU_011545,90.67143670393172
STU_011546,61.811601280515035
STU_011547,92.62853882650313
STU_011548,81.89602547295405
STU_011549,60.73293504702208
STU_011550,82.35156587382966
STU_011551,75.88604834478372
STU_011552,58.58815808488649
STU_011553,74.64027277094823
STU_011554,77.92961286013569
STU_011555,84.03878445693064
STU_011556,97.21201737842105
STU_011557,60.03446373259666
STU_011558,100.0
STU_011559,97.15165370732663
STU_011560,100.0
STU_011561,68.0273495945255
STU_011562,99.56874645766453
STU_011563,95.59125817946094
STU_011564,57.28638277757427
STU_011565,73.16606195224452
STU_011566,70.57495108682438
STU_011567,60.04606228812223
STU_011568,58.57970356146183
STU_011569,82.73281350043203
STU_011570,99.23601371279392
STU_011571,80.04336694583543
STU_011572,89.40869195382169
STU_011573,75.02318798448903
STU_011574,71.3442789056393
STU_011575,72.24462155561068
STU_011576,76.93999371210657
STU_011577,65.17105460420086
STU_011578,65.64400949471566
STU_011579,71.06654469480975
STU_011580,93.08648829529378
STU_011581,63.589723582068956
STU_011582,84.78192487885073
STU_011583,64.4748586460082
STU_011584,88.26890811176963
STU_011585,84.4482663079586
STU_011586,81.89161649342938
STU_011587,93.95369953615108
STU_011588,91.75015555513767
STU_011589,85.14572321199311
STU_011590,70.1376629701768
STU_011591,62.8452128990971
STU_011592,95.1621629365815
STU_011593,75.63442882918872
STU_011594,97.04095597047461
STU_011595,89.59425104861297
STU_011596,76.81750631574782
STU_011597,67.38376166596412
STU_011598,77.95928526338247
STU_011599,63.64085296807292
STU_011600,61.65234548126644
STU_011601,70.3134356903388
STU_011602,85.48242119167605
STU_011603,63.123172714645236
STU_011604,85.25543269388983
STU_011605,85.69455406818159
STU_011606,66.03896126583143
STU_011607,94.5425936079144
STU_011608,87.24701149081417
STU_011609,62.98549369446386
STU_011610,84.5136402135656
STU_011611,55.88448054943218
STU_011612,80.57998684909785
STU_011613,69.19365998283796
STU_011614,61.422785320607304
STU_011615,90.05670827780557
STU_011616,88.23395113718493
STU_011617,69.87681888088355
STU_011618,71.61193844526863
STU_011619,83.4736559026415
STU_011620,55.95567022554436
STU_011621,72.89844713369422
STU_011622,74.07150724855941
STU_011623,60.72681401950179
STU_011624,85.99125820924093
STU_011625,100.0
STU_011626,79.06105313753956
STU_011627,68.93925909113838
STU_011628,71.39066427261477
STU_011629,71.58113650708232
STU_011630,94.19620422690087
STU_011631,51.78414801554226
STU_011632,64.29045373723675
STU_011633,100.0
STU_011634,51.44268131617536
STU_011635,93.17054916646707
STU_011636,64.9601340077682
STU_011637,74.30299496317394
STU_011638,78.846978356953
STU_011639,86.98184515781668
STU_011640,89.31695230363314
STU_011641,78.16274246318517
STU_011642,79.97923375714817
STU_011643,62.126926937151225
STU_011644,93.01370912283527
STU_011645,97.78450809834834
STU_011646,76.36690611938221
STU_011647,77.7243377282306
STU_011648,77.57860744995519
STU_011649,83.52015907933105
STU_011650,87.83716857854796
STU_011651,68.46503660750606
STU_011652,55.207677415618924
STU_011653,100.0
STU_011654,65.63216159079023
STU_011655,76.22966259034317
STU_011656,61.08172853897547
STU_011657,38.811216634612975
STU_011658,100.0
STU_011659,62.70406690736947
STU_011660,82.08419055029125
STU_011661,100.0
STU_011662,87.80139737312436
STU_011663,94.16023086095464
STU_011664,93.50326805216295
STU_011665,62.917478337886386
STU_011666,73.29661372311567
STU_011667,60.812753189296856
STU_011668,77.4129155891674
STU_011669,62.92304770929033
STU_011670,89.1035143774019
STU_011671,76.14005039067811
STU_011672,92.5337342401969
STU_011673,75.99819170775733
STU_011674,63.42881142760476
STU_011675,90.0401865126465
STU_011676,73.5366932049898
STU_011677,81.08858545638083
STU_011678,54.85882281473231
STU_011679,94.35763194353837
STU_011680,89.3864799845183
STU_011681,96.4933106723322
STU_011682,46.37620611686742
STU_011683,73.72873874801704
STU_011684,62.12323042495836
STU_011685,59.74176564703781
STU_011686,70.87019030268979
STU_011687,88.30015456223998
STU_011688,84.57513884117336
STU_011689,71.96435249753557
STU_011690,73.90403069280596
STU_011691,98.17968928316526
STU_011692,80.67695121207078
STU_011693,87.47260795619871
STU_011694,93.82519240797069
STU_011695,88.340490229046
STU_011696,88.23598942380673
STU_011697,68.97767166841679
STU_011698,68.48334156130295
STU_011699,81.08102085561387
STU_011700,60.235857191424536
STU_011701,76.04919458437132
STU_011702,86.76525340510676
STU_011703,91.94298716238939
STU_011704,82.3536469435466
STU_011705,76.02203524670023
STU_011706,89.82926299060155
STU_011707,71.92310834203522
STU_011708,75.89404998440374
STU_011709,81.21213873233529
STU_011710,83.64212887181442
STU_011711,78.98981548094656
STU_011712,55.40971194592994
STU_011713,95.55678963490996
STU_011714,74.88280650723158
STU_011715,86.93704598953875
STU_011716,86.12249700907878
STU_011717,74.28820725891364
STU_011718,83.2931536733764
STU_011719,77.520114304819
STU_011720,97.60807547991882
STU_011721,66.58252492866961
STU_011722,67.4257962468553
STU_011723,71.78338236152052
STU_011724,90.85614125815331
STU_011725,77.49891946699732
STU_011726,54.2677403297458
STU_011727,61.88360465581967
STU_011728,53.96801890739748
STU_011729,76.7191680047732
STU_011730,73.18526298912384
STU_011731,91.69328742485989
STU_011732,88.52859135894244
STU_011733,80.00821288311346
STU_011734,90.0738545421339
STU_011735,79.05165183051687
STU_011736,70.05377609278668
STU_011737,67.90512778912178
STU_011738,88.30755335603129
STU_011739,89.41421862756279
STU_011740,85.98388658148971
STU_011741,78.02690895336748
STU_011742,64.08689697762738
STU_011743,56.916202694776146
STU_011744,72.17656623793067
STU_011745,63.09150424529986
STU_011746,68.50017924257469
STU_011747,84.76366821211542
STU_011748,71.55862692209413
STU_011749,74.28225771412892
STU_011750,94.34990302808252
STU_011751,69.3413898803889
STU_011752,63.2490546399619
STU_011753,50.26380271138899
STU_011754,79.650943950922
STU_011755,76.60353829766642
STU_011756,82.15707970194836
STU_011757,77.37329571173353
STU_011758,98.55619961845667
STU_011759,72.88232925677252
STU_011760,85.40803342759718
STU_011761,90.20690533827019
STU_011762,76.24152242374865
STU_011763,82.51161304760873
STU_011764,64.37548886637711
STU_011765,81.44079379885639
STU_011766,46.495140537328155
STU_011767,62.16049135611897
STU_011768,85.42179105386634
STU_011769,60.29172749184859
STU_011770,98.49770600413743
STU_011771,67.41832183150449
STU_011772,63.52865813563532
STU_011773,63.71522229643851
STU_011774,64.52922466235592
STU_011775,80.71371374937911
STU_011776,65.81271465345348
STU_011777,71.85619340383167
STU_011778,90.25198034690911
STU_011779,81.30239971334122
STU_011780,70.90143510724165
STU_011781,62.19745966854501
STU_011782,87.79203946364444
STU_011783,74.693153872967
STU_011784,72.24627098875374
STU_011785,66.35720979186497
STU_011786,82.51886059183906
STU_011787,67.96995125274474
STU_011788,69.80013999225844
STU_011789,64.74518079286173
STU_011790,83.03318242663909
STU_011791,93.13820848476274
STU_011792,78.51962741748653
STU_011793,65.17533364285373
STU_011794,60.52477639225846
STU_011795,61.85042547615141
STU_011796,98.33761807383786
STU_011797,65.90069933185443
STU_011798,67.74314272730219
STU_011799,100.0
STU_011800,67.61783237973569
STU_011801,85.09157107696191
STU_011802,91.35900302062313
STU_011803,72.15300803524795
STU_011804,70.95282380833476
STU_011805,68.6461778821328
STU_011806,68.6346785854713
STU_011807,81.89884200181365
STU_011808,89.17962366797529
STU_011809,88.1494585243788
STU_011810,93.7620482961305
STU_011811,90.36718117052096
STU_011812,68.28128409407364
STU_011813,70.84909336144818
STU_011814,93.11518272100426
STU_011815,68.45414210268356
STU_011816,78.91807637748875
STU_011817,96.40244052760094
STU_011818,78.69625770391923
STU_011819,73.65403273334064
STU_011820,70.83865293764796
STU_011821,73.6036179025715
STU_011822,100.0
STU_011823,71.58717245988265
STU_011824,71.6450111785585
STU_011825,81.91317976123892
STU_011826,69.33109353442954
STU_011827,76.75662361482969
STU_011828,72.33354039668694
STU_011829,74.58823272629567
STU_011830,66.77446021494106
STU_011831,66.56205329875174
STU_011832,67.3258225814346
STU_011833,67.12560331815523
STU_011834,63.915942754680785
STU_011835,80.85515939378851
STU_011836,78.96825792769711
STU_011837,75.15416824313834
STU_011838,66.20337374701394
STU_011839,88.76882610912205
STU_011840,85.44884568655904
STU_011841,80.23025802286224
STU_011842,60.2396470548711
STU_011843,58.67311444417254
STU_011844,85.95508056081266
STU_011845,68.07923651510326
STU_011846,88.34952975689714
STU_011847,73.13170727783027
STU_011848,97.4494746147842
STU_011849,74.88181528005774
STU_011850,69.25445548324141
STU_011851,89.47832304211883
STU_011852,92.15080283087823
STU_011853,85.50059452980207
STU_011854,71.4414863956333
STU_011855,89.97650880432968
STU_011856,84.40831084193078
STU_011857,80.39167935778099
STU_011858,84.27756755440188
STU_011859,73.20634579110731
STU_011860,71.21287117097086
STU_011861,69.32920221372086
STU_011862,69.31767136887095
STU_011863,99.41671086375504
STU_011864,51.78991652391863
STU_011865,81.96298524651662
STU_011866,62.710438325141254
STU_011867,85.3824428785384
STU_011868,80.97520684137396
STU_011869,76.29916351504018
STU_011870,89.15177865586384
STU_011871,66.69824586763697
STU_011872,68.93033802424414
STU_011873,78.89872835868039
STU_011874,67.29259625056484
STU_011875,61.472447302892874
STU_011876,67.42998219555916
STU_011877,90.41787614207178
STU_011878,58.44451597664775
STU_011879,79.066441033066
STU_011880,60.307502486957105
STU_011881,58.7274300478898
STU_011882,86.08412262539065
STU_011883,51.38756571462472
STU_011884,69.9619829884698
STU_011885,59.73380837742365
STU_011886,70.77594987078521
STU_011887,75.61136218714344
STU_011888,77.35101755902639
STU_011889,43.9382900129616
STU_011890,62.217960889694496
STU_011891,81.93831866925017
STU_011892,100.0
STU_011893,85.74000470901993
STU_011894,72.97727412411567
STU_011895,95.27495745939069
STU_011896,58.231697528659794
STU_011897,71.5020785351263
STU_011898,100.0
STU_011899,58.206300181836056
STU_011900,75.56773846370055
STU_011901,77.0928520941338
STU_011902,52.82399154861211
STU_011903,73.52441661764756
STU_011904,78.514260246609
STU_011905,69.13151169337729
STU_011906,82.2731564251641
STU_011907,85.43730517714866
STU_011908,95.45146548675012
STU_011909,51.81184668043325
STU_011910,85.73161881387665
STU_011911,71.35620259427603
STU_011912,90.99824598102725
STU_011913,75.0852900710025
STU_011914,89.83743275988077
STU_011915,85.61275030723719
STU_011916,71.57821036205095
STU_011917,88.12660451199977
STU_011918,80.9878725325946
STU_011919,99.10974089435265
STU_011920,72.92781919717301
STU_011921,66.97981016600136
STU_011922,76.6591789198101
STU_011923,63.35360954737131
STU_011924,71.92200267336466
STU_011925,44.306581202868074
STU_011926,73.24618603649523
STU_011927,71.02124502714946
STU_011928,68.90124697965294
STU_011929,75.8475608859535
STU_011930,85.34297177714785
STU_011931,88.18156772379871
STU_011932,69.06978162973223
STU_011933,55.27893400530319
STU_011934,78.24376601003914
STU_011935,56.12350169186165
STU_011936,92.65230827185914
STU_011937,70.06184931434404
STU_011938,60.20610442432347
STU_011939,92.36714007521016
STU_011940,78.69541908010237
STU_011941,79.66575134922402
STU_011942,92.55184468650441
STU_011943,74.04367778940757
STU_011944,65.40953090750664
STU_011945,74.92511430127595
STU_011946,96.01069798758301
STU_011947,84.20266552667144
STU_011948,63.34106945334921
STU_011949,82.06325733077608
STU_011950,75.19948383810328
STU_011951,90.11997853796535
STU_011952,65.33350918216938
STU_011953,51.05069200595228
STU_011954,89.89478069935195
STU_011955,64.3442345620381
STU_011956,93.30505766653806
STU_011957,60.543019454861934
STU_011958,94.5279515401598
STU_011959,77.61421627603409
STU_011960,89.57043275045427
STU_011961,90.69239786084117
STU_011962,77.2701745204178
STU_011963,92.05404740228045
STU_011964,73.43651782009039
STU_011965,77.3174593625569
STU_011966,90.20378810426895
STU_011967,55.87597416892028
STU_011968,89.99184678652591
STU_011969,58.35623543556156
STU_011970,83.36268564085321
STU_011971,56.08998437850996
STU_011972,88.7038679432237
STU_011973,68.25662625509163
STU_011974,96.35201535793286
STU_011975,76.23510483386694
STU_011976,66.68098830426133
STU_011977,83.40824914621112
STU_011978,61.56717218789695
STU_011979,76.8661952239076
STU_011980,79.40487589539184
STU_011981,77.4519293550032
STU_011982,93.24350373663188
STU_011983,70.899335194777
STU_011984,80.85121646881166
STU_011985,77.32822591170965
STU_011986,68.1028062161126
STU_011987,58.29229931436086
STU_011988,74.14897262803298
STU_011989,70.57574083038281
STU_011990,92.73360100469972
STU_011991,62.55636905446211
STU_011992,44.32621431751437
STU_011993,71.03885208934202
STU_011994,67.15808943176465
STU_011995,73.68228293236501
STU_011996,71.48150945515414
STU_011997,85.24582100060996
STU_011998,94.3281619729166
STU_011999,100.0
STU_012000,88.95409480621447
STU_012001,88.82653564373251
STU_012002,72.98849241530863
STU_012003,79.80991166647642
STU_012004,69.75322770287715
STU_012005,79.14659930802844
STU_012006,91.53101018417158
STU_012007,63.58647262216604
STU_012008,80.11660800497827
STU_012009,72.36750989540343
STU_012010,40.09463114221172
STU_012011,59.05167460786184
STU_012012,72.11779917524524
STU_012013,71.52626564362376
STU_012014,54.65197903599254
STU_012015,66.90169093141205
STU_012016,51.96326640814297
STU_012017,75.23413521359194
STU_012018,89.7929491910722
STU_012019,93.18084550695991
STU_012020,59.714568565217135
STU_012021,65.15197840424867
STU_012022,71.00909034132756
STU_012023,77.04014855290988
STU_012024,93.92361238326193
STU_012025,88.98323150186783
STU_012026,68.90145453582082
STU_012027,89.01653059026174
STU_012028,95.97811180281664
STU_012029,63.83405491786658
STU_012030,85.78755121009668
STU_012031,92.36615401641697
STU_012032,67.61018269349846
STU_012033,65.96565302164665
STU_012034,96.16400375053087
STU_012035,70.91988074342991
STU_012036,68.70855315851814
STU_012037,81.73573847037216
STU_012038,64.40880479160941
STU_012039,67.8624713451888
STU_012040,93.47978044083837
STU_012041,75.04773929710109
STU_012042,88.27776274527218
STU_012043,74.90215961537467
STU_012044,71.4574238266824
STU_012045,57.106700734808626
STU_012046,83.45518124011267
STU_012047,99.14508239280153
STU_012048,57.47705139504404
STU_012049,74.03409547228588
STU_012050,76.11743367101019
STU_012051,35.68135443285478
STU_012052,84.81780616733748
STU_012053,83.32295539409263
STU_012054,67.78613340767346
STU_012055,80.95683493309161
STU_012056,99.25296530807383
STU_012057,90.15821421273854
STU_012058,66.9016021040823
STU_012059,56.77769376277613
STU_012060,71.15422574131075
STU_012061,59.78465389657522
STU_012062,92.18733026084874
STU_012063,57.864968852561894
STU_012064,63.544965229366376
STU_012065,85.20997111952505
STU_012066,74.00776063949698
STU_012067,75.56343230856334
STU_012068,64.70648853421302
STU_012069,64.9566849067556
STU_012070,81.2998418997685
STU_012071,77.64553096887056
STU_012072,71.32501187609951
STU_012073,88.5906757998736
STU_012074,87.488265940898
STU_012075,52.945428353894954
STU_012076,68.63470327992437
STU_012077,65.98669667755098
STU_012078,72.36805491610616
STU_012079,75.28678763266075
STU_012080,75.47417931565809
STU_012081,53.22532844116613
STU_012082,91.46054611724574
STU_012083,68.73524890236102
STU_012084,77.70889348681925
STU_012085,95.84319418547395
STU_012086,82.68649827472612
STU_012087,76.43796884580418
STU_012088,77.88777198067491
STU_012089,74.35549167374977
STU_012090,91.83580501720363
STU_012091,90.9261843471163
STU_012092,82.38917898385753
STU_012093,78.94061505426367
STU_012094,79.92191416491875
STU_012095,65.22444562055664
STU_012096,76.56735385685153
STU_012097,79.39719595474324
STU_012098,63.27870939004919
STU_012099,75.48830200845983
STU_012100,90.33364430206476
STU_012101,92.43234363055522
STU_012102,69.33386262649545
STU_012103,76.60944034520459
STU_012104,62.62392531886787
STU_012105,85.47832265610691
STU_012106,88.25336130146377
STU_012107,82.10826388387133
STU_012108,89.02458461051023
STU_012109,76.41772348111036
STU_012110,76.04878439656953
STU_012111,49.20823945288808
STU_012112,82.74050305164232
STU_012113,88.51399648083274
STU_012114,72.76571681151702
STU_012115,74.38048673349654
STU_012116,77.21202617560462
STU_012117,92.59133285703825
STU_012118,66.7853951723916
STU_012119,90.41684481414367
STU_012120,66.22897614461371
STU_012121,69.53172674726464
STU_012122,66.49129488604011
STU_012123,83.05504951552135
STU_012124,68.63143662016958
STU_012125,79.11743086164931
STU_012126,69.95991266257643
STU_012127,76.18061703175312
STU_012128,74.34494455604955
STU_012129,75.90579648641084
STU_012130,65.62378349990834
STU_012131,49.995363433851594
STU_012132,82.51186201982094
STU_012133,80.15871149140773
STU_012134,63.56213647919378
STU_012135,66.46441024608237
STU_012136,54.24819268059154
STU_012137,66.78199705753579
STU_012138,56.23510713470971
STU_012139,67.95896404920535
STU_012140,76.92147402093498
STU_012141,64.56643836592818
STU_012142,79.57258926242548
STU_012143,99.95797027171972
STU_012144,81.46710783477894
STU_012145,79.22175093663913
STU_012146,80.7206254283031
STU_012147,68.38067511418498
STU_012148,76.07161268361777
STU_012149,81.56981063783519
STU_012150,78.66546628945699
STU_012151,81.08222647647514
STU_012152,55.732357740224515
STU_012153,71.56752746815198
STU_012154,78.95178657252794
STU_012155,63.17797361874178
STU_012156,72.31989293056176
STU_012157,82.57226261076201
STU_012158,86.71861402291128
STU_012159,85.85082491286467
STU_012160,93.92872696474403
STU_012161,95.01944185966644
STU_012162,82.68717786996851
STU_012163,100.0
STU_012164,43.35625106696068
STU_012165,69.747359319121
STU_012166,66.47715494039628
STU_012167,93.76014318450666
STU_012168,56.92976072009215
STU_012169,60.005927874887654
STU_012170,69.33250945107648
STU_012171,81.8886068754765
STU_012172,91.4573485431419
STU_012173,90.63451683581707
STU_012174,85.46355095970435
STU_012175,77.84192263087797
STU_012176,73.74281522350992
STU_012177,73.58051183751604
STU_012178,87.4102310936295
STU_012179,69.98721525549519
STU_012180,81.27217872660052
STU_012181,93.92367383850289
STU_012182,76.19156684512072
STU_012183,92.40077067578056
STU_012184,75.47325837529596
STU_012185,77.3614223281131
STU_012186,94.46037966020148
STU_012187,52.78452294541084
STU_012188,62.563203554095246
STU_012189,61.488963815325505
STU_012190,88.32051936236553
STU_012191,74.38432313902689
STU_012192,72.56977138963944
STU_012193,64.86682076057117
STU_012194,75.62493976534267
STU_012195,69.36448100065266
STU_012196,48.34033921197073
STU_012197,86.34061616978371
STU_012198,70.10318252431
STU_012199,81.98478900879101
STU_012200,56.03223189368808
STU_012201,74.42788723126966
STU_012202,79.41735882255688
STU_012203,87.55618416346272
STU_012204,71.73547849467116
STU_012205,73.96652433843272
STU_012206,87.67980069053525
STU_012207,91.05660257375261
STU_012208,73.62267956828737
STU_012209,63.0698913192893
STU_012210,76.36745608070456
STU_012211,79.4125424966807
STU_012212,70.42219580286226
STU_012213,79.3208916117352
STU_012214,65.83932234873431
STU_012215,60.797531142458666
STU_012216,81.70893958605348
STU_012217,91.68906985196301
STU_012218,100.0
STU_012219,71.2718775683637
STU_012220,59.576072566579526
STU_012221,75.44674197802466
STU_012222,67.39752474589869
STU_012223,62.09774573690713
STU_012224,68.00799622127484
STU_012225,87.44911109136305
STU_012226,76.69529023474581
STU_012227,76.38607664316926
STU_012228,63.73867503480238
STU_012229,84.60122815674809
STU_012230,83.51257592870601
STU_012231,63.15521029945248
STU_012232,79.65501531597916
STU_012233,85.27453326833547
STU_012234,63.55105658080619
STU_012235,66.95528215731234
STU_012236,98.88801810512828
STU_012237,71.23272810814554
STU_012238,67.61051261447899
STU_012239,74.78773484984546
STU_012240,72.78204313025873
STU_012241,85.77647918939346
STU_012242,73.83027873301381
STU_012243,53.13809950744185
STU_012244,61.43294278572685
STU_012245,69.93377796299104
STU_012246,61.46028942712853
STU_012247,58.106349839549054
STU_012248,89.40629890156623
STU_012249,85.60334297447591
STU_012250,86.91672834167913
STU_012251,70.86078930323006
STU_012252,59.424625123523995
STU_012253,57.30222912386796
STU_012254,50.507219654991516
STU_012255,79.31852351666697
STU_012256,69.21008216639866
STU_012257,82.15576638212858
STU_012258,74.95599916389138
STU_012259,77.77252692411753
STU_012260,87.96979147030704
STU_012261,82.79197675592081
STU_012262,83.65531875146928
STU_012263,66.23813063781206
STU_012264,64.44025185111602
STU_012265,67.44912904343308
STU_012266,95.00486581184475
STU_012267,93.97095869154748
STU_012268,53.830019415865436
STU_012269,80.39966504486884
STU_012270,71.5037946461178
STU_012271,76.13049552944813
STU_012272,73.01147502530388
STU_012273,70.45246459569861
STU_012274,63.02186546751752
STU_012275,90.7260210400603
STU_012276,71.22996369833041
STU_012277,78.02786846294121
STU_012278,66.26046516928493
STU_012279,79.70153774722642
STU_012280,73.43422768207131
STU_012281,57.60302606206425
STU_012282,88.70176560737696
STU_012283,94.93192790611945
STU_012284,69.863074843851
STU_012285,77.813034553234
STU_012286,76.86429799124761
STU_012287,94.04804378420144
STU_012288,79.71127989430606
STU_012289,90.61074370872713
STU_012290,85.55465457200813
STU_012291,67.39703205639593
STU_012292,76.24190506152456
STU_012293,72.91887589328957
STU_012294,87.71510443724794
STU_012295,78.16550953927234
STU_012296,78.58121315236237
STU_012297,72.73247552506554
STU_012298,70.48996150429915
STU_012299,84.32832010027897
STU_012300,57.32341678643243
STU_012301,86.42482696722448
STU_012302,80.25707992943711
STU_012303,63.166045152068875
STU_012304,48.815832168105516
STU_012305,96.37303775972913
STU_012306,71.0315860331192
STU_012307,70.89513645450413
STU_012308,84.86134574368637
STU_012309,66.04991065342571
STU_012310,76.47008357104545
STU_012311,80.68143328567538
STU_012312,55.58354419890378
STU_012313,72.82394132753815
STU_012314,97.59333688966338
STU_012315,91.33810271747771
STU_012316,69.22539997391317
STU_012317,99.2868370244453
STU_012318,80.4360474338473
STU_012319,82.16102527145594
STU_012320,63.35951804763402
STU_012321,67.0573220770239
STU_012322,94.87084651021482
STU_012323,61.96545422622981
STU_012324,81.98846253330025
STU_012325,63.764334323623004
STU_012326,73.25785850113681
STU_012327,61.319963504549506
STU_012328,64.37020190487767
STU_012329,91.96802556752479
STU_012330,88.1058470805657
STU_012331,80.31518657530412
STU_012332,67.80923535508622
STU_012333,86.25940186350849
STU_012334,71.33081764693371
STU_012335,67.78640920998394
STU_012336,85.27566918557805
STU_012337,89.32990179109399
STU_012338,69.78175774025615
STU_012339,88.88464368691126
STU_012340,66.16907461570295
STU_012341,56.62311403514568
STU_012342,88.98720872350053
STU_012343,91.55571772791316
STU_012344,60.35865729704208
STU_012345,62.58314295662413
STU_012346,73.58419181746906
STU_012347,93.79947987805204
STU_012348,75.46661719550121
STU_012349,69.84765733135671
STU_012350,84.22778040217605
STU_012351,87.55835019875647
STU_012352,83.415282455034
STU_012353,95.48835562409553
STU_012354,60.87771140699779
STU_012355,86.94669732812311
STU_012356,81.85055578657744
STU_012357,69.77661241359489
STU_012358,95.9340183600113
STU_012359,86.16498378827667
STU_012360,72.69715538384469
STU_012361,61.6623287016492
STU_012362,78.55274065827112
STU_012363,76.3372932502296
STU_012364,80.9279256607114
STU_012365,66.62525633330661
STU_012366,83.83815460082715
STU_012367,76.02790824799474
STU_012368,62.53831001827692
STU_012369,76.00739726938349
STU_012370,100.0
STU_012371,70.44215512662024
STU_012372,85.48421139363101
STU_012373,73.6418141175125
STU_012374,74.58857818467722
STU_012375,64.38345354697827
STU_012376,83.6827356604432
STU_012377,84.67403563045016
STU_012378,72.8705061395269
STU_012379,71.5334390816133
STU_012380,94.39552784622263
STU_012381,100.0
STU_012382,68.16130518079808
STU_012383,81.04059479034731
STU_012384,99.54390744443717
STU_012385,90.94762256583695
STU_012386,79.89585396953025
STU_012387,88.0857134606936
STU_012388,84.53155602068446
STU_012389,97.03846607506264
STU_012390,75.74629661292794
STU_012391,49.43032101529864
STU_012392,79.04003955059139
STU_012393,67.48748841148236
STU_012394,71.9402142499676
STU_012395,85.85318131646835
STU_012396,78.59826112194676
STU_012397,78.01614734847911
STU_012398,82.01067426614573
STU_012399,78.26767283401843
STU_012400,77.24329365014616
STU_012401,93.06301267018998
STU_012402,100.0
STU_012403,52.23742259549577
STU_012404,77.59350382501174
STU_012405,65.52817160975859
STU_012406,62.27727592756898
STU_012407,93.56154260434133
STU_012408,82.50741724301257
STU_012409,71.13065470694461
STU_012410,45.445905950883756
STU_012411,93.45297860780171
STU_012412,74.79843934210919
STU_012413,59.61639668200975
STU_012414,98.63456404650825
STU_012415,90.31959854500386
STU_012416,88.85586685945603
STU_012417,65.61429691618801
STU_012418,86.8695258605743
STU_012419,72.02270524405242
STU_012420,56.14992622952181
STU_012421,70.23198386243999
STU_012422,81.8400962845106
STU_012423,74.73106016405903
STU_012424,89.4128807672877
STU_012425,55.75343010724602
STU_012426,85.44979113462867
STU_012427,71.5075455971458
STU_012428,86.55237013340798
STU_012429,60.87915259472184
STU_012430,71.98835028177953
STU_012431,65.80987965590833
STU_012432,58.23823339062781
STU_012433,57.606021872913104
STU_012434,90.51674823276483
STU_012435,70.45360732014797
STU_012436,72.28741157462734
STU_012437,90.82396099300996
STU_012438,58.952405435136455
STU_012439,77.62617526591666
STU_012440,70.0191253159517
STU_012441,93.09612047533584
STU_012442,99.40969340481595
STU_012443,61.036360150982176
STU_012444,85.35080857963976
STU_012445,73.67136115045942
STU_012446,86.90136936577605
STU_012447,94.41496789541
STU_012448,75.70580776819821
STU_012449,79.79673347237919
STU_012450,70.69859924809539
STU_012451,84.48315746967313
STU_012452,78.2482989842276
STU_012453,93.34933239780244
STU_012454,85.98781315298393
STU_012455,72.59916624624145
STU_012456,89.11423488393064
STU_012457,67.7243020805067
STU_012458,80.10322576046302
STU_012459,58.73605068633541
STU_012460,84.69338596800804
STU_012461,77.71754965954706
STU_012462,75.10158268216964
STU_012463,81.12285414650397
STU_012464,74.01332392031162
STU_012465,77.23223271884126
STU_012466,69.80275870353694
STU_012467,75.36177981086377
STU_012468,87.7882232965611
STU_012469,87.53320492608071
STU_012470,50.65231929721617
STU_012471,55.46627108358689
STU_012472,96.10091268354154
STU_012473,74.8350481614058
STU_012474,63.43003049506653
STU_012475,68.91094434237992
STU_012476,50.538358522477225
STU_012477,97.70098253845435
STU_012478,74.3733872103034
STU_012479,66.29414920443324
STU_012480,76.51161665112139
STU_012481,88.42992465102084
STU_012482,71.47771374030218
STU_012483,63.80565838690047
STU_012484,72.2406321909842
STU_012485,78.77189541031795
STU_012486,72.35347037060501
STU_012487,66.0379540347228
STU_012488,70.3069445687766
STU_012489,80.90599708560457
STU_012490,89.31103064351552
STU_012491,60.71054893529501
STU_012492,63.43874185518924
STU_012493,59.07020138267379
STU_012494,71.78040852240414
STU_012495,73.90996458875094
STU_012496,79.89217484625262
STU_012497,90.1308329258664
STU_012498,67.95908383310174
STU_012499,78.3499850834193
STU_012500,83.68246314325035
STU_012501,95.4332635563897
STU_012502,83.01562260587343
STU_012503,87.47495050811693
STU_012504,78.35498432207399
STU_012505,84.6668034256963
STU_012506,66.29232138966339
STU_012507,86.85581476684243
STU_012508,70.51163040305069
STU_012509,84.5084533129461
STU_012510,77.70004032086538
STU_012511,76.45673052081176
STU_012512,78.56967769087304
STU_012513,70.90465665150397
STU_012514,100.0
STU_012515,91.07956670409482
STU_012516,83.5128500933888
STU_012517,98.28846438890025
STU_012518,60.80472222798133
STU_012519,78.01435715399589
STU_012520,72.13864674385573
STU_012521,95.3921811276104
STU_012522,99.20461518927216
STU_012523,80.62221118587615
STU_012524,98.56714809552973
STU_012525,92.61612048993496
STU_012526,96.85566115048022
STU_012527,90.75589884901623
STU_012528,62.518655498282804
STU_012529,98.03602676784374
STU_012530,79.89960689804835
STU_012531,76.28942714096922
STU_012532,70.3852724282335
STU_012533,84.38426162083198
STU_012534,59.69399441829519
STU_012535,84.04052323616881
STU_012536,70.57131312216103
STU_012537,55.234815243909054
STU_012538,63.99848320347445
STU_012539,84.67004706823745
STU_012540,70.93837702338251
STU_012541,96.67950449989442
STU_012542,99.09326338183058
STU_012543,74.37811568587595
STU_012544,81.02499793954469
STU_012545,68.4846617961271
STU_012546,76.94272582995131
STU_012547,100.0
STU_012548,47.60198623243971
STU_012549,71.59803769685638
STU_012550,94.46941174194409
STU_012551,89.4752109136482
STU_012552,76.11394661792929
STU_012553,76.04439474476636
STU_012554,67.2117019094677
STU_012555,52.55661253484307
STU_012556,64.35302938699458
STU_012557,81.28636113199653
STU_012558,69.55862672106161
STU_012559,90.84078740209719
STU_012560,70.21940616985344
STU_012561,64.18455986024969
STU_012562,67.91617435702206
STU_012563,77.78373034955311
STU_012564,91.48280590581027
STU_012565,100.0
STU_012566,79.08605528515554
STU_012567,65.71480527478
STU_012568,95.0204829405416
STU_012569,65.48715969019642
STU_012570,52.68176794956081
STU_012571,54.477571401355306
STU_012572,54.85254235863793
STU_012573,74.7152375165985
STU_012574,62.668317025915904
STU_012575,67.01822564093268
STU_012576,73.11072746054052
STU_012577,100.0
STU_012578,53.54740541721064
STU_012579,79.66841605951208
STU_012580,66.59390233717514
STU_012581,65.92847953340403
STU_012582,69.03187604418747
STU_012583,65.18357870108169
STU_012584,60.757539095452834
STU_012585,71.31039446275071
STU_012586,74.73296332477638
STU_012587,71.74860635553247
STU_012588,71.9794915115111
STU_012589,49.64519833144682
STU_012590,69.4429926911848
STU_012591,71.83732316703575
STU_012592,97.34671346963131
STU_012593,95.22959004310086
STU_012594,53.04259593074903
STU_012595,63.900320104187635
STU_012596,81.72766478226383
STU_012597,69.99640006428335
STU_012598,70.03915962887903
STU_012599,69.18862157784761
STU_012600,72.2023721174788
STU_012601,74.17135941748447
STU_012602,67.26871754623346
STU_012603,86.99663706059252
STU_012604,76.45225827892091
STU_012605,79.79959306029026
STU_012606,70.31040621398908
STU_012607,56.70796131325464
STU_012608,80.85586772014979
STU_012609,60.79080738136277
STU_012610,71.26857615804579
STU_012611,70.17240766005446
STU_012612,61.06934482698931
STU_012613,93.61056206184591
STU_012614,73.95939128448516
STU_012615,74.37005458931647
STU_012616,83.67093649170718
STU_012617,64.16236802156888
STU_012618,91.27695797994487
STU_012619,84.45894942351484
STU_012620,79.43067734926592
STU_012621,91.56558458815499
STU_012622,92.46342371265199
STU_012623,93.62456895095433
STU_012624,83.3959302455329
STU_012625,90.50744786030377
STU_012626,89.26378735274758
STU_012627,84.88974530755465
STU_012628,71.16348718620634
STU_012629,82.73725082618105
STU_012630,69.98976209189735
STU_012631,69.00397342660209
STU_012632,65.8035278447242
STU_012633,73.06036165491861
STU_012634,87.82395582577334
STU_012635,78.17212750737016
STU_012636,71.48067403042973
STU_012637,76.96696458722624
STU_012638,84.55787876914522
STU_012639,93.53031535855133
STU_012640,83.40693437404171
STU_012641,71.50427292261247
STU_012642,67.40281846603716
STU_012643,81.00888181497237
STU_012644,78.18921251674992
STU_012645,54.48702531663703
STU_012646,86.84167181352566
STU_012647,81.90991145509082
STU_012648,63.271164499711546
STU_012649,78.91118021830624
STU_012650,78.96362080432573
STU_012651,75.21912525906578
STU_012652,99.55380615116081
STU_012653,92.79799689287019
STU_012654,82.75858814477175
STU_012655,73.66283099585286
STU_012656,79.71697240055606
STU_012657,93.88765381449049
STU_012658,84.99600150531231
STU_012659,76.95647446598112
STU_012660,77.53292487941488
STU_012661,89.2155768019439
STU_012662,91.88286373180017
STU_012663,67.25246549634883
STU_012664,53.55496812930744
STU_012665,90.88144435081642
STU_012666,60.67098368550789
STU_012667,79.33959315485586
STU_012668,72.31808426685512
STU_012669,66.4928526863656
STU_012670,59.985598114038055
STU_012671,69.69382674207161
STU_012672,62.09267194208317
STU_012673,56.692504293181734
STU_012674,61.267224804616866
STU_012675,73.0151737331103
STU_012676,94.38513393330024
STU_012677,59.10462736975376
STU_012678,71.96765056214068
STU_012679,76.91357346971452
STU_012680,74.87970996713116
STU_012681,77.88763320463462
STU_012682,88.29364038199341
STU_012683,77.70273672588257
STU_012684,83.4742987536427
STU_012685,92.08690002325119
STU_012686,73.11111576772255
STU_012687,79.12167514729296
STU_012688,82.2672756531982
STU_012689,69.61596194322571
STU_012690,62.352653928164344
STU_012691,74.72196907813546
STU_012692,77.49356961978228
STU_012693,78.86082764659064
STU_012694,59.9304956531828
STU_012695,69.86339971811951
STU_012696,61.82874609738988
STU_012697,80.30287311938733
STU_012698,66.34539420569173
STU_012699,79.57960734941693
STU_012700,66.03578595674996
STU_012701,99.99430400063864
STU_012702,74.29677068783576
STU_012703,68.3159475160058
STU_012704,74.56492709871735
STU_012705,61.627082435913145
STU_012706,74.46504939820889
STU_012707,98.81370215174059
STU_012708,55.43582964659638
STU_012709,65.0978036566742
STU_012710,96.30173552521947
STU_012711,65.67064785315094
STU_012712,71.64353331937394
STU_012713,62.06722093888128
STU_012714,86.4095993817323
STU_012715,73.7917118652921
STU_012716,81.34404779363703
STU_012717,68.23805455902101
STU_012718,80.93779051668639
STU_012719,64.34155876812933
STU_012720,81.19333400214276
STU_012721,79.30295895034776
STU_012722,50.96941606290953
STU_012723,80.96385632863345
STU_012724,88.88042002131405
STU_012725,60.4670717094303
STU_012726,52.025838536201334
STU_012727,65.0620229203814
STU_012728,85.4442111638769
STU_012729,61.3073200353656
STU_012730,84.22794253645947
STU_012731,98.94941757190757
STU_012732,79.94878232091085
STU_012733,53.5783368599228
STU_012734,82.2944651149281
STU_012735,60.75011474894288
STU_012736,100.0
STU_012737,73.93428283049573
STU_012738,74.39228028600645
STU_012739,79.61181726320731
STU_012740,89.76692261027834
STU_012741,48.42307735042486
STU_012742,66.53860690247684
STU_012743,76.18039759487203
STU_012744,80.16141777083385
STU_012745,65.67567744068585
STU_012746,81.98848881094477
STU_012747,63.17582574774612
STU_012748,90.96438537247533
STU_012749,84.15782242375798
STU_012750,66.76809206257307
STU_012751,51.10586481507334
STU_012752,72.40308603929219
STU_012753,66.00025674220582
STU_012754,59.05439308303118
STU_012755,87.83092221153169
STU_012756,62.4413037208713
STU_012757,48.61130554220735
STU_012758,87.41262747073785
STU_012759,58.0212492114928
STU_012760,74.829615374311
STU_012761,60.10388002442388
STU_012762,83.37398418947211
STU_012763,97.58357300033182
STU_012764,94.0034905474921
STU_012765,90.10820338002776
STU_012766,64.44550139813259
STU_012767,95.96086728868346
STU_012768,87.74413422506953
STU_012769,71.88493908844674
STU_012770,57.53800903207995
STU_012771,54.6667100732414
STU_012772,96.22889884578512
STU_012773,64.00439519571285
STU_012774,75.88558218819391
STU_012775,67.26524264924117
STU_012776,76.2617988792464
STU_012777,51.93343681394531
STU_012778,71.83681448512394
STU_012779,74.31200858637438
STU_012780,73.5422516674519
STU_012781,87.66367605537044
STU_012782,55.666744068866805
STU_012783,98.30830459716576
STU_012784,50.68560608307722
STU_012785,71.29031815440594
STU_012786,51.941993248702104
STU_012787,69.47948932387156
STU_012788,91.57210466422302
STU_012789,79.66949608853442
STU_012790,97.57483993360901
STU_012791,80.3389517609782
STU_012792,70.61573435383525
STU_012793,88.94842454385443
STU_012794,77.2729964531676
STU_012795,91.08945805822017
STU_012796,70.32923928954169
STU_012797,61.766427565850805
STU_012798,96.48831807704893
STU_012799,85.56664443682448
STU_012800,52.03966903353407
STU_012801,69.33872902707209
STU_012802,73.0312566775425
STU_012803,89.88008763671839
STU_012804,61.041506866825245
STU_012805,75.01758475156458
STU_012806,79.62651174600649
STU_012807,64.12472297483944
STU_012808,82.13654952459513
STU_012809,82.50116895078426
STU_012810,85.89680260445894
STU_012811,76.69584203910009
STU_012812,69.36541280994716
STU_012813,81.90453682343059
STU_012814,66.2737612460781
STU_012815,68.1247022232957
STU_012816,81.80664201161485
STU_012817,70.98998307697576
STU_012818,85.86764812355287
STU_012819,55.68731947497801
STU_012820,85.56992904442404
STU_012821,71.80411639395435
STU_012822,84.2343117554929
STU_012823,78.67934205210078
STU_012824,78.97281545751088
STU_012825,56.45891014573896
STU_012826,86.80021148850552
STU_012827,60.588860553599105
STU_012828,91.09718894470728
STU_012829,71.00618875304154
STU_012830,75.1837849876991
STU_012831,69.07790998738135
STU_012832,95.41843983204554
STU_012833,85.3427609595627
STU_012834,73.64079865236764
STU_012835,68.62504922449448
STU_012836,80.99127981680023
STU_012837,61.99329025176738
STU_012838,64.69293827607315
STU_012839,65.89890237129413
STU_012840,89.29344289031665
STU_012841,69.66399516882628
STU_012842,78.49896324008503
STU_012843,81.09814694128403
STU_012844,75.78202947246453
STU_012845,61.82092850720304
STU_012846,72.96883847297354
STU_012847,75.93038296188797
STU_012848,73.4123865050573
STU_012849,87.25743761181818
STU_012850,77.43652037708442
STU_012851,85.38855539144865
STU_012852,90.118033525631
STU_012853,62.59401496745116
STU_012854,81.92788305997466
STU_012855,84.46772068040124
STU_012856,69.81586965029253
STU_012857,95.59109113595531
STU_012858,85.149294507648
STU_012859,63.083318269299454
STU_012860,82.65690688119204
STU_012861,68.02755569268709
STU_012862,74.53047818452194
STU_012863,93.48124620708364
STU_012864,80.14264329334657
STU_012865,68.36900350428809
STU_012866,75.43190157154726
STU_012867,88.04156275065955
STU_012868,82.17479428290208
STU_012869,62.94935683565072
STU_012870,80.80878418379433
STU_012871,84.34688551615409
STU_012872,85.69268296603008
STU_012873,62.56777088531078
STU_012874,74.17097010740036
STU_012875,72.76261520329166
STU_012876,50.37226833605801
STU_012877,81.7221621898212
STU_012878,98.7112465765442
STU_012879,84.29273624441441
STU_012880,87.28920408288172
STU_012881,96.44850003777167
STU_012882,89.08975207650784
STU_012883,69.47799599824705
STU_012884,80.07502706644809
STU_012885,76.22964414329526
STU_012886,55.39849013369348
STU_012887,75.1157866113983
STU_012888,70.19104524809616
STU_012889,69.7562016738
STU_012890,69.18349534276705
STU_012891,69.67868056673514
STU_012892,70.90607485203054
STU_012893,84.98338070820844
STU_012894,70.93608021288473
STU_012895,91.2012200814259
STU_012896,74.96511655935761
STU_012897,78.257398068023
STU_012898,88.37134466050955
STU_012899,83.13840572527883
STU_012900,79.07236227470403
STU_012901,71.15167403094372
STU_012902,86.07830488353494
STU_012903,65.50636381326406
STU_012904,82.00548259357117
STU_012905,61.54054881021494
STU_012906,100.0
STU_012907,51.88783903795244
STU_012908,85.41121198848785
STU_012909,68.65670073867844
STU_012910,34.47729189575819
STU_012911,81.8095242904266
STU_012912,51.13688268999735
STU_012913,61.94974136376891
STU_012914,75.82604984716819
STU_012915,56.59635723567952
STU_012916,65.03347083952391
STU_012917,90.24783344371849
STU_012918,56.9010530185542
STU_012919,97.01045586591744
STU_012920,79.20591323734298
STU_012921,60.689460612418415
STU_012922,74.47903068781588
STU_012923,62.13987772536805
STU_012924,75.35851081998354
STU_012925,75.04948668939225
STU_012926,63.63318530928835
STU_012927,87.76296896182069
STU_012928,63.06100796927069
STU_012929,65.23839267184542
STU_012930,66.56705484773146
STU_012931,86.62967000075902
STU_012932,66.51698380536628
STU_012933,69.6540231249349
STU_012934,67.92681248180148
STU_012935,69.36057285496915
STU_012936,68.74081064027146
STU_012937,70.33458015251463
STU_012938,94.71107064636001
STU_012939,47.488236108048596
STU_012940,71.6963466257138
STU_012941,58.00483145187077
STU_012942,73.70866515680355
STU_012943,73.27305597627806
STU_012944,78.15449005697505
STU_012945,91.55089264883318
STU_012946,58.286412319309484
STU_012947,72.2635967506715
STU_012948,86.83894274430244
STU_012949,97.62385724961118
STU_012950,81.3209898700631
STU_012951,85.71171674245943
STU_012952,73.07102851943361
STU_012953,81.17693745230508
STU_012954,83.43836987107927
STU_012955,90.5669572945115
STU_012956,73.38570768893469
STU_012957,66.99098750291704
STU_012958,76.93068422620868
STU_012959,76.60634460886646
STU_012960,76.69042743428714
STU_012961,83.76532867064417
STU_012962,62.218329932714994
STU_012963,70.30049240328152
STU_012964,90.70707598804677
STU_012965,78.26547986691625
STU_012966,74.85989687935671
STU_012967,68.59679873387077
STU_012968,77.03999924341397
STU_012969,75.0533628787948
STU_012970,55.35423876010255
STU_012971,77.6665932526432
STU_012972,77.07122359113293
STU_012973,54.48401142035705
STU_012974,58.283444318686165
STU_012975,60.27353249603216
STU_012976,82.30010058134496
STU_012977,75.94070555075035
STU_012978,91.78610547897111
STU_012979,67.35164888109193
STU_012980,68.87516732718456
STU_012981,86.82269611552533
STU_012982,73.14454480814449
STU_012983,97.879568818284
STU_012984,56.069321227309665
STU_012985,67.73171513438221
STU_012986,63.793253293088554
STU_012987,51.20283577223052
STU_012988,82.45326997299549
STU_012989,95.08626118383145
STU_012990,63.73862929570063
STU_012991,66.10267941010352
STU_012992,52.896038965240905
STU_012993,100.0
STU_012994,80.11189041586856
STU_012995,62.914523819808686
STU_012996,57.777995039635584
STU_012997,84.97407952987456
STU_012998,80.07524509097078
STU_012999,91.16289885473489
STU_013000,92.79663995267562
STU_013001,98.46182829792389
STU_013002,88.291965040133
STU_013003,77.53673989024352
STU_013004,84.9438679201942
STU_013005,73.16871515697613
STU_013006,80.24860975739875
STU_013007,79.66796355311851
STU_013008,84.62514565703971
STU_013009,82.43044058822403
STU_013010,77.99891248932354
STU_013011,60.96824066586957
STU_013012,56.73311245965266
STU_013013,92.18762275830633
STU_013014,86.19540168095807
STU_013015,84.46284498638181
STU_013016,61.16821617513787
STU_013017,89.11247630112656
STU_013018,81.20298227327129
STU_013019,81.36221414140724
STU_013020,59.17542728817644
STU_013021,72.02181880511027
STU_013022,100.0
STU_013023,74.30493534138583
STU_013024,87.033217846904
STU_013025,74.64718280087776
STU_013026,69.57429144262841
STU_013027,70.05853343946572
STU_013028,82.47802250954616
STU_013029,74.38294970313916
STU_013030,75.05778171007276
STU_013031,65.08367777244422
STU_013032,100.0
STU_013033,68.3676291356457
STU_013034,99.98057312654394
STU_013035,90.65476567686287
STU_013036,57.30331223543238
STU_013037,86.53321394450485
STU_013038,76.6859159131615
STU_013039,85.64016105012234
STU_013040,98.25096797467711
STU_013041,77.11110957502535
STU_013042,60.793465991042154
STU_013043,93.81620216834867
STU_013044,66.98337597082714
STU_013045,88.45689639966645
STU_013046,62.37865606179322
STU_013047,69.64528425759902
STU_013048,92.26437596056252
STU_013049,82.3916308571093
STU_013050,80.79487938792369
STU_013051,93.56124481711444
STU_013052,66.628858224936
STU_013053,72.49279893703815
STU_013054,65.86382067534635
STU_013055,88.36840386543122
STU_013056,76.78835616188388
STU_013057,54.84469928796662
STU_013058,59.78276940002221
STU_013059,85.46301764427929
STU_013060,63.41604004349483
STU_013061,60.465437251376144
STU_013062,98.74499041462978
STU_013063,82.98506629049311
STU_013064,63.98955657856819
STU_013065,57.264642906322024
STU_013066,99.64903185790767
STU_013067,80.08941383385654
STU_013068,91.85792901437759
STU_013069,97.48865882220593
STU_013070,64.3322974291227
STU_013071,81.8309046625777
STU_013072,85.75519602240404
STU_013073,70.75419821776734
STU_013074,73.82265376916166
STU_013075,52.52803681722848
STU_013076,80.43299646366702
STU_013077,91.2626212748384
STU_013078,74.46902503484655
STU_013079,87.0043091751812
STU_013080,75.42037393994428
STU_013081,76.37915101094896
STU_013082,59.45454614556999
STU_013083,62.7737277467529
STU_013084,71.6437233973962
STU_013085,76.49660446926404
STU_013086,77.93593275417608
STU_013087,62.37948581126128
STU_013088,77.32919114051597
STU_013089,62.188486745999526
STU_013090,96.43913800133032
STU_013091,66.23886636995225
STU_013092,65.25640925658675
STU_013093,85.92858846522464
STU_013094,88.74935250559733
STU_013095,73.04358204210257
STU_013096,77.48973743865974
STU_013097,81.83616813969502
STU_013098,83.33248544069386
STU_013099,59.29208781316228
STU_013100,72.82907938726021
STU_013101,81.6793436413179
STU_013102,92.306582406952
STU_013103,72.59554529283557
STU_013104,79.64410283106305
STU_013105,65.00095858312719
STU_013106,86.82249720535481
STU_013107,57.24559064564339
STU_013108,95.04977615891434
STU_013109,88.98987894757134
STU_013110,59.30526386719483
STU_013111,100.0
STU_013112,100.0
STU_013113,73.70214471771294
STU_013114,67.21881449085937
STU_013115,76.99478847346751
STU_013116,61.90068477259754
STU_013117,65.23344554910108
STU_013118,72.55413558676821
STU_013119,83.9250116596671
STU_013120,66.30915621170864
STU_013121,90.12895017814915
STU_013122,75.99259386479085
STU_013123,93.25696799493359
STU_013124,99.5551533984364
STU_013125,87.75320588484234
STU_013126,71.86708191786343
STU_013127,66.78249559107716
STU_013128,87.60748925010205
STU_013129,77.77099555968923
STU_013130,94.09143684808895
STU_013131,49.03975740244729
STU_013132,80.72830189092359
STU_013133,95.88058349800832
STU_013134,70.51830136998146
STU_013135,68.90345410696723
STU_013136,64.63970678833054
STU_013137,80.52662423480612
STU_013138,65.49596545459706
STU_013139,77.61519973527578
STU_013140,100.0
STU_013141,73.85448244827076
STU_013142,57.96395385928359
STU_013143,70.5178967702559
STU_013144,65.48277061816952
STU_013145,60.23038344555408
STU_013146,52.17885647777254
STU_013147,80.76495593682719
STU_013148,70.03387823167049
STU_013149,81.55841004849411
STU_013150,83.35687073156336
STU_013151,79.24141175742255
STU_013152,86.97743057832886
STU_013153,72.51176313610651
STU_013154,76.143228049537
STU_013155,97.43028110965004
STU_013156,81.0109490229602
STU_013157,73.61380980665454
STU_013158,85.38068029940723
STU_013159,84.37613026383042
STU_013160,64.3879942095655
STU_013161,62.68267927000124
STU_013162,59.55775160865831
STU_013163,88.71848461327266
STU_013164,70.08137363339884
STU_013165,69.82012190899017
STU_013166,50.87366930168487
STU_013167,90.74877373265372
STU_013168,75.7562042156957
STU_013169,76.1027903992863
STU_013170,73.73214724213788
STU_013171,85.3335208965528
STU_013172,68.19999452161056
STU_013173,86.87750033399065
STU_013174,65.53405952218145
STU_013175,53.58704823982758
STU_013176,96.83584756365155
STU_013177,66.91849679491725
STU_013178,82.89934867227647
STU_013179,72.7167131296043
STU_013180,88.78499078348818
STU_013181,82.99738477515422
STU_013182,71.14362943795749
STU_013183,79.76194309954704
STU_013184,74.66411384838372
STU_013185,69.84287197068538
STU_013186,62.0068787840149
STU_013187,65.65607385210123
STU_013188,90.45736731916827
STU_013189,100.0
STU_013190,80.83573839839366
STU_013191,94.1131641616654
STU_013192,84.49513848736065
STU_013193,83.9603506470535
STU_013194,99.22469495427104
STU_013195,86.87344113397441
STU_013196,78.34382586842331
STU_013197,55.21419925798383
STU_013198,68.99726020812287
STU_013199,82.08012620779763
STU_013200,52.56622722796871
STU_013201,85.15231052593177
STU_013202,65.67630987928213
STU_013203,68.89139092479849
STU_013204,62.95302925597286
STU_013205,80.03187714789064
STU_013206,68.91014123541174
STU_013207,72.96941416930619
STU_013208,73.4931581985266
STU_013209,78.4567935205709
STU_013210,58.442167084873105
STU_013211,75.77649609670286
STU_013212,60.77531965332767
STU_013213,70.2505411220498
STU_013214,91.17760019386674
STU_013215,50.020609175525976
STU_013216,100.0
STU_013217,95.35008998350033
STU_013218,70.53374981711983
STU_013219,82.07912773720844
STU_013220,97.08962065748284
STU_013221,61.06564583878863
STU_013222,63.158787510792735
STU_013223,86.03871197289385
STU_013224,69.90305270897471
STU_013225,50.82276935178008
STU_013226,80.82405453582953
STU_013227,86.52047343194766
STU_013228,67.8628046422995
STU_013229,64.83113597440146
STU_013230,71.22950039662959
STU_013231,66.99010111469104
STU_013232,69.0187983841417
STU_013233,91.76538058284652
STU_013234,67.46105545789472
STU_013235,69.42767330356932
STU_013236,88.89802084636996
STU_013237,65.0820601928927
STU_013238,78.31111279691464
STU_013239,77.28270956577578
STU_013240,61.87693656529295
STU_013241,70.76749887573621
STU_013242,70.41115952287277
STU_013243,58.341461394056395
STU_013244,73.20060779214158
STU_013245,72.28731067710396
STU_013246,68.09732474478275
STU_013247,100.0
STU_013248,94.33322304235193
STU_013249,49.58495881100653
STU_013250,74.44553354509526
STU_013251,85.73780242735313
STU_013252,87.24971000770938
STU_013253,68.16809234033686
STU_013254,94.56300551042546
STU_013255,78.69359608207094
STU_013256,72.23928309838166
STU_013257,79.10122719698965
STU_013258,67.21127363668553
STU_013259,60.72616469569526
STU_013260,68.2716175649437
STU_013261,67.0307001364324
STU_013262,61.21344788464033
STU_013263,63.164376958931115
STU_013264,91.74431423324444
STU_013265,76.82781492170514
STU_013266,70.97098547164147
STU_013267,70.42207423454637
STU_013268,64.67232546987186
STU_013269,82.21522974516498
STU_013270,94.86123132330857
STU_013271,66.76265812891792
STU_013272,81.65220110170975
STU_013273,65.77678705408601
STU_013274,75.75021054326106
STU_013275,63.40675773866535
STU_013276,59.14813073710893
STU_013277,69.63603809270217
STU_013278,63.20900671791405
STU_013279,59.812034988047
STU_013280,89.34507649902844
STU_013281,95.72868905495676
STU_013282,91.64993759492552
STU_013283,78.19476413554706
STU_013284,77.74948177503465
STU_013285,74.35841589136213
STU_013286,65.46919972598614
STU_013287,94.63322581297723
STU_013288,82.3756280844695
STU_013289,98.60006485329262
STU_013290,80.52461173716335
STU_013291,86.01302462753796
STU_013292,79.55279071906256
STU_013293,74.63823623087387
STU_013294,86.12558413673415
STU_013295,73.14572445724158
STU_013296,76.26416695992785
STU_013297,74.28881097942026
STU_013298,56.848822003870524
STU_013299,84.08900110587979
STU_013300,76.76317196373057
STU_013301,89.85050028631407
STU_013302,86.34696586386362
STU_013303,87.90644634538002
STU_013304,82.75793243171034
STU_013305,72.71733301345583
STU_013306,68.4381402793542
STU_013307,78.0052942575964
STU_013308,96.09243007629993
STU_013309,71.81739868547487
STU_013310,54.698363534979315
STU_013311,88.58104985672662
STU_013312,52.71740609668004
STU_013313,68.3455320679533
STU_013314,63.58522499606467
STU_013315,69.02505279037635
STU_013316,78.93588795399573
STU_013317,74.06284413311894
STU_013318,52.25972794241456
STU_013319,68.36539505649739
STU_013320,83.11996967353042
STU_013321,77.86636379547367
STU_013322,98.41041386043986
STU_013323,98.74883389226383
STU_013324,77.21167773985182
STU_013325,80.60013625008564
STU_013326,73.50991582302801
STU_013327,73.42300540960143
STU_013328,65.77944739463064
STU_013329,81.22313635843255
STU_013330,63.90262773900184
STU_013331,72.14229255060584
STU_013332,67.69786285520914
STU_013333,62.135475426843584
STU_013334,71.87115930960998
STU_013335,66.92672785161078
STU_013336,86.07634703941369
STU_013337,52.43578184432867
STU_013338,66.5679824778057
STU_013339,71.17999976728484
STU_013340,91.8417960199168
STU_013341,70.9736516720445
STU_013342,81.49348611384838
STU_013343,69.90280295739366
STU_013344,79.92930628211278
STU_013345,69.11759358007383
STU_013346,95.24265923983727
STU_013347,84.30673621919377
STU_013348,84.98840463170616
STU_013349,100.0
STU_013350,61.202515024160846
STU_013351,80.66010809791071
STU_013352,73.60343462818679
STU_013353,59.969478208732006
STU_013354,61.62096703763915
STU_013355,89.48013402624514
STU_013356,61.6337673045624
STU_013357,67.67657976583851
STU_013358,73.835520353038
STU_013359,75.91993825702784
STU_013360,74.69077017152217
STU_013361,67.58905208999356
STU_013362,84.58132521930293
STU_013363,75.5496149687922
STU_013364,67.91038349777433
STU_013365,86.02475011802892
STU_013366,97.84853547775279
STU_013367,82.5548230393992
STU_013368,85.3155314918119
STU_013369,56.13845049069295
STU_013370,79.72127656772656
STU_013371,72.05104447636224
STU_013372,77.24066865264007
STU_013373,76.46544841300889
STU_013374,87.54842956361655
STU_013375,91.20981761014588
STU_013376,45.460159306121014
STU_013377,84.18405882147465
STU_013378,63.14601147293325
STU_013379,79.21556181014823
STU_013380,87.84393612025772
STU_013381,97.40226881851828
STU_013382,99.9046437859934
STU_013383,61.79949431922715
STU_013384,61.70598704338036
STU_013385,65.49229916413391
STU_013386,97.24854434633025
STU_013387,56.65273475548064
STU_013388,84.26270477025804
STU_013389,68.40240159481982
STU_013390,69.6892408181624
STU_013391,86.10579892536573
STU_013392,93.65548229162704
STU_013393,71.39981738870956
STU_013394,100.0
STU_013395,63.23335837970758
STU_013396,65.92968546637013
STU_013397,100.0
STU_013398,91.32953114770918
STU_013399,60.489058610414205
STU_013400,67.42702570120481
STU_013401,100.0
STU_013402,78.54957298100096
STU_013403,92.5257440755366
STU_013404,64.1828955252287
STU_013405,78.25763327427032
STU_013406,100.0
STU_013407,72.00425546162785
STU_013408,68.50048051211677
STU_013409,57.646633975532644
STU_013410,75.5866906335256
STU_013411,64.25512383167032
STU_013412,63.98740407027144
STU_013413,74.36877201233699
STU_013414,86.87571091155041
STU_013415,72.86433512842541
STU_013416,57.13816954780849
STU_013417,72.72029781167558
STU_013418,54.381454363323115
STU_013419,62.45818331222374
STU_013420,99.15107062013402
STU_013421,98.98958561638239
STU_013422,89.48509480033067
STU_013423,56.62445881480568
STU_013424,99.35143045770246
STU_013425,78.47946358393226
STU_013426,55.87775193051218
STU_013427,70.94671659115421
STU_013428,73.04502852421193
STU_013429,95.49758686452083
STU_013430,66.47887049986451
STU_013431,63.730606754684544
STU_013432,78.08863633638796
STU_013433,90.71800257765997
STU_013434,89.97889576373704
STU_013435,94.16220041085231
STU_013436,73.74691896406885
STU_013437,73.57429279017607
STU_013438,79.37684951871526
STU_013439,91.4350061209905
STU_013440,78.35924454855336
STU_013441,99.61962935025579
STU_013442,97.63219475638309
STU_013443,70.16600239559907
STU_013444,82.2834381107244
STU_013445,77.67617371747843
STU_013446,91.08363953325073
STU_013447,86.24027267757702
STU_013448,80.70483451932877
STU_013449,76.54193097826357
STU_013450,93.74861737065028
STU_013451,68.63629358350215
STU_013452,74.85229110728861
STU_013453,81.1474119231703
STU_013454,70.31642571087988
STU_013455,96.34319299785116
STU_013456,69.09961099837713
STU_013457,68.62842818579065
STU_013458,74.24867998888733
STU_013459,60.17201918467137
STU_013460,59.60370761303879
STU_013461,73.11870849611101
STU_013462,58.63712426067745
STU_013463,83.49565489387368
STU_013464,57.546203662186336
STU_013465,63.71002861353972
STU_013466,85.3499252780475
STU_013467,61.52990379239557
STU_013468,91.90566010953208
STU_013469,77.70663339257689
STU_013470,90.51583145154396
STU_013471,81.65731251997177
STU_013472,83.35449742995226
STU_013473,64.46103490379855
STU_013474,76.08410456766796
STU_013475,85.66517606906748
STU_013476,75.48067451128233
STU_013477,65.68070925379772
STU_013478,76.6933846916846
STU_013479,70.78445282215408
STU_013480,83.7479964721216
STU_013481,77.75809525963886
STU_013482,79.03352887775485
STU_013483,79.11144872441434
STU_013484,85.79012500683177
STU_013485,92.85820585287428
STU_013486,51.87376815657662
STU_013487,77.09857892338579
STU_013488,79.35706821811976
STU_013489,77.68002768220418
STU_013490,73.8165992193239
STU_013491,85.62997203012449
STU_013492,79.78003533885801
STU_013493,67.46660218662724
STU_013494,75.73729345354005
STU_013495,83.83449902351416
STU_013496,87.25721395132945
STU_013497,49.86095377911998
STU_013498,73.8325710953708
STU_013499,81.1230807843973
STU_013500,64.58090624823788
STU_013501,85.20560957851472
STU_013502,82.74554308102788
STU_013503,71.92839610237326
STU_013504,89.04359368546496
STU_013505,72.1093399641445
STU_013506,91.65926328380174
STU_013507,68.08955785152577
STU_013508,72.0843428950283
STU_013509,83.83579755129563
STU_013510,67.14489567613488
STU_013511,81.14359441050775
STU_013512,64.82908754333081
STU_013513,51.76041276194138
STU_013514,87.18389119695101
STU_013515,75.25006554598588
STU_013516,100.0
STU_013517,83.37660002849786
STU_013518,73.19507122216704
STU_013519,100.0
STU_013520,73.88692414894166
STU_013521,65.80128668146423
STU_013522,63.629924975866494
STU_013523,99.51678169255902
STU_013524,83.54434841166889
STU_013525,74.090713341226
STU_013526,74.53235935425789
STU_013527,65.3308368135747
STU_013528,56.125233415640764
STU_013529,93.82277869226272
STU_013530,70.73855671516043
STU_013531,98.85595376589093
STU_013532,59.73186423400311
STU_013533,72.26187978778583
STU_013534,90.71408327913115
STU_013535,96.03828548886707
STU_013536,83.80783340908249
STU_013537,75.5971730302587
STU_013538,96.5726829192752
STU_013539,69.01324037439772
STU_013540,100.0
STU_013541,63.14080087124249
STU_013542,84.75570542661211
STU_013543,74.46812638392348
STU_013544,74.75037670279798
STU_013545,85.79419856440471
STU_013546,95.28921814228235
STU_013547,98.64818306697263
STU_013548,83.02958512047593
STU_013549,62.9725928992775
STU_013550,78.90163368463763
STU_013551,65.4870201545951
STU_013552,85.04937281024473
STU_013553,71.22574755512258
STU_013554,73.80016007794487
STU_013555,59.78185128009562
STU_013556,86.10005547145437
STU_013557,72.39977279192408
STU_013558,71.36019468839274
STU_013559,88.10708139994387
STU_013560,54.34685491512147
STU_013561,72.87770522255141
STU_013562,87.27828076516403
STU_013563,86.37375247191883
STU_013564,55.34776482827131
STU_013565,81.21679571766956
STU_013566,72.67945968160669
STU_013567,93.49548076899299
STU_013568,74.45290691952329
STU_013569,75.51241060824998
STU_013570,72.63868638523405
STU_013571,74.16555534294938
STU_013572,59.463546897290044
STU_013573,63.981643860312154
STU_013574,74.80231163018519
STU_013575,58.05025278341676
STU_013576,70.22293832937572
STU_013577,61.303517025037664
STU_013578,70.7454261457489
STU_013579,76.35857869522832
STU_013580,84.20243720339724
STU_013581,57.656761492462664
STU_013582,77.16488509879545
STU_013583,68.44362500825551
STU_013584,76.35834656522601
STU_013585,61.93578211770506
STU_013586,62.653844263996405
STU_013587,97.2946932616769
STU_013588,70.55729267448588
STU_013589,74.9343942643983
STU_013590,80.75550507010873
STU_013591,89.69189191742372
STU_013592,98.34529821104718
STU_013593,96.33961259973204
STU_013594,72.65687755528195
STU_013595,63.182645759830535
STU_013596,84.23836971345037
STU_013597,67.21395833146295
STU_013598,76.59379120051625
STU_013599,70.10341810018713
STU_013600,96.08985401069484
STU_013601,68.54422178530078
STU_013602,64.5257310101171
STU_013603,92.60310702071436
STU_013604,67.93934123535973
STU_013605,91.94579867939368
STU_013606,69.25552969533297
STU_013607,43.35285395874877
STU_013608,78.2801043297845
STU_013609,80.2511663288437
STU_013610,94.33741716107447
STU_013611,92.77519176840633
STU_013612,63.67830859083131
STU_013613,75.49212685361813
STU_013614,54.271652895279246
STU_013615,76.72035103119379
STU_013616,80.97747928001081
STU_013617,67.76198904940077
STU_013618,62.903163934151
STU_013619,68.56747287421601
STU_013620,74.98186789408942
STU_013621,73.22474639816906
STU_013622,64.40212784079326
STU_013623,50.00493139562837
STU_013624,50.82682418551825
STU_013625,81.75085379163127
STU_013626,78.85740700856698
STU_013627,82.89569898495343
STU_013628,95.44481368818052
STU_013629,80.33544952776231
STU_013630,67.88469420776471
STU_013631,67.34775513129175
STU_013632,57.38063392132314
STU_013633,94.26286576140762
STU_013634,64.76336665450197
STU_013635,96.01896674368069
STU_013636,68.68471931795159
STU_013637,77.89538400127208
STU_013638,76.83410846895809
STU_013639,64.92272952562038
STU_013640,79.40130181096984
STU_013641,87.57016271523835
STU_013642,73.32870724785982
STU_013643,81.99410332777887
STU_013644,61.728709623885955
STU_013645,72.78128088224332
STU_013646,91.34128709079249
STU_013647,79.67730041794108
STU_013648,97.8454415237876
STU_013649,74.5455334008005
STU_013650,91.00400281906383
STU_013651,72.84053559668703
STU_013652,67.48180146207807
STU_013653,84.4796508508363
STU_013654,77.47897575713199
STU_013655,78.00432235580999
STU_013656,97.70694137139188
STU_013657,67.33041310674241
STU_013658,83.63952081501773
STU_013659,67.3824886987624
STU_013660,69.21686298375582
STU_013661,77.58538340788756
STU_013662,83.30995439929336
STU_013663,76.27519813930935
STU_013664,90.66774021241785
STU_013665,79.70693944397925
STU_013666,80.6317710203683
STU_013667,59.39766810205953
STU_013668,92.06716252610539
STU_013669,62.092886929213286
STU_013670,88.02715752636755
STU_013671,100.0
STU_013672,70.8654507106159
STU_013673,98.12181749526314
STU_013674,77.46171277129176
STU_013675,60.052294223527554
STU_013676,77.65545631003681
STU_013677,81.16043439713695
STU_013678,73.1998402800609
STU_013679,68.32774635833054
STU_013680,55.20235269358919
STU_013681,96.74209208514257
STU_013682,42.07478902040064
STU_013683,58.211257056300454
STU_013684,69.68081354422738
STU_013685,84.98399548614542
STU_013686,90.2806823112945
STU_013687,73.31015551097359
STU_013688,64.30921936186934
STU_013689,97.49526996704557
STU_013690,88.76780059719306
STU_013691,66.70244495314884
STU_013692,63.282392209257
STU_013693,86.69053206831202
STU_013694,76.31587006582188
STU_013695,72.41187243033335
STU_013696,100.0
STU_013697,69.36381448788462
STU_013698,61.46009046881777
STU_013699,71.8409930994663
STU_013700,81.78758571699233
STU_013701,82.28118732506523
STU_013702,92.33024187779111
STU_013703,70.7950553008309
STU_013704,79.81841979497736
STU_013705,84.40837463802971
STU_013706,60.557278829333264
STU_013707,64.53290017011733
STU_013708,57.35325345366617
STU_013709,89.21396354831947
STU_013710,79.33704987126765
STU_013711,99.1970877019339
STU_013712,74.86873912573336
STU_013713,61.60359132060376
STU_013714,73.17094087641878
STU_013715,97.1254790805843
STU_013716,69.50598797763746
STU_013717,56.92002737042886
STU_013718,82.92373154843791
STU_013719,72.39160186471548
STU_013720,52.10737867260185
STU_013721,58.77950676639812
STU_013722,81.180726084345
STU_013723,79.91919962759022
STU_013724,88.9711471469008
STU_013725,65.46106700073483
STU_013726,67.03862981180444
STU_013727,63.677612643999
STU_013728,95.23523535549121
STU_013729,86.00493749313912
STU_013730,80.58591440580815
STU_013731,87.15136488153266
STU_013732,80.19773347344892
STU_013733,83.39093154777692
STU_013734,57.93744655740004
STU_013735,78.03568061436724
STU_013736,99.37771607492407
STU_013737,86.00774352255982
STU_013738,73.39740349942196
STU_013739,70.29622111323512
STU_013740,80.56929020559937
STU_013741,78.87100840818235
STU_013742,94.24111014528815
STU_013743,93.79249337261824
STU_013744,67.25888447930033
STU_013745,90.33819053761727
STU_013746,86.70589295495776
STU_013747,97.00602142442133
STU_013748,73.28815200594813
STU_013749,95.32775742739261
STU_013750,74.85658746202836
STU_013751,72.44597550053552
STU_013752,77.47286206598068
STU_013753,80.4845163301064
STU_013754,72.76889574942825
STU_013755,66.82636090960237
STU_013756,68.84871031076742
STU_013757,100.0
STU_013758,97.805002205086
STU_013759,61.45574470672006
STU_013760,58.935037652488106
STU_013761,93.068318599953
STU_013762,71.39118813476014
STU_013763,74.5305749317195
STU_013764,63.25287678068667
STU_013765,62.89679050994475
STU_013766,87.7428538194506
STU_013767,87.13335785329683
STU_013768,69.7281388626584
STU_013769,55.23678833070301
STU_013770,86.17471279361604
STU_013771,93.86274667656082
STU_013772,65.21735327226405
STU_013773,69.76830279261722
STU_013774,74.12193798138011
STU_013775,76.83166672964984
STU_013776,58.24582293311369
STU_013777,73.63375269344905
STU_013778,90.89615558018392
STU_013779,95.05793065121614
STU_013780,69.07554305808216
STU_013781,60.771440351739344
STU_013782,77.00214358893275
STU_013783,88.63313005213607
STU_013784,75.42251607756977
STU_013785,67.27510191140362
STU_013786,75.84692545669944
STU_013787,94.6089621047785
STU_013788,58.59994597303205
STU_013789,87.01461967206544
STU_013790,64.49052153604268
STU_013791,85.55743626634066
STU_013792,100.0
STU_013793,73.61104178871307
STU_013794,76.8757267024593
STU_013795,76.28590028428715
STU_013796,68.43312116192472
STU_013797,88.68931455848715
STU_013798,56.784274255167276
STU_013799,79.77653435957345
STU_013800,81.42403742836703
STU_013801,99.13011281768578
STU_013802,81.3058504781669
STU_013803,73.30031327161285
STU_013804,76.57485880753705
STU_013805,87.94944146704987
STU_013806,68.64851531547035
STU_013807,70.78374293907542
STU_013808,73.49908977571741
STU_013809,78.10151932933876
STU_013810,83.75450600129757
STU_013811,68.70693885877468
STU_013812,82.65075872507106
STU_013813,69.2380461067007
STU_013814,67.78728645291778
STU_013815,77.81935176898996
STU_013816,67.11921440924257
STU_013817,78.30603020408998
STU_013818,58.439552750206275
STU_013819,79.62768497233154
STU_013820,74.47564922874747
STU_013821,69.77035779665819
STU_013822,95.31760736105943
STU_013823,86.75753322254958
STU_013824,70.79649967358088
STU_013825,62.83127694452574
STU_013826,81.06398853024044
STU_013827,76.61608665073595
STU_013828,83.61698966427214
STU_013829,77.66320419261976
STU_013830,82.33567088488687
STU_013831,80.96291612090941
STU_013832,88.93163216511357
STU_013833,85.3570651305451
STU_013834,68.16619031207269
STU_013835,83.48913189307963
STU_013836,63.01334617895794
STU_013837,94.56566667512314
STU_013838,57.52793190508949
STU_013839,59.695553339003474
STU_013840,58.33658339720324
STU_013841,99.42114542624739
STU_013842,81.11024312062676
STU_013843,75.86430226390823
STU_013844,73.4010924052985
STU_013845,91.41795041453395
STU_013846,84.6393079570764
STU_013847,46.503218323425806
STU_013848,100.0
STU_013849,60.318244689858304
STU_013850,71.0908217932266
STU_013851,64.30295059811803
STU_013852,86.93967975981887
STU_013853,67.89688266429064
STU_013854,80.91542862668067
STU_013855,73.58658864306457
STU_013856,58.63768012780355
STU_013857,79.9987520943827
STU_013858,85.62167498672466
STU_013859,79.82143846059134
STU_013860,73.37540763174445
STU_013861,69.07173674440368
STU_013862,83.56408823016277
STU_013863,82.11466497485958
STU_013864,68.79475991440151
STU_013865,89.8955771284875
STU_013866,55.46508143109881
STU_013867,70.86004794412858
STU_013868,96.9420769484885
STU_013869,72.55213542011518
STU_013870,51.49268047154668
STU_013871,70.08399332931424
STU_013872,99.47041381511539
STU_013873,69.17302943938938
STU_013874,64.72510234539064
STU_013875,62.81085347008028
STU_013876,78.17498353138771
STU_013877,56.83192232402294
STU_013878,60.33931891772917
STU_013879,62.84887783671911
STU_013880,94.8649120766361
STU_013881,69.76504931490439
STU_013882,82.11137008645231
STU_013883,73.39732576012494
STU_013884,79.08083270250701
STU_013885,90.22178554964816
STU_013886,86.96418055340436
STU_013887,76.2779557032286
STU_013888,80.22329910607368
STU_013889,77.76473593494906
STU_013890,95.3917332686921
STU_013891,92.98267622652284
STU_013892,73.44846788175437
STU_013893,58.48753176625283
STU_013894,96.05525233118772
STU_013895,53.704682284275414
STU_013896,91.77118240620851
STU_013897,76.31933458150516
STU_013898,81.5371586202397
STU_013899,82.49833107400221
STU_013900,65.46203047607935
STU_013901,77.19489177305263
STU_013902,73.69028013372608
STU_013903,71.72098936099667
STU_013904,67.8729686647306
STU_013905,88.34562356910838
STU_013906,78.06005905817106
STU_013907,66.5528097317926
STU_013908,70.61627515186568
STU_013909,90.29331217088358
STU_013910,61.173584776917124
STU_013911,82.10104476411257
STU_013912,81.74181253783937
STU_013913,69.42120244680655
STU_013914,61.73843913208557
STU_013915,68.20230702151426
STU_013916,98.76293208247992
STU_013917,50.1596470875904
STU_013918,52.09221420666901
STU_013919,79.135295847351
STU_013920,79.24497621453746
STU_013921,58.13933002535988
STU_013922,96.43477453100357
STU_013923,88.18477508233609
STU_013924,85.02872369936608
STU_013925,68.83942224765913
STU_013926,81.1796380982073
STU_013927,100.0
STU_013928,42.38491031025526
STU_013929,62.14930841023176
STU_013930,71.246980001515
STU_013931,65.5466895142434
STU_013932,65.61793785404433
STU_013933,50.77667611146034
STU_013934,65.2044558536992
STU_013935,75.6145407906032
STU_013936,87.15282763927547
STU_013937,79.3376856980419
STU_013938,75.7845434453505
STU_013939,66.7167797868446
STU_013940,64.34688762076851
STU_013941,66.94719885661439
STU_013942,100.0
STU_013943,64.80254906358961
STU_013944,87.86004061224467
STU_013945,78.0902637423448
STU_013946,97.39933045073784
STU_013947,81.29558417338714
STU_013948,81.73522742440645
STU_013949,47.301137034873406
STU_013950,83.11018671469026
STU_013951,57.60599458434025
STU_013952,96.31700190268901
STU_013953,68.75021402827889
STU_013954,49.28170515936044
STU_013955,64.63605692161701
STU_013956,77.82590928379528
STU_013957,79.73439503307635
STU_013958,72.6914405186593
STU_013959,72.3018867499641
STU_013960,78.89848337188704
STU_013961,70.73742290170284
STU_013962,65.04574923151203
STU_013963,70.32165854594643
STU_013964,77.38526484704411
STU_013965,61.466102803201395
STU_013966,70.05961215404821
STU_013967,68.84356712142066
STU_013968,93.8912522314173
STU_013969,50.97373271598538
STU_013970,90.76982992044117
STU_013971,68.68707311935614
STU_013972,71.17212744668073
STU_013973,66.90705024121468
STU_013974,91.68960321310288
STU_013975,86.29813241763526
STU_013976,67.96300438586286
STU_013977,84.2268416177769
STU_013978,95.62104737032173
STU_013979,85.2304697712791
STU_013980,76.50047115253999
STU_013981,74.65964732424982
STU_013982,72.34007893310698
STU_013983,76.03476370290826
STU_013984,68.7525248527949
STU_013985,84.43475642675567
STU_013986,67.23182053826693
STU_013987,95.14708310441407
STU_013988,71.6640120317274
STU_013989,67.0215990459705
STU_013990,69.90377406667282
STU_013991,80.50835632652118
STU_013992,77.87010498124884
STU_013993,78.08289972072339
STU_013994,72.98604473186182
STU_013995,58.64020759996712
STU_013996,71.90484379906097
STU_013997,94.27041227151577
STU_013998,64.64544165806038
STU_013999,74.55349010192906
STU_014000,74.33760024737813
STU_014001,62.69832604512564
STU_014002,63.396927268806834
STU_014003,68.93255541071575
STU_014004,59.99016605520029
STU_014005,69.86389942829855
STU_014006,63.796270398501406
STU_014007,81.70512261753484
STU_014008,61.21171633641586
STU_014009,100.0
STU_014010,72.15809128955522
STU_014011,80.72462018175383
STU_014012,93.14580767491266
STU_014013,51.067987534891856
STU_014014,87.76236538814649
STU_014015,83.16929454120762
STU_014016,65.1797791876142
STU_014017,82.72442970704924
STU_014018,75.19291337329251
STU_014019,85.63639994545076
STU_014020,83.43490454225697
STU_014021,93.48210081588095
STU_014022,68.5441150880505
STU_014023,63.365132729796564
STU_014024,78.8126697232058
STU_014025,81.9006749193399
STU_014026,72.91302638914837
STU_014027,100.0
STU_014028,85.71163272257448
STU_014029,76.70064368166976
STU_014030,76.33223090248012
STU_014031,74.93932183193346
STU_014032,69.21512319555497
STU_014033,73.55572888371569
STU_014034,88.29259483665862
STU_014035,94.39663361787373
STU_014036,54.25640565549688
STU_014037,59.08025083659191
STU_014038,84.13202270152908
STU_014039,85.25116642567536
STU_014040,69.82677504639442
STU_014041,74.26466033386058
STU_014042,65.34719989397894
STU_014043,68.79005349111232
STU_014044,100.0
STU_014045,78.67619859958215
STU_014046,67.84020063565674
STU_014047,87.45385653856263
STU_014048,64.51870137585779
STU_014049,84.45818874057088
STU_014050,79.54912801487407
STU_014051,72.25232687474411
STU_014052,80.27838848401429
STU_014053,89.7203113957301
STU_014054,88.67011405056799
STU_014055,100.0
STU_014056,77.36055323094216
STU_014057,69.41236696763056
STU_014058,77.80280548381296
STU_014059,60.60996025558296
STU_014060,76.25342814379567
STU_014061,72.53908067074426
STU_014062,87.16290350066654
STU_014063,71.26948458226529
STU_014064,68.65223229823239
STU_014065,60.65684149161048
STU_014066,43.55730416429711
STU_014067,90.9472320003633
STU_014068,73.28927931390727
STU_014069,75.91102905231259
STU_014070,76.19018027201327
STU_014071,40.6388749422391
STU_014072,74.29071565130886
STU_014073,81.22513320177407
STU_014074,75.557774174521
STU_014075,74.19782207503363
STU_014076,64.03419423149953
STU_014077,53.953463918670096
STU_014078,56.617085037959356
STU_014079,80.07648701060322
STU_014080,86.73882072118181
STU_014081,100.0
STU_014082,81.60384301746757
STU_014083,62.754820459044275
STU_014084,77.00085811511022
STU_014085,99.76947219390897
STU_014086,58.0607997691694
STU_014087,72.45828328675478
STU_014088,72.68782111566625
STU_014089,73.07228926938313
STU_014090,66.896819258715
STU_014091,85.40286438758054
STU_014092,66.1337921539639
STU_014093,74.09986640371321
STU_014094,62.71742245744599
STU_014095,81.79169097128232
STU_014096,83.26715929395667
STU_014097,88.34650548463871
STU_014098,68.82262516423332
STU_014099,73.63251943957025
STU_014100,65.17629508526962
STU_014101,78.37800242866376
STU_014102,80.68642492556305
STU_014103,68.38820449545628
STU_014104,90.45982256739111
STU_014105,45.64070430496299
STU_014106,70.93582932890162
STU_014107,89.58317690499732
STU_014108,81.29485093189652
STU_014109,81.81063334032001
STU_014110,83.56156684987343
STU_014111,86.62507414843813
STU_014112,61.454388742959225
STU_014113,57.274690351511396
STU_014114,65.10607516793152
STU_014115,74.91845551617536
STU_014116,100.0
STU_014117,70.06218217758047
STU_014118,93.38204093237034
STU_014119,68.0159776461819
STU_014120,71.43277937856139
STU_014121,62.023811648015645
STU_014122,59.84287512588383
STU_014123,59.33947244000202
STU_014124,58.107070608148874
STU_014125,84.27356416734901
STU_014126,62.83739978452924
STU_014127,68.55972087279068
STU_014128,56.93798607753321
STU_014129,85.10649608104077
STU_014130,76.5182701833411
STU_014131,86.12372488127963
STU_014132,80.04613041575561
STU_014133,73.42706434391113
STU_014134,46.529245228474835
STU_014135,77.37726520627106
STU_014136,75.57797832812113
STU_014137,99.9565066226505
STU_014138,55.28652457899904
STU_014139,74.33431137184597
STU_014140,75.49591992396587
STU_014141,88.97374861097282
STU_014142,75.93533516934347
STU_014143,80.02417078699682
STU_014144,97.52031642578663
STU_014145,68.89766247660782
STU_014146,93.31543375086386
STU_014147,80.48342650610698
STU_014148,90.15398044749853
STU_014149,76.81097248021887
STU_014150,66.87247792328357
STU_014151,95.93633950083326
STU_014152,88.58090473501832
STU_014153,58.36335741714842
STU_014154,77.97095056590419
STU_014155,67.99062320588261
STU_014156,92.35089372124887
STU_014157,81.72437619102888
STU_014158,82.03809164074927
STU_014159,81.60796962796276
STU_014160,94.65881523967238
STU_014161,82.05731071681299
STU_014162,92.93872943253629
STU_014163,76.83338602075654
STU_014164,54.90805457754639
STU_014165,96.28572895909673
STU_014166,69.86580310297154
STU_014167,79.73379807124428
STU_014168,68.62084262246553
STU_014169,55.65957757856074
STU_014170,80.27949284223169
STU_014171,83.73207101271811
STU_014172,80.13957525328937
STU_014173,67.61445185674023
STU_014174,76.56652513374229
STU_014175,83.49848017465638
STU_014176,66.3203729550463
STU_014177,73.15238039533493
STU_014178,73.43081862598041
STU_014179,86.78547690272417
STU_014180,80.32779647594874
STU_014181,77.49241892887454
STU_014182,93.71610047831167
STU_014183,66.01962911009775
STU_014184,85.60447003351437
STU_014185,77.42982014540218
STU_014186,92.03702506438522
STU_014187,96.4225713901991
STU_014188,74.12264952454332
STU_014189,64.47702853972545
STU_014190,68.2321052428499
STU_014191,68.54176444852186
STU_014192,60.66483948714415
STU_014193,84.01246763274177
STU_014194,73.29108459844724
STU_014195,64.56260412039485
STU_014196,82.76200774497904
STU_014197,66.96741370421205
STU_014198,70.5784614660839
STU_014199,59.354239155528184
STU_014200,75.49198927187575
STU_014201,73.01680080168927
STU_014202,83.64365539526007
STU_014203,60.3148427905933
STU_014204,88.96667087281989
STU_014205,69.16155047810429
STU_014206,74.78758441666378
STU_014207,75.79540844892449
STU_014208,73.52146280290515
STU_014209,69.02267330139665
STU_014210,93.07339589331067
STU_014211,75.6956302240589
STU_014212,98.28189503194855
STU_014213,78.77717539968444
STU_014214,64.14804251627993
STU_014215,68.28356442031259
STU_014216,70.71766263074986
STU_014217,89.83706980254055
STU_014218,100.0
STU_014219,71.4923696335947
STU_014220,73.07804436856125
STU_014221,79.89132181925562
STU_014222,79.13205011015634
STU_014223,89.64640939294324
STU_014224,92.951876494919
STU_014225,74.26970894163021
STU_014226,55.83418743601767
STU_014227,72.17799792707152
STU_014228,60.54147102104678
STU_014229,89.95942714024838
STU_014230,92.76268686534752
STU_014231,75.97301047303183
STU_014232,77.1044777255214
STU_014233,56.37116815854021
STU_014234,100.0
STU_014235,75.86539843708175
STU_014236,71.8673009896481
STU_014237,84.21607131854046
STU_014238,49.26693905348282
STU_014239,91.90470642637476
STU_014240,70.31930430954276
STU_014241,82.00804800099021
STU_014242,88.80887429282384
STU_014243,64.27622940852117
STU_014244,78.74945385876083
STU_014245,81.70247106481756
STU_014246,75.93530709377214
STU_014247,64.00690019298362
STU_014248,93.7269989864619
STU_014249,75.12771466886966
STU_014250,81.40038490725924
STU_014251,79.38466376010103
STU_014252,67.04801297842894
STU_014253,88.52930237276843
STU_014254,69.19718234997531
STU_014255,99.82167431581622
STU_014256,67.98742776844972
STU_014257,70.37038068152201
STU_014258,89.74982839901136
STU_014259,68.81856244009165
STU_014260,86.39129168126004
STU_014261,86.55692272468863
STU_014262,79.14829140077266
STU_014263,61.80872062200655
STU_014264,88.70421432913626
STU_014265,66.72275874931404
STU_014266,84.07059331716124
STU_014267,97.54025991937183
STU_014268,90.91818144035832
STU_014269,72.59820503830304
STU_014270,75.52696319874522
STU_014271,61.48906258680559
STU_014272,68.63854369313441
STU_014273,67.57948993924202
STU_014274,66.72345463602495
STU_014275,85.31842159969067
STU_014276,64.9673427226897
STU_014277,92.08465357464488
STU_014278,62.30979499551336
STU_014279,94.2721588423095
STU_014280,53.959851831026675
STU_014281,89.70273496808386
STU_014282,68.78212584391791
STU_014283,52.518111806425935
STU_014284,83.13463306461269
STU_014285,91.15860580010217
STU_014286,64.37176014852845
STU_014287,80.23837098025597
STU_014288,50.454557693544174
STU_014289,76.48905480681431
STU_014290,76.439981930161
STU_014291,67.8859493015033
STU_014292,74.85031828204805
STU_014293,73.08596852331516
STU_014294,60.58512506214488
STU_014295,71.15389877242379
STU_014296,69.01689258649284
STU_014297,59.867903081530784
STU_014298,74.00436681217958
STU_014299,80.4854449526531
STU_014300,90.58125142891802
STU_014301,60.040752126068305
STU_014302,100.0
STU_014303,90.85100395807686
STU_014304,60.72369833692117
STU_014305,79.49330500683958
STU_014306,74.65257148886862
STU_014307,100.0
STU_014308,68.8812840835232
STU_014309,91.93150363414267
STU_014310,71.55031680587709
STU_014311,100.0
STU_014312,79.35350917144855
STU_014313,72.31755261914074
STU_014314,65.25859574694947
STU_014315,86.16292703520779
STU_014316,73.39984079055708
STU_014317,73.01488815051152
STU_014318,72.51823666909067
STU_014319,64.22933379698102
STU_014320,79.54806575626348
STU_014321,63.27148326759895
STU_014322,92.72240565412639
STU_014323,81.65780162556581
STU_014324,81.29502312405012
STU_014325,80.24436789879525
STU_014326,86.14528492350578
STU_014327,69.58457897400825
STU_014328,56.404761526150374
STU_014329,92.08384252095343
STU_014330,56.86122396621711
STU_014331,62.54241046617379
STU_014332,61.06353681013674
STU_014333,65.49774291226062
STU_014334,92.36837260773244
STU_014335,81.29661370839
STU_014336,91.7631591152718
STU_014337,83.42624287618449
STU_014338,65.75948372389429
STU_014339,62.84846883441584
STU_014340,63.04096598310529
STU_014341,92.05618702680455
STU_014342,57.65048245847261
STU_014343,73.88401578947986
STU_014344,48.894286864548604
STU_014345,74.95043075823783
STU_014346,86.29895842846868
STU_014347,67.23824567319687
STU_014348,73.03348493742433
STU_014349,67.78028346693203
STU_014350,69.87804674592022
STU_014351,73.57066100952349
STU_014352,89.52721473032923
STU_014353,91.89936955863297
STU_014354,90.59129184390267
STU_014355,66.29717390616968
STU_014356,50.73982388367442
STU_014357,84.11299773863516
STU_014358,57.38315287067468
STU_014359,77.39684536229987
STU_014360,55.35866861666499
STU_014361,66.7906942443276
STU_014362,100.0
STU_014363,48.06742212641066
STU_014364,80.39648620452675
STU_014365,62.775925803929695
STU_014366,72.18317276629
STU_014367,74.26992167972169
STU_014368,89.9119641490141
STU_014369,86.6971000349401
STU_014370,92.8534586265498
STU_014371,74.48416689355653
STU_014372,86.02473379890768
STU_014373,69.26229050696887
STU_014374,77.85789734643124
STU_014375,83.31642008051642
STU_014376,94.35606196188874
STU_014377,82.32128949824974
STU_014378,100.0
STU_014379,75.53263385443779
STU_014380,84.12359915753187
STU_014381,43.048632241914305
STU_014382,74.4722635502439
STU_014383,72.3237126195425
STU_014384,84.74224129307599
STU_014385,92.67005757257391
STU_014386,61.75580622115862
STU_014387,78.77507910280379
STU_014388,70.28346327513717
STU_014389,77.35875375211319
STU_014390,73.87236031718575
STU_014391,47.19010781712341
STU_014392,86.45321716057464
STU_014393,89.17242986646355
STU_014394,74.96599221301548
STU_014395,95.68343265078545
STU_014396,90.1673371923882
STU_014397,80.97871820128572
STU_014398,100.0
STU_014399,70.08721275653275
STU_014400,95.59935163523885
STU_014401,83.59515414668533
STU_014402,77.3182024511891
STU_014403,77.15705674988715
STU_014404,77.55894356466467
STU_014405,64.79768559779487
STU_014406,78.33944340146478
STU_014407,100.0
STU_014408,61.864170119430014
STU_014409,53.03999320534072
STU_014410,72.72686448617809
STU_014411,67.0001206838158
STU_014412,72.91026161924273
STU_014413,84.0665077557812
STU_014414,66.47567719935631
STU_014415,69.34467460272637
STU_014416,77.53240252161221
STU_014417,92.21852557261474
STU_014418,91.25804394990362
STU_014419,54.01445659266512
STU_014420,90.1850962416608
STU_014421,92.20652913191593
STU_014422,69.33288993548808
STU_014423,92.33284237832535
STU_014424,76.49141508476745
STU_014425,98.61280615710089
STU_014426,72.57513851611566
STU_014427,83.80653943182912
STU_014428,94.0835768306674
STU_014429,94.99268577339947
STU_014430,54.94128323209065
STU_014431,59.10469446862541
STU_014432,72.06287310868396
STU_014433,60.32180140055705
STU_014434,75.77780495021761
STU_014435,95.79473261766893
STU_014436,63.891227391211096
STU_014437,68.76304197838111
STU_014438,74.09687713149106
STU_014439,80.95935655190718
STU_014440,51.865190022015526
STU_014441,65.62009543195776
STU_014442,78.32173934633451
STU_014443,58.99477522139105
STU_014444,55.73766496478494
STU_014445,71.64043618189943
STU_014446,68.35514077751574
STU_014447,96.1781131696131
STU_014448,62.04597076444762
STU_014449,53.88017302302781
STU_014450,69.3491209430179
STU_014451,87.06093109186597
STU_014452,92.15978691458616
STU_014453,100.0
STU_014454,88.92423470289265
STU_014455,87.4740709874012
STU_014456,80.66496463085264
STU_014457,67.19950728794448
STU_014458,62.76136111428865
STU_014459,79.02492960894875
STU_014460,100.0
STU_014461,93.57976709363348
STU_014462,81.5458099592191
STU_014463,80.24475084814995
STU_014464,72.76600666788117
STU_014465,87.21119332641578
STU_014466,68.20466432550829
STU_014467,75.39125421621799
STU_014468,73.90104662651018
STU_014469,86.50044739105361
STU_014470,74.95871957358666
STU_014471,82.91754293151837
STU_014472,64.94440864490787
STU_014473,67.39600341586761
STU_014474,85.23730381303743
STU_014475,62.69579157705266
STU_014476,69.8773177559751
STU_014477,92.55111383297563
STU_014478,84.36926616512523
STU_014479,97.85086811828951
STU_014480,76.2199932921188
STU_014481,89.21765239766346
STU_014482,53.29542033816134
STU_014483,94.18157129051474
STU_014484,48.457950678244075
STU_014485,75.33033607932897
STU_014486,91.44436435176499
STU_014487,83.13072313983923
STU_014488,74.00885524679695
STU_014489,48.990450378527385
STU_014490,89.13609988153307
STU_014491,84.40161419785468
STU_014492,80.92784546073155
STU_014493,61.10937549436336
STU_014494,85.16864954386111
STU_014495,73.0609939681581
STU_014496,73.73339810400637
STU_014497,63.781839034746156
STU_014498,86.11930350754182
STU_014499,79.48513778044472
STU_014500,66.11853936769796
STU_014501,64.78484696684013
STU_014502,72.87685160821638
STU_014503,74.21307356067263
STU_014504,100.0
STU_014505,74.23371911729701
STU_014506,73.46563328936602
STU_014507,72.47789985021143
STU_014508,61.83113874054402
STU_014509,77.60625716186098
STU_014510,59.56393122935758
STU_014511,82.4880564570583
STU_014512,73.85044716130669
STU_014513,80.46878952640353
STU_014514,82.68311240996383
STU_014515,72.33379416059162
STU_014516,78.11435099411116
STU_014517,82.14686251797676
STU_014518,77.38891928716397
STU_014519,58.969645792629635
STU_014520,76.10374894031976
STU_014521,94.99217949148861
STU_014522,68.21304644908822
STU_014523,95.42192801693757
STU_014524,90.96974321200507
STU_014525,69.80684716248653
STU_014526,78.24384668824192
STU_014527,43.58966682660591
STU_014528,68.66982388144392
STU_014529,88.76174565488364
STU_014530,65.3520114156656
STU_014531,72.69216977791478
STU_014532,93.98066461470387
STU_014533,99.96424035275952
STU_014534,94.22682968284406
STU_014535,91.5850451469212
STU_014536,82.88911648144528
STU_014537,78.76872993342553
STU_014538,61.62685024598128
STU_014539,65.4034882408062
STU_014540,55.501928373415566
STU_014541,87.24707673847317
STU_014542,55.32300344997937
STU_014543,83.75299374950839
STU_014544,65.2967176750973
STU_014545,62.97124372742827
STU_014546,60.084456618146056
STU_014547,62.572198341915616
STU_014548,90.57716766462022
STU_014549,97.86828034634624
STU_014550,77.86804176398495
STU_014551,71.94319225968837
STU_014552,68.06718484707726
STU_014553,79.98086406189199
STU_014554,77.55993249730088
STU_014555,69.0229574938224
STU_014556,94.9678739114728
STU_014557,76.38501402991702
STU_014558,62.38307571405407
STU_014559,81.63361631790185
STU_014560,97.15453439026692
STU_014561,73.99303163822529
STU_014562,69.68337446380092
STU_014563,76.25478768242459
STU_014564,96.28415996467346
STU_014565,59.98311760755588
STU_014566,87.85996298379888
STU_014567,71.47706405566763
STU_014568,66.92188258818324
STU_014569,78.0301150256117
STU_014570,53.285767398187915
STU_014571,69.67658727311277
STU_014572,70.48168304149549
STU_014573,76.40730333426228
STU_014574,62.69438065922273
STU_014575,59.85669775010892
STU_014576,69.92694157214817
STU_014577,59.70497553260583
STU_014578,62.74991280444764
STU_014579,77.92151545741424
STU_014580,89.15412438632222
STU_014581,90.28205814829494
STU_014582,82.23245552998796
STU_014583,70.66939629948595
STU_014584,81.34064337492109
STU_014585,71.9896548489572
STU_014586,90.19564678790408
STU_014587,60.13602753347975
STU_014588,82.29421104712424
STU_014589,59.983658286242274
STU_014590,66.69408466408791
STU_014591,89.22575080153203
STU_014592,76.05215941839288
STU_014593,95.43573152899216
STU_014594,94.33860042289163
STU_014595,54.101955253568335
STU_014596,100.0
STU_014597,73.1910856550792
STU_014598,61.78613965101043
STU_014599,80.44069539557049
STU_014600,58.57491801828087
STU_014601,76.9412690081219
STU_014602,92.21631788529082
STU_014603,54.42531399910793
STU_014604,87.1679567520612
STU_014605,98.94327264244058
STU_014606,57.13906700426729
STU_014607,80.8770100403791
STU_014608,61.90483297925367
STU_014609,81.99875346120868
STU_014610,81.00760982030658
STU_014611,77.08940821093375
STU_014612,58.69169145651371
STU_014613,70.78368472654057
STU_014614,90.36900956110091
STU_014615,76.04477276897225
STU_014616,93.89054711669013
STU_014617,62.770867833065076
STU_014618,84.95718785184826
STU_014619,76.53801083152379
STU_014620,85.38821750782495
STU_014621,57.26348925916392
STU_014622,97.64476185078738
STU_014623,75.0403332429558
STU_014624,83.0609707773407
STU_014625,71.01211004672946
STU_014626,92.91803633664567
STU_014627,66.50570429281423
STU_014628,60.85785093334404
STU_014629,81.34858986737791
STU_014630,72.95136530613905
STU_014631,60.118953283495486
STU_014632,69.41107735138084
STU_014633,69.55365461290322
STU_014634,95.42820675518136
STU_014635,58.42385421784904
STU_014636,47.32280998332404
STU_014637,91.73464367415373
STU_014638,66.4214584783341
STU_014639,78.10447249714366
STU_014640,70.76524120718655
STU_014641,60.870722029493315
STU_014642,96.56283753718355
STU_014643,55.61444160632303
STU_014644,90.74719968737617
STU_014645,73.8656089005027
STU_014646,91.29410356664076
STU_014647,90.97285430833986
STU_014648,72.01635383308756
STU_014649,88.83498107458306
STU_014650,72.39609727398766
STU_014651,63.209043598309925
STU_014652,91.89708880753174
STU_014653,78.68027244814508
STU_014654,87.1455455728487
STU_014655,49.69574807464083
STU_014656,68.4677400202159
STU_014657,55.33087678810904
STU_014658,75.65196453553105
STU_014659,69.47008123154855
STU_014660,71.15870127528686
STU_014661,51.903448338655295
STU_014662,68.6575694493759
STU_014663,73.82529618072864
STU_014664,55.743116112794766
STU_014665,74.87380000983386
STU_014666,91.90137154717031
STU_014667,79.72631648330216
STU_014668,55.661405016216065
STU_014669,78.69983364478436
STU_014670,97.3975285840636
STU_014671,79.56288923119612
STU_014672,83.24283403780079
STU_014673,93.36237461202656
STU_014674,94.62825822469333
STU_014675,86.54456345386828
STU_014676,76.71387036777055
STU_014677,66.63882401652717
STU_014678,67.20653237008366
STU_014679,61.143832684482646
STU_014680,47.8412756528756
STU_014681,92.11723667224638
STU_014682,47.453340526964894
STU_014683,65.58721857392692
STU_014684,60.40270401368366
STU_014685,67.72345539293882
STU_014686,76.86954312773352
STU_014687,85.00115340626888
STU_014688,92.7987108689735
STU_014689,65.72013275934974
STU_014690,60.24565315132094
STU_014691,82.60892892862404
STU_014692,94.24821637672287
STU_014693,70.83418516602117
STU_014694,79.34405360504437
STU_014695,99.71239034752861
STU_014696,44.35567076051154
STU_014697,70.2179354634818
STU_014698,89.81592864332725
STU_014699,65.65312545244717
STU_014700,87.67826373023044
STU_014701,67.39846399144692
STU_014702,86.48774192094592
STU_014703,76.4704920544832
STU_014704,93.85944478780897
STU_014705,78.28476321293743
STU_014706,83.03629665657834
STU_014707,97.7414733082827
STU_014708,97.17558435506726
STU_014709,79.69279638824217
STU_014710,52.65421450314769
STU_014711,73.87703214352408
STU_014712,78.58004363538905
STU_014713,46.16437493812498
STU_014714,79.33756124077783
STU_014715,73.52264470234809
STU_014716,62.124236863922576
STU_014717,59.337476721779566
STU_014718,62.72384955929218
STU_014719,93.48085058792651
STU_014720,80.288795199671
STU_014721,54.53422801072416
STU_014722,68.71817926632538
STU_014723,95.696697473959
STU_014724,91.26232259313001
STU_014725,72.13128328254419
STU_014726,65.51709786318273
STU_014727,61.39892838870928
STU_014728,90.47733270148055
STU_014729,82.84248154297637
STU_014730,57.203838327582844
STU_014731,64.7461834567625
STU_014732,74.26871677206351
STU_014733,74.03192206046987
STU_014734,62.174909285134135
STU_014735,100.0
STU_014736,76.16066883990737
STU_014737,75.25823429320275
STU_014738,73.20944441028767
STU_014739,86.02672610288596
STU_014740,75.26505022376315
STU_014741,79.26172157398004
STU_014742,93.03205085363297
STU_014743,97.23447299071012
STU_014744,67.91093604120815
STU_014745,84.9211566880347
STU_014746,47.468508052390774
STU_014747,71.77371987833934
STU_014748,99.55170509544996
STU_014749,94.99665083895303
STU_014750,80.03541665462424
STU_014751,93.48090359619349
STU_014752,77.57465386834593
STU_014753,63.59461832606437
STU_014754,100.0
STU_014755,65.95306381741216
STU_014756,69.54690686596066
STU_014757,72.02768859593772
STU_014758,100.0
STU_014759,69.59592476305299
STU_014760,78.83028233383973
STU_014761,76.18561376590657
STU_014762,100.0
STU_014763,81.01389737381663
STU_014764,100.0
STU_014765,79.6957307334791
STU_014766,78.89037088563605
STU_014767,72.73988626344897
STU_014768,68.4774293740564
STU_014769,94.59238665270232
STU_014770,77.98966099006611
STU_014771,72.22202048184081
STU_014772,72.31714175055973
STU_014773,86.87980454998176
STU_014774,89.1942678885076
STU_014775,79.66278365926283
STU_014776,77.60147644990323
STU_014777,75.4523854387676
STU_014778,80.25536977416206
STU_014779,79.31968549190142
STU_014780,58.91593706395096
STU_014781,86.3401202872464
STU_014782,85.70055162771624
STU_014783,91.77593003684845
STU_014784,91.90784892001298
STU_014785,82.05013653088636
STU_014786,82.97977728255083
STU_014787,75.85917143117774
STU_014788,97.1212822533657
STU_014789,76.3776473009618
STU_014790,79.71624920125235
STU_014791,68.1321207999244
STU_014792,57.21541435207432
STU_014793,63.91874910813312
STU_014794,63.88014128055197
STU_014795,79.27271840025735
STU_014796,76.8895118068732
STU_014797,74.0050683611494
STU_014798,87.48516350003966
STU_014799,92.00164024628464
STU_014800,81.26149874548771
STU_014801,86.69538479534413
STU_014802,61.24805127252368
STU_014803,86.96977412143727
STU_014804,80.56836633088712
STU_014805,73.55297565460876
STU_014806,74.54667253962094
STU_014807,67.30721294685668
STU_014808,69.8035073212259
STU_014809,54.571535503416825
STU_014810,95.28556733849354
STU_014811,99.54935103675354
STU_014812,71.62348537685892
STU_014813,63.50443878260644
STU_014814,67.59917649401382
STU_014815,56.781968105357286
STU_014816,82.67901964099704
STU_014817,85.57688550478746
STU_014818,50.1162513219554
STU_014819,82.31268155163775
STU_014820,74.17468088055539
STU_014821,58.53466469620028
STU_014822,97.02831479743374
STU_014823,66.10982444871586
STU_014824,92.8819781529084
STU_014825,81.15855504074415
STU_014826,95.40806397646351
STU_014827,58.824132748433165
STU_014828,75.30380413085025
STU_014829,80.2922000742697
STU_014830,84.04238570935074
STU_014831,82.291685528631
STU_014832,67.12263259082206
STU_014833,64.89721991227236
STU_014834,79.59936761921644
STU_014835,76.77286196220737
STU_014836,86.86528316911797
STU_014837,70.6699076652362
STU_014838,76.49315355130213
STU_014839,80.6269898392759
STU_014840,79.48953694838553
STU_014841,100.0
STU_014842,53.88899074083279
STU_014843,71.4291169051216
STU_014844,94.5703074550267
STU_014845,68.78167023681088
STU_014846,83.03625628708413
STU_014847,79.45825728941938
STU_014848,57.74583546549748
STU_014849,61.16599062551485
STU_014850,73.40557684195966
STU_014851,81.91810073374761
STU_014852,82.66880980859473
STU_014853,70.28462967143234
STU_014854,66.88317049805173
STU_014855,76.60972534807033
STU_014856,70.41870461072801
STU_014857,81.7891125382968
STU_014858,65.6280069087958
STU_014859,86.28966434845005
STU_014860,50.232239721901415
STU_014861,87.36587291331759
STU_014862,96.44595708173196
STU_014863,67.92417930271442
STU_014864,77.46231032169075
STU_014865,68.31400287278001
STU_014866,68.78220204309112
STU_014867,71.8856299216163
STU_014868,100.0
STU_014869,98.39328270228377
STU_014870,75.29008715175186
STU_014871,75.8146516405126
STU_014872,81.08443666858307
STU_014873,67.36877951828211
STU_014874,64.45700615246557
STU_014875,82.38534279070959
STU_014876,57.94706904344146
STU_014877,69.4608043249622
STU_014878,64.13487347483868
STU_014879,82.47857589392986
STU_014880,83.62089133579781
STU_014881,79.26022908966198
STU_014882,69.25813348198052
STU_014883,79.18285735300364
STU_014884,70.64913491318947
STU_014885,83.2349725435138
STU_014886,67.88237548581299
STU_014887,73.650527349979
STU_014888,85.53905016752634
STU_014889,71.26513227402624
STU_014890,95.18709973341556
STU_014891,73.81323892946779
STU_014892,85.40532205880044
STU_014893,66.57956853424282
STU_014894,77.11851128296237
STU_014895,61.559360421512025
STU_014896,75.39211933009663
STU_014897,78.78097434683214
STU_014898,82.7048679372059
STU_014899,58.17242017569688
STU_014900,97.19049928612324
STU_014901,81.86883161719004
STU_014902,83.45632136331834
STU_014903,87.74292502096142
STU_014904,78.79892530188012
STU_014905,91.62685628698222
STU_014906,79.26442849277927
STU_014907,54.752301780607056
STU_014908,77.69536049009356
STU_014909,83.30100716884135
STU_014910,73.54780776431704
STU_014911,95.15014959765888
STU_014912,79.28398994795623
STU_014913,74.72458742487808
STU_014914,52.120994844368035
STU_014915,61.57290423862763
STU_014916,67.44779831672072
STU_014917,97.6620286518079
STU_014918,84.81347684023132
STU_014919,51.854803129950696
STU_014920,90.58543021798025
STU_014921,65.17560256079284
STU_014922,58.111382789821334
STU_014923,71.11486782881741
STU_014924,82.52891459745663
STU_014925,99.69595465389446
STU_014926,82.15895138119149
STU_014927,75.3711641372846
STU_014928,61.46005587109682
STU_014929,82.50728181140089
STU_014930,79.7399454264011
STU_014931,90.77580212588138
STU_014932,62.052592257794984
STU_014933,80.88056977119905
STU_014934,66.30356426742813
STU_014935,79.85334491420224
STU_014936,81.34174616457028
STU_014937,80.20079334023578
STU_014938,98.39680489294739
STU_014939,73.1245573051736
STU_014940,89.35589448214301
STU_014941,65.91208337230415
STU_014942,93.12265187624153
STU_014943,62.9258937941251
STU_014944,72.99605798048472
STU_014945,62.25618203370934
STU_014946,65.87154275242878
STU_014947,67.85544744230032
STU_014948,89.12602898766612
STU_014949,63.91908497776736
STU_014950,90.24352244254305
STU_014951,72.24888985554625
STU_014952,75.11482602740907
STU_014953,96.53642009797846
STU_014954,90.6704920506257
STU_014955,97.27466535453038
STU_014956,79.7018453846994
STU_014957,76.0659129175183
STU_014958,70.72540282337293
STU_014959,55.094198790212914
STU_014960,94.03588990693581
STU_014961,89.26833255848453
STU_014962,48.44480894602475
STU_014963,74.84285860901738
STU_014964,93.73044321328001
STU_014965,77.95649421613564
STU_014966,68.49183725537404
STU_014967,52.28250415571863
STU_014968,93.50315732851288
STU_014969,77.48375484854631
STU_014970,71.12742950962355
STU_014971,70.04397063150958
STU_014972,89.5653852961174
STU_014973,74.56708239485891
STU_014974,68.41596761175663
STU_014975,66.88528917027172
STU_014976,85.76056446336352
STU_014977,81.30339865189067
STU_014978,86.6585959720985
STU_014979,92.9224062402186
STU_014980,63.50904406739896
STU_014981,100.0
STU_014982,67.57673660417717
STU_014983,85.9486937177768
STU_014984,62.57977593353921
STU_014985,68.31915951139122
STU_014986,50.48895650257762
STU_014987,91.95894651448424
STU_014988,67.18674399197738
STU_014989,99.31329239427338
STU_014990,82.97191901314505
STU_014991,97.48007327159019
STU_014992,72.4320276885078
STU_014993,59.76757434489315
STU_014994,86.17117903956311
STU_014995,83.72128406152366
STU_014996,70.84696924587531
STU_014997,82.74752148874926
STU_014998,80.94888974576278
STU_014999,96.64236110078892
STU_015000,71.9993874328542
STU_015001,59.695627078046925
STU_015002,64.20189272884724
STU_015003,61.83531720416986
STU_015004,67.06443760160752
STU_015005,59.334679167138106
STU_015006,62.36259917617451
STU_015007,86.90306743224924
STU_015008,75.96646605270288
STU_015009,78.06559722857685
STU_015010,74.72954831203802
STU_015011,54.47466683050095
STU_015012,100.0
STU_015013,62.78492466201324
STU_015014,61.35071216666687
STU_015015,85.63216905968628
STU_015016,85.10434060480412
STU_015017,89.20940565516565
STU_015018,77.74169519562437
STU_015019,88.35491883372144
STU_015020,65.12925418558115
STU_015021,72.92510720955553
STU_015022,63.601184145505194
STU_015023,76.4594288894223
STU_015024,70.73751686585942
STU_015025,77.99664056388718
STU_015026,70.56074369280711
STU_015027,85.10662821721142
STU_015028,77.9724952228456
STU_015029,75.52636724024384
STU_015030,92.49513267464721
STU_015031,73.9462715615573
STU_015032,69.89713535775869
STU_015033,73.88958866984561
STU_015034,65.3787129212114
STU_015035,79.27637968610819
STU_015036,72.59893780392423
STU_015037,79.42753301061062
STU_015038,93.09258627286802
STU_015039,63.96543977572778
STU_015040,77.10245236780577
STU_015041,80.60032712282616
STU_015042,47.76113040528915
STU_015043,82.63912007346994
STU_015044,87.59362903750937
STU_015045,87.89540469503227
STU_015046,68.83528339972018
STU_015047,83.83177633140008
STU_015048,68.68116962884925
STU_015049,71.65160380742581
STU_015050,57.38370944645284
STU_015051,68.97480136699858
STU_015052,61.43522080940829
STU_015053,67.54613066737116
STU_015054,92.19745837753985
STU_015055,76.03164201353054
STU_015056,64.45246421443466
STU_015057,98.84453675730987
STU_015058,59.030754790669924
STU_015059,98.49645494989804
STU_015060,74.92578723359674
STU_015061,75.70300759054197
STU_015062,73.48002945640096
STU_015063,68.96187989394491
STU_015064,64.72312805864038
STU_015065,88.85419126950228
STU_015066,84.09285227288953
STU_015067,74.8983060991893
STU_015068,67.83888931844923
STU_015069,74.23496886176784
STU_015070,73.52519376611826
STU_015071,78.17955855765874
STU_015072,100.0
STU_015073,69.56551272872018
STU_015074,67.78584682092588
STU_015075,92.74865750114253
STU_015076,72.55328355523125
STU_015077,66.9735707920481
STU_015078,66.76125550790714
STU_015079,100.0
STU_015080,64.31878072526976
STU_015081,99.04460080354215
STU_015082,59.48303794182107
STU_015083,82.45782522115175
STU_015084,65.7689026906699
STU_015085,77.30746480338854
STU_015086,68.01900276593969
STU_015087,54.61714681626492
STU_015088,93.08511313215271
STU_015089,73.43261375063942
STU_015090,86.67694043986867
STU_015091,73.84233646981075
STU_015092,74.16247310723152
STU_015093,94.79498635128941
STU_015094,71.08341436978068
STU_015095,71.09585347206323
STU_015096,86.61016059533308
STU_015097,80.64664780840488
STU_015098,70.77158176240124
STU_015099,59.30746951098531
STU_015100,86.76837427609854
STU_015101,78.76204826022507
STU_015102,78.70722589512305
STU_015103,96.97508821921366
STU_015104,75.57850989608218
STU_015105,93.64871455924009
STU_015106,70.9781815047561
STU_015107,75.35975640737439
STU_015108,79.045506864278
STU_015109,77.07154694209659
STU_015110,81.69957647120307
STU_015111,59.6313233463437
STU_015112,75.31696074068236
STU_015113,68.7205359021045
STU_015114,86.33622978498113
STU_015115,61.03966002558761
STU_015116,91.77310785082011
STU_015117,63.98494177246852
STU_015118,56.22939706399082
STU_015119,82.08181234018252
STU_015120,86.8901482711594
STU_015121,61.00300253833516
STU_015122,100.0
STU_015123,66.64185129996093
STU_015124,87.89237810298619
STU_015125,75.19417098142127
STU_015126,70.46446793372003
STU_015127,91.91106705768061
STU_015128,77.78369230622212
STU_015129,64.32534921461448
STU_015130,73.41663379881581
STU_015131,82.81785206500007
STU_015132,89.27324091126874
STU_015133,92.73780730421203
STU_015134,81.67895230619523
STU_015135,85.66113746080492
STU_015136,73.8387975646412
STU_015137,76.58693432135429
STU_015138,70.50619928925451
STU_015139,84.78795871894872
STU_015140,95.7901649389909
STU_015141,62.66893020818944
STU_015142,74.68732188260022
STU_015143,96.37704354765765
STU_015144,80.10091874547338
STU_015145,63.12762771979604
STU_015146,93.44726077347981
STU_015147,75.8770309271204
STU_015148,71.43940260761832
STU_015149,67.1745033633655
STU_015150,49.43932105395279
STU_015151,54.90332937362861
STU_015152,74.61469307717132
STU_015153,62.18028939029621
STU_015154,82.08493999299836
STU_015155,87.04872930821803
STU_015156,75.19975720860889
STU_015157,56.74491756925464
STU_015158,94.4828710165329
STU_015159,51.97683829179948
STU_015160,87.54965731578197
STU_015161,60.61777741936375
STU_015162,76.50940565913758
STU_015163,76.96712380083696
STU_015164,41.249413590381025
STU_015165,85.82648237135881
STU_015166,96.19789684084402
STU_015167,82.53088570527439
STU_015168,65.28259306108018
STU_015169,89.65929452348155
STU_015170,73.8764921231354
STU_015171,91.57342555751566
STU_015172,61.261149166511586
STU_015173,75.5698273700634
STU_015174,95.63045489042915
STU_015175,75.28962377536419
STU_015176,100.0
STU_015177,80.26725765605526
STU_015178,63.87704881581209
STU_015179,76.74233887090082
STU_015180,60.82805215210341
STU_015181,79.34509817656782
STU_015182,80.63147044289994
STU_015183,82.86368074493416
STU_015184,67.2838244303322
STU_015185,82.46561414967844
STU_015186,74.1742702520836
STU_015187,57.75157553668576
STU_015188,72.28143471897002
STU_015189,87.64738566068235
STU_015190,94.68089659202944
STU_015191,76.65662568289315
STU_015192,100.0
STU_015193,81.17161361915578
STU_015194,90.17381846097014
STU_015195,86.71071014856605
STU_015196,72.05932558529686
STU_015197,75.92207634876043
STU_015198,81.05871134130058
STU_015199,72.23409661580992
STU_015200,71.65004367617848
STU_015201,78.04401866711056
STU_015202,66.0643428593544
STU_015203,64.81455449546368
STU_015204,78.3809574128625
STU_015205,81.62425762986086
STU_015206,70.60486795916688
STU_015207,85.03880118171499
STU_015208,74.75111592274746
STU_015209,80.89305311533441
STU_015210,87.0324597063999
STU_015211,45.71597445079395
STU_015212,93.67173194442125
STU_015213,69.89569733521708
STU_015214,96.10337524799327
STU_015215,69.84439667435109
STU_015216,94.1433151896339
STU_015217,58.85857830492215
STU_015218,74.15752720128802
STU_015219,74.0630003243235
STU_015220,48.257354368627816
STU_015221,84.86476046795437
STU_015222,62.459340680231534
STU_015223,88.0115829773877
STU_015224,74.94388591592386
STU_015225,73.44580006221176
STU_015226,68.41169757937116
STU_015227,63.68885708639594
STU_015228,84.81724464268075
STU_015229,71.45351819957747
STU_015230,76.03166737732369
STU_015231,95.82921312525235
STU_015232,82.33932575213082
STU_015233,89.05847943290935
STU_015234,72.69789244751252
STU_015235,69.7703552268383
STU_015236,96.57564250901325
STU_015237,78.04449947250612
STU_015238,81.4236200737201
STU_015239,94.43501695039045
STU_015240,66.8383585361398
STU_015241,45.84296079815729
STU_015242,55.903583455529244
STU_015243,76.62395342150907
STU_015244,77.35186346774648
STU_015245,67.77595197254105
STU_015246,100.0
STU_015247,81.0423179796619
STU_015248,83.25939866829756
STU_015249,66.13208115705461
STU_015250,90.23861232899957
STU_015251,70.75673903735775
STU_015252,89.78628605776507
STU_015253,88.63108218573268
STU_015254,96.97751349217458
STU_015255,63.38275635639903
STU_015256,65.30215229232167
STU_015257,75.26904060707578
STU_015258,92.70318300099177
STU_015259,83.79844703161874
STU_015260,97.14613991894053
STU_015261,80.83743544240821
STU_015262,85.84403524984074
STU_015263,89.80035345249325
STU_015264,82.96667211620132
STU_015265,96.43302897613847
STU_015266,69.13503398503744
STU_015267,77.00340985686972
STU_015268,57.70121166910636
STU_015269,60.007929481716204
STU_015270,73.39924381582043
STU_015271,77.1390648740141
STU_015272,65.23615022197407
STU_015273,86.25815655628874
STU_015274,77.99438019976014
STU_015275,46.705346114806346
STU_015276,54.111185002994915
STU_015277,72.1274230125863
STU_015278,96.32318553645466
STU_015279,52.12872547292662
STU_015280,87.41028923778941
STU_015281,99.36745599504826
STU_015282,87.82676867820888
STU_015283,82.19646320318309
STU_015284,79.77402631210309
STU_015285,44.05056245116537
STU_015286,88.58157817005215
STU_015287,75.815776238604
STU_015288,79.2458434007975
STU_015289,62.13227948416119
STU_015290,80.25485570918948
STU_015291,77.55241418556247
STU_015292,69.28393834241984
STU_015293,60.97462658852612
STU_015294,81.02538502191175
STU_015295,76.27596694658394
STU_015296,71.51404046124792
STU_015297,85.2871310385001
STU_015298,94.72088854154285
STU_015299,66.25567379513981
STU_015300,88.621992697638
STU_015301,75.88546016486612
STU_015302,81.06293291992533
STU_015303,66.68239175877784
STU_015304,59.10406930230178
STU_015305,69.39444376848522
STU_015306,80.33742811480337
STU_015307,96.67155591365623
STU_015308,61.37905346143267
STU_015309,70.11193394830437
STU_015310,82.11554436192948
STU_015311,64.81122491169864
STU_015312,81.24598115758793
STU_015313,59.8353523835509
STU_015314,81.73424995642713
STU_015315,75.52627189775032
STU_015316,94.70855817352665
STU_015317,74.21123835507996
STU_015318,82.00392961063457
STU_015319,72.44375204957902
STU_015320,73.6067319940212
STU_015321,66.53621235165679
STU_015322,99.45937538844416
STU_015323,79.32493822995463
STU_015324,71.30792391694186
STU_015325,81.95590440147993
STU_015326,57.65029520054731
STU_015327,76.55199481350799
STU_015328,72.37760014255446
STU_015329,67.33914504818178
STU_015330,76.87836338601787
STU_015331,63.52454374930634
STU_015332,100.0
STU_015333,69.90584120019277
STU_015334,81.0552201138562
STU_015335,95.48117565367224
STU_015336,89.38634162889822
STU_015337,70.81358483289667
STU_015338,66.11441656350613
STU_015339,64.23736593199392
STU_015340,93.1872111635806
STU_015341,79.80319302384211
STU_015342,100.0
STU_015343,83.18898740277683
STU_015344,95.07253613046925
STU_015345,99.74450363239869
STU_015346,84.30157806985575
STU_015347,92.41582163937035
STU_015348,75.36316751895644
STU_015349,78.79612975704353
STU_015350,90.2145843395128
STU_015351,100.0
STU_015352,86.83966031803544
STU_015353,75.96712644898889
STU_015354,65.11532064872392
STU_015355,60.105028965614835
STU_015356,65.0139375377364
STU_015357,72.66232275902232
STU_015358,80.71290510001337
STU_015359,84.47273861470063
STU_015360,90.44224296594217
STU_015361,81.8266542438136
STU_015362,75.03536489772654
STU_015363,83.59844420489483
STU_015364,88.25552025137259
STU_015365,77.04704915372903
STU_015366,93.44597146958189
STU_015367,85.12601678828148
STU_015368,74.08542248873242
STU_015369,98.02667132364513
STU_015370,94.90689509964386
STU_015371,58.24891096437648
STU_015372,63.85124404033654
STU_015373,85.86235967820258
STU_015374,89.50313383666645
STU_015375,67.15024408676314
STU_015376,73.66744056883729
STU_015377,89.9575904951036
STU_015378,71.5818758422389
STU_015379,92.93931912642824
STU_015380,88.6667223889306
STU_015381,91.55824043271127
STU_015382,82.61989549502033
STU_015383,59.92217343632507
STU_015384,74.04401173471277
STU_015385,61.7561565607637
STU_015386,74.9546949827315
STU_015387,65.5514077217335
STU_015388,76.57544551549725
STU_015389,100.0
STU_015390,47.54966598737042
STU_015391,80.86258004481661
STU_015392,88.60776691004789
STU_015393,91.73358026548647
STU_015394,78.37829062586002
STU_015395,82.98624502821394
STU_015396,72.66179979964636
STU_015397,93.57921864671025
STU_015398,73.84388207302901
STU_015399,96.0541296242
STU_015400,89.53811313288158
STU_015401,85.96771955209152
STU_015402,75.40448240711066
STU_015403,60.95755523846844
STU_015404,81.35769695107933
STU_015405,81.49788824742163
STU_015406,82.16946322245778
STU_015407,83.1951358635826
STU_015408,37.37876475519532
STU_015409,76.21534924299864
STU_015410,66.62714058840541
STU_015411,72.95042242076681
STU_015412,70.6634765220047
STU_015413,77.54558204921702
STU_015414,70.62867181964401
STU_015415,71.28728683336233
STU_015416,88.54456382051468
STU_015417,59.57589241712836
STU_015418,85.69872375879537
STU_015419,57.45452391414429
STU_015420,66.69733468140801
STU_015421,93.72679020636875
STU_015422,80.81004814678539
STU_015423,85.6047155132089
STU_015424,100.0
STU_015425,90.39741025488408
STU_015426,62.078409726274145
STU_015427,58.7886770990765
STU_015428,75.13039355637676
STU_015429,77.38674896435397
STU_015430,40.34911806532482
STU_015431,64.5245603658554
STU_015432,79.20713674503557
STU_015433,71.05694737811005
STU_015434,64.95118886224918
STU_015435,63.19909588997842
STU_015436,77.18215988235141
STU_015437,70.25644461193264
STU_015438,86.77460745110018
STU_015439,74.86278508583993
STU_015440,77.84837557264426
STU_015441,68.22978702688057
STU_015442,85.55623319788202
STU_015443,64.15500382898654
STU_015444,76.34552281012736
STU_015445,65.5336269681846
STU_015446,69.74419635486208
STU_015447,53.224754595419526
STU_015448,45.584639413032036
STU_015449,75.24769074603387
STU_015450,90.38190762333508
STU_015451,82.2606307265896
STU_015452,83.22631640092914
STU_015453,92.88279344454526
STU_015454,82.35797421584942
STU_015455,56.09327043477501
STU_015456,76.17499897814001
STU_015457,67.61437975212962
STU_015458,66.23757944774687
STU_015459,50.100681274470105
STU_015460,100.0
STU_015461,100.0
STU_015462,72.12516479188747
STU_015463,81.6152817646879
STU_015464,60.76155800491885
STU_015465,56.15091411697858
STU_015466,87.77095749539708
STU_015467,85.36612491286374
STU_015468,55.73461480252895
STU_015469,63.87627957019296
STU_015470,94.62301467638304
STU_015471,73.37982588198531
STU_015472,91.5543519915347
STU_015473,89.8950205926981
STU_015474,97.68887610061303
STU_015475,79.10843952758822
STU_015476,79.8080321832949
STU_015477,55.50986892059217
STU_015478,53.36754316395256
STU_015479,94.77876384916519
STU_015480,63.151737868239586
STU_015481,80.31201256268582
STU_015482,59.35891541625403
STU_015483,91.88483663281353
STU_015484,66.49148113199973
STU_015485,68.56135898681714
STU_015486,73.48409404476655
STU_015487,65.01970871195104
STU_015488,75.24744410294156
STU_015489,84.56786693168425
STU_015490,87.40617763502289
STU_015491,82.25084078441323
STU_015492,61.48865783257433
STU_015493,67.85364238826271
STU_015494,65.995973639124
STU_015495,84.46906469145512
STU_015496,69.31290853798988
STU_015497,56.57676643641892
STU_015498,70.11781031658231
STU_015499,40.5441414055527
STU_015500,71.63175742623591
STU_015501,85.46088098852596
STU_015502,53.48574519799786
STU_015503,85.4258477107476
STU_015504,80.40873592195831
STU_015505,74.55690186246028
STU_015506,72.3709760766223
STU_015507,100.0
STU_015508,100.0
STU_015509,85.72423848702817
STU_015510,83.52554897815608
STU_015511,88.93072584341498
STU_015512,79.90887332431323
STU_015513,82.77285522117094
STU_015514,84.81551957471393
STU_015515,78.67432385206725
STU_015516,73.38155402508639
STU_015517,97.03074930879872
STU_015518,73.41338673918824
STU_015519,55.075341778128774
STU_015520,73.68243426747031
STU_015521,87.46747137253041
STU_015522,67.12671396026903
STU_015523,66.54480221482606
STU_015524,39.073621020042594
STU_015525,78.48255699028903
STU_015526,75.01534912955702
STU_015527,72.481909165981
STU_015528,69.4476798549304
STU_015529,86.98065027766748
STU_015530,87.80833335633156
STU_015531,87.44201971158299
STU_015532,78.16341886008544
STU_015533,55.600820090133794
STU_015534,90.40068011391031
STU_015535,78.97266905630654
STU_015536,84.44371323141348
STU_015537,70.76398727242696
STU_015538,89.97601182226671
STU_015539,67.5570886716408
STU_015540,67.11512385265047
STU_015541,71.80710763709152
STU_015542,87.37412722394737
STU_015543,78.83994004662469
STU_015544,94.28872998700476
STU_015545,73.99710322697251
STU_015546,77.72627140150654
STU_015547,55.79606271714605
STU_015548,59.916201358281015
STU_015549,92.91585730582614
STU_015550,93.18930106049494
STU_015551,78.78108016089902
STU_015552,69.52461193507041
STU_015553,47.33971354958902
STU_015554,74.83947768993475
STU_015555,76.17781078521904
STU_015556,89.86226403477247
STU_015557,75.93859773216761
STU_015558,88.54709873186414
STU_015559,85.50570059549747
STU_015560,77.53980381983445
STU_015561,87.68683875446638
STU_015562,82.37498191002655
STU_015563,68.52795732173901
STU_015564,72.89630756612442
STU_015565,64.66855399227421
STU_015566,65.77444769630941
STU_015567,77.8044960696379
STU_015568,66.22036123983644
STU_015569,71.69491932568127
STU_015570,94.53833676001592
STU_015571,62.80751625954086
STU_015572,78.44564435388438
STU_015573,84.94415542746627
STU_015574,63.083514810623655
STU_015575,67.11459347587794
STU_015576,70.14076094210053
STU_015577,68.32124824669772
STU_015578,77.93820717166408
STU_015579,73.69541221940595
STU_015580,74.60285401253077
STU_015581,78.15150634115852
STU_015582,79.12260384028443
STU_015583,94.05322108376913
STU_015584,82.63858427755996
STU_015585,89.88159782147562
STU_015586,91.89239894820201
STU_015587,58.05791426868291
STU_015588,73.26782755787235
STU_015589,81.43994636736213
STU_015590,61.016907205765335
STU_015591,58.35033744117577
STU_015592,87.4027482905344
STU_015593,65.30496510711737
STU_015594,92.32929052973705
STU_015595,95.3385643063445
STU_015596,77.16588889022736
STU_015597,89.20948427249701
STU_015598,75.74290925393302
STU_015599,55.44070157754348
STU_015600,69.6867066739636
STU_015601,49.980777277210606
STU_015602,62.157406586668145
STU_015603,74.01436123077336
STU_015604,82.26100492701698
STU_015605,60.59790397620809
STU_015606,77.40408764802216
STU_015607,65.39385743969859
STU_015608,70.07648423717475
STU_015609,69.90798068894466
STU_015610,66.26644373332638
STU_015611,84.93119434767938
STU_015612,83.96190370573639
STU_015613,94.98551898237899
STU_015614,64.34173872638787
STU_015615,70.58735572227363
STU_015616,79.56569304850633
STU_015617,70.37365324742302
STU_015618,84.84200907015213
STU_015619,61.57554636872572
STU_015620,72.67065512554117
STU_015621,69.06101780769055
STU_015622,76.2275433274769
STU_015623,87.89955351983158
STU_015624,81.88386925867493
STU_015625,79.36576018360782
STU_015626,62.31258961074829
STU_015627,100.0
STU_015628,74.8062783633033
STU_015629,70.79020374812754
STU_015630,73.96891102200293
STU_015631,63.05312530600881
STU_015632,89.20812890679531
STU_015633,86.10583731050141
STU_015634,75.85192879171265
STU_015635,98.04033447488416
STU_015636,73.69967599290008
STU_015637,50.616779810761294
STU_015638,73.12094042375084
STU_015639,97.21509238529123
STU_015640,69.87821273417629
STU_015641,61.51804986281599
STU_015642,100.0
STU_015643,83.96347368377513
STU_015644,92.87077496603325
STU_015645,57.519979867607006
STU_015646,99.58414639572558
STU_015647,71.85848522475848
STU_015648,64.77073899516606
STU_015649,78.97036942513108
STU_015650,69.69448865054738
STU_015651,49.86811958265987
STU_015652,96.12209344898721
STU_015653,74.90194879961695
STU_015654,67.00815244389783
STU_015655,100.0
STU_015656,66.99184999667833
STU_015657,76.76316324194536
STU_015658,66.88996918513196
STU_015659,72.48583750475018
STU_015660,88.55765975175561
STU_015661,41.268904284476676
STU_015662,68.0799834091701
STU_015663,86.73001134265424
STU_015664,54.64415846565781
STU_015665,82.01564356535053
STU_015666,82.23289971501359
STU_015667,95.61048064985626
STU_015668,82.82531536033926
STU_015669,77.64835173284135
STU_015670,66.45023258271212
STU_015671,87.7217391202406
STU_015672,85.76424046893861
STU_015673,80.3571848893929
STU_015674,80.52235462149412
STU_015675,89.46261726722773
STU_015676,51.76331688581227
STU_015677,85.26757333327438
STU_015678,100.0
STU_015679,76.80540952572619
STU_015680,74.84643408236226
STU_015681,79.99226802444306
STU_015682,85.64344722937516
STU_015683,66.51836299985322
STU_015684,61.75061467086553
STU_015685,80.54857369845853
STU_015686,69.62125178472303
STU_015687,84.44374091116654
STU_015688,81.85198772060764
STU_015689,64.3023329609234
STU_015690,60.80304887700188
STU_015691,98.44497765479854
STU_015692,85.81812351387543
STU_015693,77.0385288488441
STU_015694,94.59391219704094
STU_015695,94.11642954973217
STU_015696,49.592644541172305
STU_015697,62.90923259813471
STU_015698,82.80170595177245
STU_015699,95.28649666528494
STU_015700,83.87670516930018
STU_015701,69.64426427932024
STU_015702,89.0287479180985
STU_015703,86.79163919336415
STU_015704,80.18203889762812
STU_015705,82.41496925984191
STU_015706,62.878346754421884
STU_015707,75.11111271830109
STU_015708,56.23754987461716
STU_015709,64.87542287070382
STU_015710,66.07183108407776
STU_015711,75.8280994632137
STU_015712,89.20130555336806
STU_015713,80.59561556587263
STU_015714,72.30096029714625
STU_015715,86.39439885544333
STU_015716,63.281813788120935
STU_015717,65.08346805623528
STU_015718,69.00510426071598
STU_015719,60.10051752316285
STU_015720,58.04519211817651
STU_015721,61.67738130961426
STU_015722,66.25184689515797
STU_015723,74.34259994655955
STU_015724,98.77819919234307
STU_015725,91.50138679944426
STU_015726,79.03089136514865
STU_015727,67.49085255786996
STU_015728,81.14020265768544
STU_015729,93.25361959696022
STU_015730,71.55763908591969
STU_015731,81.5405030390304
STU_015732,58.43810545707947
STU_015733,62.6976000922145
STU_015734,66.73069766703227
STU_015735,55.42790003472591
STU_015736,92.33395637772676
STU_015737,73.89263909420113
STU_015738,63.24118522897379
STU_015739,77.4493930722866
STU_015740,89.94662501840804
STU_015741,64.06115100814046
STU_015742,70.75457875093423
STU_015743,91.8604207416993
STU_015744,64.84701199457446
STU_015745,83.7536269177114
STU_015746,67.88315369039138
STU_015747,96.31158487122553
STU_015748,52.84999009806549
STU_015749,87.81865986621233
STU_015750,62.34248248085659
STU_015751,84.14051356226028
STU_015752,70.9560984233961
STU_015753,78.73534631054164
STU_015754,78.97053831792249
STU_015755,91.45940144367466
STU_015756,80.21188564397667
STU_015757,85.74649647239201
STU_015758,100.0
STU_015759,80.97707115375704
STU_015760,61.63078339843702
STU_015761,88.64330037729722
STU_015762,68.79401351366266
STU_015763,67.81102168159111
STU_015764,76.83752759182114
STU_015765,80.00670458292282
STU_015766,79.51146877229215
STU_015767,84.99273841810185
STU_015768,73.69334611232014
STU_015769,83.4354463670898
STU_015770,71.72695705384855
STU_015771,90.87681043898777
STU_015772,63.26421664146537
STU_015773,58.78629213293121
STU_015774,98.64428170921673
STU_015775,73.88962773513057
STU_015776,61.66294426385386
STU_015777,68.57220912097198
STU_015778,62.97938579567978
STU_015779,55.182148615601534
STU_015780,80.99515831720322
STU_015781,74.97055352888131
STU_015782,82.25248774431495
STU_015783,66.14080857957735
STU_015784,75.71529353337534
STU_015785,71.76075539615327
STU_015786,75.3065623054115
STU_015787,79.06378496456672
STU_015788,76.74966324216373
STU_015789,54.00322761577942
STU_015790,64.54541627827896
STU_015791,70.22873129634642
STU_015792,76.76391846063157
STU_015793,87.13145105225775
STU_015794,89.94430090245058
STU_015795,62.99153180192437
STU_015796,87.60210388463892
STU_015797,84.30197776234505
STU_015798,89.02847611765094
STU_015799,89.55628382536369
STU_015800,62.04872645846015
STU_015801,75.14102075959804
STU_015802,57.991992804514844
STU_015803,70.7942791802777
STU_015804,76.91465631726622
STU_015805,49.110006473652064
STU_015806,97.22666767170944
STU_015807,76.96997317562516
STU_015808,69.25805681834932
STU_015809,53.11933152566459
STU_015810,85.1846836061734
STU_015811,99.93850545652332
STU_015812,87.56037004188232
STU_015813,93.21126915759952
STU_015814,69.3916632416645
STU_015815,60.961937729231565
STU_015816,93.17611473273118
STU_015817,70.63845590319093
STU_015818,73.79826951478192
STU_015819,56.57043186365969
STU_015820,69.73685287684187
STU_015821,75.1780702693467
STU_015822,62.401130316937596
STU_015823,75.67984451058479
STU_015824,83.63104856639902
STU_015825,53.58113195927786
STU_015826,54.30667310701934
STU_015827,67.7200247413156
STU_015828,71.39681832883093
STU_015829,86.34794892314676
STU_015830,87.44293286918813
STU_015831,75.30681155892077
STU_015832,90.59309700799312
STU_015833,90.82504244008959
STU_015834,46.45132802187407
STU_015835,80.53133041479482
STU_015836,77.3838716443509
STU_015837,73.24341256649413
STU_015838,70.80596509954634
STU_015839,87.96361968812295
STU_015840,66.51860236431752
STU_015841,60.129389804394364
STU_015842,90.11135098980466
STU_015843,84.21023902388926
STU_015844,91.9959965393274
STU_015845,70.97944615807252
STU_015846,62.048642790375396
STU_015847,76.19700321748081
STU_015848,85.20813638442397
STU_015849,94.94517821871301
STU_015850,57.46630119747657
STU_015851,70.64481320606745
STU_015852,59.85329441839819
STU_015853,75.32148202748849
STU_015854,91.67646035470442
STU_015855,92.25026404759161
STU_015856,76.55330866538458
STU_015857,86.55168954026067
STU_015858,64.40645935733036
STU_015859,72.66548510748964
STU_015860,67.62776889907737
STU_015861,71.28640098917711
STU_015862,67.66862973406538
STU_015863,94.68683118691155
STU_015864,54.80053933616547
STU_015865,61.11107207230858
STU_015866,75.98295287841324
STU_015867,38.70614021442533
STU_015868,71.81488733330781
STU_015869,85.21905406729742
STU_015870,77.43438283680922
STU_015871,76.6106483234253
STU_015872,49.19987156420335
STU_015873,95.08416376546305
STU_015874,73.8100665651386
STU_015875,81.25959294950923
STU_015876,70.57107411513708
STU_015877,94.75645730578245
STU_015878,85.4886228904067
STU_015879,95.7163326294648
STU_015880,79.31957809479391
STU_015881,97.09296200410719
STU_015882,69.36403274707023
STU_015883,81.62940710995439
STU_015884,91.78836886150766
STU_015885,62.642787331017516
STU_015886,94.33356191879409
STU_015887,100.0
STU_015888,63.40113333088793
STU_015889,89.73104348696378
STU_015890,93.78988908748751
STU_015891,88.70345209746692
STU_015892,55.967087332266004
STU_015893,56.57619197581391
STU_015894,56.31101906599119
STU_015895,62.34237188915937
STU_015896,72.5591249332715
STU_015897,89.8238621340754
STU_015898,74.27416068770839
STU_015899,90.43556289847339
STU_015900,69.35120128426182
STU_015901,70.82921785317103
STU_015902,74.12168142744963
STU_015903,86.65301552131615
STU_015904,80.1157234006418
STU_015905,92.35928580076289
STU_015906,71.26539749020645
STU_015907,100.0
STU_015908,66.3964885497505
STU_015909,75.37928099196357
STU_015910,78.39630129419413
STU_015911,62.10175267244837
STU_015912,75.26910317685895
STU_015913,67.18746757905409
STU_015914,64.58323316614292
STU_015915,85.64567078656499
STU_015916,59.67712537239593
STU_015917,50.93599752843941
STU_015918,79.98856618148862
STU_015919,86.96675904279971
STU_015920,80.18673026762374
STU_015921,93.90825386325541
STU_015922,54.541518785941975
STU_015923,91.36488916407512
STU_015924,76.49360130687418
STU_015925,69.65550271816147
STU_015926,78.6733390837662
STU_015927,70.0991895864758
STU_015928,75.23048266521562
STU_015929,85.47395816370448
STU_015930,61.694904039904
STU_015931,57.78202775733314
STU_015932,75.73933563187848
STU_015933,75.59572850618213
STU_015934,71.47840333412347
STU_015935,100.0
STU_015936,100.0
STU_015937,80.65524372466186
STU_015938,81.87971634277396
STU_015939,68.7571019233456
STU_015940,92.75213341320577
STU_015941,67.20590357929797
STU_015942,89.75236025788631
STU_015943,82.52053510031465
STU_015944,99.80231830085953
STU_015945,72.32607859434503
STU_015946,73.20496116815755
STU_015947,72.81391137725248
STU_015948,69.72351541073739
STU_015949,61.764431610342186
STU_015950,97.77841540239558
STU_015951,74.1451294488792
STU_015952,73.51168958413818
STU_015953,65.75827954844385
STU_015954,81.30159246061693
STU_015955,78.94186709669059
STU_015956,77.95260937723883
STU_015957,55.421206811315734
STU_015958,68.92304883044781
STU_015959,90.2705968914774
STU_015960,73.17413859151384
STU_015961,82.65494514994595
STU_015962,83.79465471275512
STU_015963,79.43330458566368
STU_015964,65.45958133300942
STU_015965,83.26854200806596
STU_015966,54.81370683207099
STU_015967,80.10751897335228
STU_015968,81.7641634171549
STU_015969,65.28505130639186
STU_015970,76.61394254647297
STU_015971,69.40731545464797
STU_015972,82.97881025853584
STU_015973,65.6143730809704
STU_015974,91.00977392284142
STU_015975,55.0294227806867
STU_015976,48.418861952289646
STU_015977,61.63830838685109
STU_015978,71.5016541327001
STU_015979,82.47447849981802
STU_015980,84.83526536536328
STU_015981,93.3413834941629
STU_015982,93.07332971996331
STU_015983,81.48469115033426
STU_015984,85.13400030592007
STU_015985,74.56444336681471
STU_015986,44.68008950239518
STU_015987,73.73077363261714
STU_015988,61.87887536725219
STU_015989,79.24461686960106
STU_015990,57.60206939735186
STU_015991,75.59392117678172
STU_015992,45.88677833759112
STU_015993,72.78388431605063
STU_015994,70.37242762872366
STU_015995,98.54303303806859
STU_015996,79.06187764326535
STU_015997,63.71498667319285
STU_015998,80.87725230006977
STU_015999,84.27530635471673
STU_016000,84.71884507926053
STU_016001,86.23231512402849
STU_016002,90.99081207959222
STU_016003,92.77705943970867
STU_016004,86.45544189921492
STU_016005,49.31064796655842
STU_016006,65.4876321067913
STU_016007,79.35878113954244
STU_016008,91.27614034917744
STU_016009,53.47353143934488
STU_016010,71.50707174470331
STU_016011,85.2311437330288
STU_016012,69.40444620741386
STU_016013,69.1610457551842
STU_016014,95.66693945124362
STU_016015,52.27771931854704
STU_016016,97.26274522816718
STU_016017,76.45155379737281
STU_016018,84.00052624883897
STU_016019,69.40769321625912
STU_016020,91.64646829414241
STU_016021,100.0
STU_016022,68.24737890033697
STU_016023,100.0
STU_016024,75.9931007172159
STU_016025,90.65306779622048
STU_016026,57.1184244428425
STU_016027,65.43161105902935
STU_016028,72.92915715956735
STU_016029,73.13795848832493
STU_016030,96.36975268749154
STU_016031,91.46764000698246
STU_016032,85.39251321243273
STU_016033,84.52821586377084
STU_016034,77.7272877576904
STU_016035,68.57265901172971
STU_016036,100.0
STU_016037,76.874437948262
STU_016038,73.49014006149454
STU_016039,71.72876397320218
STU_016040,91.47941950793458
STU_016041,91.51195844209025
STU_016042,78.79077263223587
STU_016043,84.28500930338194
STU_016044,89.8030756307346
STU_016045,80.51263609370778
STU_016046,63.26157323893401
STU_016047,86.94671666249138
STU_016048,69.42173690917701
STU_016049,74.24046409017032
STU_016050,72.7045042955948
STU_016051,78.33200915026478
STU_016052,91.85057999763136
STU_016053,80.8766513797351
STU_016054,67.27685163812119
STU_016055,75.37168335124403
STU_016056,70.47854257961754
STU_016057,75.89509580858217
STU_016058,76.86869149809596
STU_016059,73.72988226950892
STU_016060,75.43821402373764
STU_016061,53.907254693360414
STU_016062,70.84622709895208
STU_016063,80.33321886756957
STU_016064,63.72152125413787
STU_016065,76.73296331958505
STU_016066,81.9457794174908
STU_016067,59.68565257992413
STU_016068,97.2206478836936
STU_016069,81.73268582956226
STU_016070,73.5403052147895
STU_016071,68.10640437259019
STU_016072,85.82558506144852
STU_016073,79.50496114514237
STU_016074,84.41597861954915
STU_016075,98.21536724030176
STU_016076,63.37802515672603
STU_016077,64.61259091983754
STU_016078,85.58626203475296
STU_016079,87.94971138219904
STU_016080,70.24547972477139
STU_016081,63.610233593763354
STU_016082,85.50919089103813
STU_016083,98.82070413686456
STU_016084,73.93866802630129
STU_016085,54.826055443931466
STU_016086,93.2195615364872
STU_016087,73.45660187294922
STU_016088,74.15719699529457
STU_016089,83.7677379064952
STU_016090,89.10783376043824
STU_016091,63.13109954896099
STU_016092,70.52065508847814
STU_016093,76.33302291263755
STU_016094,73.83012501070857
STU_016095,77.220204395715
STU_016096,83.95277261597332
STU_016097,68.76643475154206
STU_016098,61.474936367618085
STU_016099,82.28975250783617
STU_016100,76.44008930137963
STU_016101,60.617643008953806
STU_016102,77.67556781366306
STU_016103,53.70346930078621
STU_016104,82.59168956205669
STU_016105,63.92677551621074
STU_016106,62.154389954639726
STU_016107,74.6870314072045
STU_016108,70.66113584436552
STU_016109,66.01327982063546
STU_016110,65.3677552866582
STU_016111,82.34895022902913
STU_016112,76.4009421697353
STU_016113,57.024566847806256
STU_016114,72.76864287798251
STU_016115,87.33730161301818
STU_016116,93.35987374105308
STU_016117,83.25559388173555
STU_016118,68.28374712416141
STU_016119,82.7652047276326
STU_016120,82.62424668403409
STU_016121,64.71061038699958
STU_016122,73.66068173450623
STU_016123,85.1781871209339
STU_016124,94.31801682145462
STU_016125,90.31248576424638
STU_016126,79.24715400676837
STU_016127,80.46115340810272
STU_016128,95.08770371401873
STU_016129,67.55296367950837
STU_016130,98.83546985916317
STU_016131,86.04276526706384
STU_016132,71.06362298685278
STU_016133,76.28592520348977
STU_016134,74.94152840240885
STU_016135,60.33742686418688
STU_016136,87.66990581198564
STU_016137,76.17573060501715
STU_016138,77.16330381640918
STU_016139,97.67727293800317
STU_016140,86.54119240268584
STU_016141,89.35774403067738
STU_016142,77.05713366968759
STU_016143,57.54209035942691
STU_016144,77.13847628096748
STU_016145,78.37153423229978
STU_016146,81.9534057036526
STU_016147,85.82003593933928
STU_016148,63.806720932090116
STU_016149,54.1075474247115
STU_016150,94.51430383663099
STU_016151,61.58458727936842
STU_016152,81.31747965557858
STU_016153,66.30720074158673
STU_016154,82.28135154456848
STU_016155,84.6762496045049
STU_016156,62.984584089263684
STU_016157,78.35829623608629
STU_016158,96.2651019409274
STU_016159,62.22750089557462
STU_016160,74.07079260366356
STU_016161,70.59764155597327
STU_016162,94.36044906694845
STU_016163,76.7944163823304
STU_016164,58.13010177983807
STU_016165,96.20562018983499
STU_016166,62.9275935385039
STU_016167,76.1889317411399
STU_016168,85.53886916503558
STU_016169,95.43070255796346
STU_016170,85.23881343739114
STU_016171,72.54573872561487
STU_016172,62.05746346130341
STU_016173,66.35629227007755
STU_016174,59.031775609638565
STU_016175,87.10997109589684
STU_016176,74.02182463314719
STU_016177,84.86019680039308
STU_016178,81.08040599362795
STU_016179,78.21393940378026
STU_016180,60.8350472795659
STU_016181,89.4134996093899
STU_016182,54.69007677349228
STU_016183,77.56613079664609
STU_016184,76.48913188815143
STU_016185,99.80273661811081
STU_016186,50.03881128828729
STU_016187,90.33787868185307
STU_016188,78.58423103936926
STU_016189,81.22018296713293
STU_016190,80.17342257396854
STU_016191,53.89955293203229
STU_016192,59.539579481685145
STU_016193,81.81491263639364
STU_016194,88.56925320517841
STU_016195,83.77457568782916
STU_016196,58.757311695816085
STU_016197,94.37663006626944
STU_016198,70.58582873366008
STU_016199,78.64227516366529
STU_016200,65.07547566474075
STU_016201,64.87695201540116
STU_016202,63.70597343393975
STU_016203,68.85953800823333
STU_016204,64.63190990806426
STU_016205,54.02005084697194
STU_016206,68.79996043411401
STU_016207,52.81374910012798
STU_016208,70.54497411368098
STU_016209,70.59345209985557
STU_016210,59.72719310189777
STU_016211,72.37311921035977
STU_016212,65.75537357640857
STU_016213,92.22748349627841
STU_016214,57.839706759955334
STU_016215,71.40031987209862
STU_016216,59.04104771371492
STU_016217,71.59317338288267
STU_016218,100.0
STU_016219,83.67894318045032
STU_016220,87.35739382460781
STU_016221,66.31821126026014
STU_016222,66.36223528551895
STU_016223,63.28466670445991
STU_016224,97.91798083851674
STU_016225,81.36314066173676
STU_016226,85.10040399101104
STU_016227,78.35404132137626
STU_016228,70.50307234793722
STU_016229,64.5156818364527
STU_016230,63.495649687226056
STU_016231,91.1135798616359
STU_016232,99.76642911318393
STU_016233,56.11983718245162
STU_016234,84.76977316048024
STU_016235,62.81011021498243
STU_016236,71.82663154724
STU_016237,70.983191813187
STU_016238,87.45808157212167
STU_016239,66.42097159622722
STU_016240,93.10392288400192
STU_016241,88.0723955526263
STU_016242,71.58679407427545
STU_016243,77.17723446931112
STU_016244,80.17141228166061
STU_016245,71.30882079753619
STU_016246,70.04242767789994
STU_016247,72.38007804007856
STU_016248,73.39877251412413
STU_016249,67.10750900407031
STU_016250,91.70904395395368
STU_016251,54.096951033168864
STU_016252,85.86789432937167
STU_016253,87.24592258145339
STU_016254,84.50772389367893
STU_016255,73.07667618098739
STU_016256,46.80455494586542
STU_016257,80.77670162486478
STU_016258,79.76454427304799
STU_016259,76.50393612654045
STU_016260,73.61029511988252
STU_016261,96.16735152699992
STU_016262,78.25500255806645
STU_016263,58.844968371110916
STU_016264,56.38416804666656
STU_016265,96.56560768158886
STU_016266,91.89328148471155
STU_016267,72.64972376079938
STU_016268,82.08974545467633
STU_016269,93.8846550790872
STU_016270,70.07511913170009
STU_016271,68.746966035251
STU_016272,84.22778787713104
STU_016273,74.39053166900985
STU_016274,58.862141339275865
STU_016275,70.6151719673276
STU_016276,57.19895950922619
STU_016277,86.8638628721809
STU_016278,81.31695930180825
STU_016279,80.71567188787171
STU_016280,80.52523014011663
STU_016281,77.39740144720854
STU_016282,68.50196990067322
STU_016283,67.23049046499831
STU_016284,89.20447312530804
STU_016285,59.24750634098018
STU_016286,56.918090374150886
STU_016287,86.39105411770609
STU_016288,87.50524634175075
STU_016289,80.68019373166189
STU_016290,67.03790850471319
STU_016291,75.26384007353602
STU_016292,73.56539515089656
STU_016293,81.0422717950448
STU_016294,69.0264442988723
STU_016295,85.82268655840224
STU_016296,75.21148095911664
STU_016297,86.07144842418649
STU_016298,51.00996091887059
STU_016299,67.52381293462608
STU_016300,66.4783525280296
STU_016301,55.26421089876008
STU_016302,69.19186553552453
STU_016303,77.73825742154335
STU_016304,83.11112639467152
STU_016305,91.11735471487856
STU_016306,78.5919637579897
STU_016307,70.95788104483458
STU_016308,65.02006173975745
STU_016309,85.33717624977834
STU_016310,79.62133148029793
STU_016311,60.475439136096284
STU_016312,69.54557732621315
STU_016313,97.3380368475822
STU_016314,85.86247694768932
STU_016315,62.87155087396758
STU_016316,94.2299402375009
STU_016317,81.27478488516552
STU_016318,72.79423678163222
STU_016319,67.85197412571665
STU_016320,63.653421889955595
STU_016321,62.654499926626315
STU_016322,94.97543886633791
STU_016323,66.69339694904102
STU_016324,54.99493730210851
STU_016325,73.81784564876372
STU_016326,72.98005962449994
STU_016327,85.69316383420016
STU_016328,71.17416359526058
STU_016329,66.81895393121447
STU_016330,72.21936064117911
STU_016331,77.13162246699821
STU_016332,85.35713605665055
STU_016333,88.86800196171207
STU_016334,62.45668154597149
STU_016335,74.37988680435407
STU_016336,65.28407360493406
STU_016337,63.49431153896736
STU_016338,75.7399895911933
STU_016339,81.70593555507406
STU_016340,88.08525196643538
STU_016341,83.85775141162546
STU_016342,75.04194310790822
STU_016343,70.51309724948989
STU_016344,86.29236171491662
STU_016345,85.49811255672608
STU_016346,80.58560364484254
STU_016347,52.52054241600509
STU_016348,68.7976070086959
STU_016349,83.7937305823347
STU_016350,63.023073321941155
STU_016351,72.16400799261396
STU_016352,78.51362066086077
STU_016353,71.3590312307178
STU_016354,53.56397885402296
STU_016355,72.7269595851407
STU_016356,71.13909161439804
STU_016357,64.03011238035594
STU_016358,80.47215615762698
STU_016359,88.48252907910677
STU_016360,76.48779946420328
STU_016361,75.83552851568373
STU_016362,77.55576077046729
STU_016363,70.24128397134999
STU_016364,71.25630825873617
STU_016365,79.68989069923751
STU_016366,69.50409533343498
STU_016367,77.51908831953213
STU_016368,54.698471296318445
STU_016369,68.72988246965565
STU_016370,44.165612328956634
STU_016371,61.37163764039154
STU_016372,90.47019767212359
STU_016373,82.89965504780432
STU_016374,72.9011275941157
STU_016375,76.74331503593802
STU_016376,89.11397542762788
STU_016377,57.50844762038534
STU_016378,82.70929245396295
STU_016379,64.12902875931672
STU_016380,87.27480374067255
STU_016381,63.249456764868704
STU_016382,75.85611697313007
STU_016383,57.81929803864486
STU_016384,90.96651821180492
STU_016385,89.93613952250433
STU_016386,70.38253910038034
STU_016387,68.67681368005984
STU_016388,62.039599519178815
STU_016389,77.74327248714673
STU_016390,78.77892754701888
STU_016391,100.0
STU_016392,83.62534565706895
STU_016393,78.82838921340166
STU_016394,95.12421397076024
STU_016395,63.13224093528147
STU_016396,89.30391712735263
STU_016397,65.47910625442265
STU_016398,62.13671004868685
STU_016399,68.43147104577749
STU_016400,84.37463260240116
STU_016401,71.39337083180682
STU_016402,95.28466541373379
STU_016403,60.97573725382868
STU_016404,67.12162820861187
STU_016405,68.34440000817227
STU_016406,67.7869542368445
STU_016407,95.26695677782014
STU_016408,87.00680416585516
STU_016409,55.00893641537857
STU_016410,62.469033435212296
STU_016411,58.34742058756707
STU_016412,50.45515345595818
STU_016413,69.3746474007177
STU_016414,83.02455222487777
STU_016415,84.18957198533633
STU_016416,76.91108224214133
STU_016417,76.21892320945287
STU_016418,100.0
STU_016419,74.03753893410604
STU_016420,65.40390533350478
STU_016421,60.447389971245045
STU_016422,63.387145205627675
STU_016423,97.31192070281135
STU_016424,70.09713966294751
STU_016425,83.55955206189606
STU_016426,71.37566674815835
STU_016427,76.87697028172192
STU_016428,99.82128688574448
STU_016429,75.193459090575
STU_016430,84.21086652470484
STU_016431,96.99523700992847
STU_016432,51.71312529110453
STU_016433,59.942110793614845
STU_016434,61.35081678811268
STU_016435,78.97716463728932
STU_016436,91.03304447250292
STU_016437,80.07821944779886
STU_016438,79.95333869642181
STU_016439,73.83416327626614
STU_016440,62.133510351640396
STU_016441,92.31933257899348
STU_016442,89.88208267384648
STU_016443,69.289180661042
STU_016444,79.72111674566946
STU_016445,74.51755510621084
STU_016446,69.02724569766849
STU_016447,67.85096123116605
STU_016448,73.70497781390661
STU_016449,77.18305753948447
STU_016450,70.86462520918197
STU_016451,88.67411092846979
STU_016452,86.79002714825296
STU_016453,68.96082121074951
STU_016454,65.71174406139758
STU_016455,50.66887847399775
STU_016456,67.58979733387537
STU_016457,89.01157565921545
STU_016458,76.89634314125493
STU_016459,76.35432523625761
STU_016460,78.53158267928363
STU_016461,56.41211335998183
STU_016462,82.60917164349104
STU_016463,81.98343505419226
STU_016464,79.39203766176696
STU_016465,78.77252902512004
STU_016466,69.70159007480967
STU_016467,81.3344902884053
STU_016468,62.962078260944786
STU_016469,55.7760358636076
STU_016470,82.26166238922909
STU_016471,55.00476309405193
STU_016472,73.81037252753804
STU_016473,74.96419580853075
STU_016474,67.86490835854998
STU_016475,97.12472601587692
STU_016476,95.11809581810084
STU_016477,93.34471853210849
STU_016478,88.84840000595241
STU_016479,64.27642779154927
STU_016480,76.31450675955216
STU_016481,71.74816828070288
STU_016482,67.24968115893203
STU_016483,87.14875832254452
STU_016484,73.70979176694152
STU_016485,69.41884133120017
STU_016486,87.97294433993473
STU_016487,67.91447425672821
STU_016488,82.54778024529705
STU_016489,92.35437254928358
STU_016490,68.72295351249709
STU_016491,86.94984808380542
STU_016492,89.69534461890643
STU_016493,86.71543545503008
STU_016494,74.13722509157654
STU_016495,48.506964489955735
STU_016496,83.86281021234534
STU_016497,47.9009471338086
STU_016498,63.843199999615635
STU_016499,73.99689769025403
STU_016500,74.56912258545438
STU_016501,74.93723501605014
STU_016502,75.03918297832969
STU_016503,59.848348363256626
STU_016504,76.11960765001254
STU_016505,93.77752334757096
STU_016506,72.77757111102355
STU_016507,68.48873619024609
STU_016508,88.83310944428764
STU_016509,43.492856704377886
STU_016510,73.90177762827096
STU_016511,67.72838301367898
STU_016512,67.76255953876259
STU_016513,53.987270242702266
STU_016514,87.5402956520632
STU_016515,61.14990331170509
STU_016516,58.44940777372741
STU_016517,77.53623348093504
STU_016518,81.28417501125872
STU_016519,79.91262448099208
STU_016520,61.61063888884946
STU_016521,100.0
STU_016522,51.66795795113431
STU_016523,72.0747947044308
STU_016524,70.9135646683222
STU_016525,45.916028477733796
STU_016526,100.0
STU_016527,58.381956876761436
STU_016528,69.99097421099177
STU_016529,69.8536150431153
STU_016530,81.06551426839505
STU_016531,99.62039322570661
STU_016532,100.0
STU_016533,75.52926767559585
STU_016534,85.65604106610297
STU_016535,68.12371213752752
STU_016536,85.3636617935723
STU_016537,81.11296514700057
STU_016538,65.16207955693993
STU_016539,72.72435049398871
STU_016540,79.47021444401425
STU_016541,100.0
STU_016542,56.874390222562425
STU_016543,59.711597371009496
STU_016544,84.06665199703266
STU_016545,91.66658644956144
STU_016546,68.55632530585612
STU_016547,100.0
STU_016548,93.4055704540217
STU_016549,84.84074550157271
STU_016550,68.80284168332702
STU_016551,82.07166281744128
STU_016552,84.99548733941262
STU_016553,70.47962898096367
STU_016554,85.63378772859716
STU_016555,73.15091643336922
STU_016556,77.65619933134593
STU_016557,72.3265444551685
STU_016558,74.25518153078033
STU_016559,79.11470376994734
STU_016560,63.29971768640956
STU_016561,80.87889967479632
STU_016562,78.47002173813898
STU_016563,76.03639216058455
STU_016564,71.050944137872
STU_016565,78.72590129154165
STU_016566,84.94748117679922
STU_016567,69.4812757388937
STU_016568,71.04357698682009
STU_016569,61.045214872641225
STU_016570,69.27258912514267
STU_016571,87.12345304386398
STU_016572,62.60395539302252
STU_016573,56.37693209231895
STU_016574,95.90344923455714
STU_016575,65.00996223179516
STU_016576,80.62932129606307
STU_016577,87.81918613854484
STU_016578,85.02624301055123
STU_016579,86.1145341936558
STU_016580,85.88303458005291
STU_016581,97.05150569440954
STU_016582,64.61670884104213
STU_016583,85.60157218610064
STU_016584,95.99664132101657
STU_016585,88.17211184372624
STU_016586,81.85641485294084
STU_016587,74.31653847522792
STU_016588,72.08876813943714
STU_016589,68.92825637940462
STU_016590,73.76180034152007
STU_016591,59.41124317500602
STU_016592,80.40115870622375
STU_016593,80.72422372973972
STU_016594,44.00879331640945
STU_016595,73.67521284189773
STU_016596,88.2510720558764
STU_016597,53.995599391757075
STU_016598,82.20250522429981
STU_016599,49.336053916707584
STU_016600,52.09895754543295
STU_016601,77.53028087015444
STU_016602,57.98043456927434
STU_016603,52.834156458349554
STU_016604,83.53347390099084
STU_016605,94.65799826571228
STU_016606,70.08397647366952
STU_016607,41.716174453749716
STU_016608,86.33053969863403
STU_016609,78.63086381636117
STU_016610,84.33163961093558
STU_016611,59.69429528833321
STU_016612,93.11585212232332
STU_016613,80.6291091037513
STU_016614,67.72067131673592
STU_016615,94.4091432601193
STU_016616,86.10722032688517
STU_016617,93.49639580739998
STU_016618,74.02622953961978
STU_016619,88.39503254677476
STU_016620,58.22837401538969
STU_016621,79.55478039772814
STU_016622,75.94882115592272
STU_016623,76.27564458119375
STU_016624,96.4204818804503
STU_016625,81.58120117606151
STU_016626,58.34378588278251
STU_016627,98.13733262795832
STU_016628,86.83619142821685
STU_016629,55.36728149088352
STU_016630,68.36578913979537
STU_016631,65.80022419903763
STU_016632,64.22713411867232
STU_016633,74.09737247305998
STU_016634,66.66423484592625
STU_016635,91.97855036135981
STU_016636,83.16360791436966
STU_016637,66.43540315412113
STU_016638,68.76269999433384
STU_016639,63.51459249661825
STU_016640,100.0
STU_016641,84.59036746729461
STU_016642,58.43231820635843
STU_016643,69.28688133491283
STU_016644,75.25401048895307
STU_016645,84.69361106437397
STU_016646,84.38802210234579
STU_016647,67.88734780548702
STU_016648,78.95431233337149
STU_016649,87.74081975832527
STU_016650,88.32040891663559
STU_016651,83.66132919759845
STU_016652,87.18132958918508
STU_016653,79.34667050124708
STU_016654,91.68284862725201
STU_016655,74.14373479237341
STU_016656,80.2695519891171
STU_016657,79.64433441678526
STU_016658,87.72823024039008
STU_016659,74.68944344519092
STU_016660,92.4045183536357
STU_016661,68.16876821579574
STU_016662,70.49663617178689
STU_016663,89.80886499448764
STU_016664,70.27756292295626
STU_016665,78.07565236731492
STU_016666,67.58753089520854
STU_016667,70.00167888411313
STU_016668,94.60617728790507
STU_016669,72.21732292127815
STU_016670,80.83110519982846
STU_016671,96.4425050562678
STU_016672,85.2347040401055
STU_016673,67.02419144378072
STU_016674,79.00687214544226
STU_016675,70.33115964650719
STU_016676,100.0
STU_016677,92.08758365632141
STU_016678,88.94610637513074
STU_016679,89.17191080662579
STU_016680,60.81656228125033
STU_016681,95.38380251758659
STU_016682,84.01535726151971
STU_016683,73.0116828700178
STU_016684,65.26946863106159
STU_016685,76.10909809243782
STU_016686,71.04955800281199
STU_016687,94.85948084907551
STU_016688,62.07054365445198
STU_016689,69.56770856693436
STU_016690,56.042115272601556
STU_016691,81.2390432651059
STU_016692,77.58111088400508
STU_016693,67.71754193257883
STU_016694,83.61185466904223
STU_016695,77.34011906229848
STU_016696,78.89312205546139
STU_016697,73.21591527235151
STU_016698,80.38723669560153
STU_016699,65.10266849035568
STU_016700,72.39465952071203
STU_016701,76.0829005275537
STU_016702,78.95068835466179
STU_016703,91.83514043415533
STU_016704,84.66723445741724
STU_016705,88.83409727350926
STU_016706,74.1861600569967
STU_016707,78.76331962839396
STU_016708,90.22713790218353
STU_016709,44.6378926770668
STU_016710,76.04544578463448
STU_016711,60.15541992946727
STU_016712,51.434747601374305
STU_016713,94.77599561577048
STU_016714,93.32979637324982
STU_016715,67.2363063207529
STU_016716,68.14829263060209
STU_016717,88.26290972346516
STU_016718,55.026530725478636
STU_016719,89.96368386990528
STU_016720,94.16598966819038
STU_016721,79.32478057442437
STU_016722,76.29949984038798
STU_016723,73.73485565113184
STU_016724,75.3020318314523
STU_016725,70.31774280347545
STU_016726,60.13364459288479
STU_016727,68.33992975186285
STU_016728,60.657802054980145
STU_016729,79.94264359812055
STU_016730,83.22559421227947
STU_016731,64.52771274088053
STU_016732,87.9237136453797
STU_016733,85.76498099375343
STU_016734,58.64977504860312
STU_016735,83.04927868975427
STU_016736,60.90518427280879
STU_016737,66.88284448981337
STU_016738,76.6575445360535
STU_016739,81.79298028945738
STU_016740,72.80505975396291
STU_016741,78.1269902178607
STU_016742,88.58062254389623
STU_016743,75.6904028312297
STU_016744,59.1226296344622
STU_016745,66.67594982266652
STU_016746,54.31917186639913
STU_016747,82.78111367984225
STU_016748,76.48183365938496
STU_016749,52.524854334338
STU_016750,86.57570860339759
STU_016751,87.64155915641736
STU_016752,59.64656590597316
STU_016753,75.62627635807591
STU_016754,100.0
STU_016755,74.68820407100395
STU_016756,81.72201335093922
STU_016757,82.26021122373709
STU_016758,56.012236067016346
STU_016759,97.02761155917321
STU_016760,71.54666500511202
STU_016761,77.31203783799083
STU_016762,75.60798160584635
STU_016763,81.36814392962984
STU_016764,68.81034019468433
STU_016765,86.3099211837946
STU_016766,90.67741211602694
STU_016767,81.99199903176894
STU_016768,87.43232100912687
STU_016769,51.01186992226205
STU_016770,58.493350481319354
STU_016771,61.71444475911928
STU_016772,95.67010731007147
STU_016773,68.37122724598281
STU_016774,79.0995709612834
STU_016775,68.86713761787439
STU_016776,92.09879732582013
STU_016777,50.41427499828586
STU_016778,77.7508764931402
STU_016779,75.04991486924774
STU_016780,82.45835873556707
STU_016781,51.39192148273494
STU_016782,82.53574882132222
STU_016783,68.30199079123625
STU_016784,95.35479783029885
STU_016785,91.94181840290906
STU_016786,71.73308091260229
STU_016787,68.07985954053605
STU_016788,90.99661882282359
STU_016789,73.46680202187733
STU_016790,79.92511093069163
STU_016791,70.47602792076054
STU_016792,70.11557209893216
STU_016793,82.08589066170745
STU_016794,74.71912481342102
STU_016795,74.3453435054243
STU_016796,88.11338184093266
STU_016797,65.66830964437307
STU_016798,73.4460959545919
STU_016799,92.96279378955168
STU_016800,68.270177767999
STU_016801,62.86386399162683
STU_016802,64.37787171179093
STU_016803,91.05821279818628
STU_016804,92.48323521073891
STU_016805,58.66609983571714
STU_016806,79.79018443048841
STU_016807,76.02085919027799
STU_016808,86.0372412453806
STU_016809,89.52399130381836
STU_016810,52.353101437603705
STU_016811,74.86947371120812
STU_016812,71.75978833816619
STU_016813,76.1391858333906
STU_016814,89.888634395223
STU_016815,68.76347652502223
STU_016816,70.57796609638405
STU_016817,100.0
STU_016818,52.216446306020316
STU_016819,86.46983013380236
STU_016820,79.34419193150634
STU_016821,81.29665919866633
STU_016822,73.72848976615305
STU_016823,100.0
STU_016824,79.38674652970437
STU_016825,79.06286320107387
STU_016826,72.27901005642218
STU_016827,79.19836425425657
STU_016828,73.76814672029727
STU_016829,78.16429050997586
STU_016830,73.81897450388988
STU_016831,90.11224875402358
STU_016832,70.0455934388889
STU_016833,62.02989810484003
STU_016834,84.81987310802101
STU_016835,78.44957836053052
STU_016836,83.29164124551357
STU_016837,97.77248414619001
STU_016838,89.53304270930354
STU_016839,65.00217046949444
STU_016840,83.36419123855457
STU_016841,96.09589520312258
STU_016842,77.4176252621475
STU_016843,67.36103321071397
STU_016844,84.91339356055298
STU_016845,72.02391071098555
STU_016846,66.31669262298288
STU_016847,72.2027952180109
STU_016848,60.883570852329925
STU_016849,69.91017239231748
STU_016850,76.31711242368613
STU_016851,68.28609504142663
STU_016852,88.31791654564105
STU_016853,83.59209028135643
STU_016854,90.19685064359479
STU_016855,79.76012772271355
STU_016856,96.37049711322226
STU_016857,69.38335368642825
STU_016858,54.80333687772011
STU_016859,100.0
STU_016860,98.39630445226496
STU_016861,77.40943878368763
STU_016862,93.54974234017303
STU_016863,96.37018161672114
STU_016864,52.19536802776915
STU_016865,85.70137529955595
STU_016866,71.17571672435676
STU_016867,93.87432572934657
STU_016868,73.50220270947067
STU_016869,85.08236678231856
STU_016870,67.49794549373452
STU_016871,59.05942687778476
STU_016872,78.69579540910418
STU_016873,91.87790932890853
STU_016874,71.94741113155192
STU_016875,84.51204798617721
STU_016876,60.1662926258401
STU_016877,100.0
STU_016878,58.47774433284421
STU_016879,89.86452271373958
STU_016880,88.3724243169394
STU_016881,64.57920845794231
STU_016882,76.85285120287836
STU_016883,89.71781945651799
STU_016884,71.18675504410264
STU_016885,94.69142379257462
STU_016886,80.56456693188692
STU_016887,68.08543138449375
STU_016888,85.52941706982759
STU_016889,73.07867336440013
STU_016890,69.36907378811327
STU_016891,66.42787026877613
STU_016892,79.78392805613925
STU_016893,60.72978249125711
STU_016894,81.99943454411863
STU_016895,72.3292527000848
STU_016896,67.1976485219956
STU_016897,51.01799014273866
STU_016898,100.0
STU_016899,79.00802654869808
STU_016900,97.0718828925591
STU_016901,78.36039092788576
STU_016902,93.0381039679952
STU_016903,75.9781850672229
STU_016904,83.26503309732837
STU_016905,80.44753968483644
STU_016906,70.66918227322425
STU_016907,86.12922567493636
STU_016908,68.32112870831617
STU_016909,90.67868154324574
STU_016910,70.21512310659315
STU_016911,71.63364245834313
STU_016912,68.8403702966172
STU_016913,60.52969107342133
STU_016914,90.66401957041651
STU_016915,86.53059231762845
STU_016916,76.1470413841227
STU_016917,84.0319483882515
STU_016918,49.18982917831791
STU_016919,69.0825999177485
STU_016920,69.68636622952354
STU_016921,72.40524993220218
STU_016922,70.41497219958056
STU_016923,90.4883184718473
STU_016924,54.68558881095697
STU_016925,78.60045121409689
STU_016926,75.83148707720812
STU_016927,58.66472781234255
STU_016928,76.18485766905476
STU_016929,66.66058180582684
STU_016930,93.6922410288461
STU_016931,46.40263137601215
STU_016932,85.02013356163894
STU_016933,88.40952690114457
STU_016934,66.22031190621853
STU_016935,73.8457827887904
STU_016936,65.90300203610583
STU_016937,69.68347643132735
STU_016938,89.59171261358259
STU_016939,93.18337680473938
STU_016940,87.52874201298846
STU_016941,64.91894015887355
STU_016942,78.1805833509852
STU_016943,74.04117365581351
STU_016944,77.46987640093545
STU_016945,92.89628809934132
STU_016946,84.53729995469403
STU_016947,73.83843169158055
STU_016948,78.98155038978038
STU_016949,62.33172391428662
STU_016950,67.3834609926055
STU_016951,96.43613515280379
STU_016952,58.80669860557745
STU_016953,65.48319008528412
STU_016954,68.17595816522336
STU_016955,86.12376933928536
STU_016956,89.74089204605312
STU_016957,66.36950158703662
STU_016958,76.18579195682698
STU_016959,96.03386043220644
STU_016960,79.6740898025732
STU_016961,68.78429311826424
STU_016962,76.97963069919616
STU_016963,95.526303925917
STU_016964,90.67877854719663
STU_016965,92.45269758350918
STU_016966,74.97582670609856
STU_016967,90.70601337700924
STU_016968,95.98306506131652
STU_016969,60.07789070149437
STU_016970,74.60151123317257
STU_016971,62.80929894118776
STU_016972,95.39219457143578
STU_016973,68.12489572936704
STU_016974,78.19962781485393
STU_016975,62.04551242479248
STU_016976,68.2794789965063
STU_016977,86.01859094870818
STU_016978,67.660760640251
STU_016979,58.54519315483238
STU_016980,82.56387153199262
STU_016981,62.03782750198789
STU_016982,75.07850185968977
STU_016983,67.61908636290276
STU_016984,66.81266894927555
STU_016985,100.0
STU_016986,86.9922261315924
STU_016987,79.76414102335897
STU_016988,74.37657684589382
STU_016989,86.04143369604594
STU_016990,73.42108631844638
STU_016991,63.920230010233595
STU_016992,81.36802168121554
STU_016993,75.53368154875602
STU_016994,66.8332866722049
STU_016995,66.95531847952384
STU_016996,93.6752654965791
STU_016997,82.24332883688287
STU_016998,92.38422867944342
STU_016999,98.11687729557156
STU_017000,87.27341750495107
STU_017001,87.93014082068103
STU_017002,94.46078248746099
STU_017003,96.75784246974268
STU_017004,67.03724015977932
STU_017005,81.75179071568009
STU_017006,86.09961020369514
STU_017007,72.65597103840528
STU_017008,75.44619905634823
STU_017009,81.12619628850788
STU_017010,71.41155620290782
STU_017011,52.098618194473644
STU_017012,57.44414716460467
STU_017013,100.0
STU_017014,75.04663647340669
STU_017015,78.35599236676853
STU_017016,90.08652911359238
STU_017017,63.89088154124143
STU_017018,75.64423614244748
STU_017019,56.56147518516562
STU_017020,68.81477421654378
STU_017021,77.52153072724937
STU_017022,72.69011074458464
STU_017023,62.54818242157816
STU_017024,62.03640250536604
STU_017025,63.53213740335484
STU_017026,76.82548324963152
STU_017027,80.05257761272394
STU_017028,74.37504626193217
STU_017029,90.0779245520375
STU_017030,90.69114510461534
STU_017031,56.70883265334961
STU_017032,93.32877546133541
STU_017033,86.70158290041397
STU_017034,74.56576642371894
STU_017035,75.38897069935676
STU_017036,87.67517235358505
STU_017037,93.93622803111126
STU_017038,93.6677017775524
STU_017039,89.60361053360342
STU_017040,100.0
STU_017041,59.637583633475074
STU_017042,85.69542491306842
STU_017043,74.14706295525156
STU_017044,93.90801053868498
STU_017045,84.05692051144462
STU_017046,82.73703759003305
STU_017047,96.7794215022202
STU_017048,67.57943638931357
STU_017049,85.46720380322509
STU_017050,65.39569194829656
STU_017051,80.13956304892304
STU_017052,94.8827646038657
STU_017053,77.8309984389247
STU_017054,89.69173837242208
STU_017055,82.07675411049001
STU_017056,79.79372058242663
STU_017057,94.01846891344698
STU_017058,79.0471907270559
STU_017059,61.22809451376013
STU_017060,64.66079137272474
STU_017061,94.95955740242147
STU_017062,58.49287194637817
STU_017063,77.68683538648455
STU_017064,67.9983099737104
STU_017065,94.24292237156331
STU_017066,65.3276862943465
STU_017067,93.5774469177921
STU_017068,67.58097244163845
STU_017069,80.03958654320346
STU_017070,82.2740227740071
STU_017071,75.51751335218418
STU_017072,75.19389858678753
STU_017073,90.38435648130863
STU_017074,83.83960222292737
STU_017075,91.71449964872441
STU_017076,55.77689733705387
STU_017077,89.76379284848795
STU_017078,67.34406061586195
STU_017079,61.444515833168445
STU_017080,58.340920262542554
STU_017081,71.65980814545344
STU_017082,82.29697632732535
STU_017083,67.97270228337561
STU_017084,50.26139284419573
STU_017085,62.393932455354744
STU_017086,88.57388242441394
STU_017087,70.58061246088882
STU_017088,90.86685826894478
STU_017089,64.0813264535324
STU_017090,82.59951651186144
STU_017091,67.00347061529652
STU_017092,85.0796946685168
STU_017093,53.65843181868461
STU_017094,80.4653080691204
STU_017095,55.921377370581624
STU_017096,62.314028243276006
STU_017097,63.07941912135236
STU_017098,48.06346089171179
STU_017099,74.68994781913386
STU_017100,85.34575894913354
STU_017101,77.52737348240294
STU_017102,79.04622390656618
STU_017103,80.00252845239388
STU_017104,83.28073698423262
STU_017105,70.70873309504522
STU_017106,62.629216910425356
STU_017107,50.593229504975646
STU_017108,84.16379083281268
STU_017109,70.98729054116872
STU_017110,69.14716207763261
STU_017111,84.50182136165648
STU_017112,86.81164212201763
STU_017113,61.89974475381251
STU_017114,73.00005348472209
STU_017115,77.91280388477941
STU_017116,97.7141953266365
STU_017117,51.08499638369604
STU_017118,86.03653413902168
STU_017119,83.74900412835876
STU_017120,85.57300225072785
STU_017121,72.18597947353251
STU_017122,98.86840685576658
STU_017123,65.35983351698766
STU_017124,75.22194540058392
STU_017125,72.53165878696842
STU_017126,78.76152510529582
STU_017127,62.16390220722588
STU_017128,68.1669929252261
STU_017129,65.34451253281482
STU_017130,71.43019991463379
STU_017131,71.05558097184293
STU_017132,74.01280904537683
STU_017133,78.00582396503358
STU_017134,98.08741563085579
STU_017135,59.35094415010634
STU_017136,81.33653406837638
STU_017137,63.80291248956668
STU_017138,78.00695072475247
STU_017139,90.45419156762588
STU_017140,76.28591785081147
STU_017141,88.12285291801173
STU_017142,94.22020673748779
STU_017143,55.2445730723475
STU_017144,92.90561676411706
STU_017145,86.70174833426088
STU_017146,95.35141462018933
STU_017147,99.02436243624939
STU_017148,74.66963343085726
STU_017149,69.77823552614504
STU_017150,59.72418885559026
STU_017151,77.28939390993963
STU_017152,74.45924888862963
STU_017153,79.2974441287167
STU_017154,78.9246999700917
STU_017155,59.51216647714006
STU_017156,60.04985015333965
STU_017157,71.52792635476486
STU_017158,88.12455551940174
STU_017159,59.54750015381893
STU_017160,57.85401412567612
STU_017161,80.16058397378802
STU_017162,75.0589522436051
STU_017163,76.49275519066602
STU_017164,91.12478828887632
STU_017165,66.78645023660816
STU_017166,70.2504528289696
STU_017167,68.97739734252377
STU_017168,74.71862693596454
STU_017169,89.91481672115387
STU_017170,87.12920989500194
STU_017171,88.91972552503898
STU_017172,71.28482066308396
STU_017173,57.19430034449802
STU_017174,60.654898947017685
STU_017175,100.0
STU_017176,82.2806158567858
STU_017177,71.08788980224128
STU_017178,86.93896750934451
STU_017179,85.45913155373125
STU_017180,75.94537034411104
STU_017181,84.83823736576585
STU_017182,66.65407099746248
STU_017183,96.4319324988571
STU_017184,88.18656328076915
STU_017185,96.32866949649127
STU_017186,64.82996484166858
STU_017187,84.47670232475772
STU_017188,77.46243002174475
STU_017189,55.00953297441556
STU_017190,87.70302523543228
STU_017191,68.0372989679607
STU_017192,65.02284802572527
STU_017193,57.71839248637155
STU_017194,86.90476311331679
STU_017195,68.57335228989314
STU_017196,79.45556407635053
STU_017197,78.02323076245548
STU_017198,74.50793581109178
STU_017199,73.42166051698538
STU_017200,64.09984545874528
STU_017201,71.58913357427295
STU_017202,88.40577219020446
STU_017203,73.46399750036258
STU_017204,65.113520083294
STU_017205,86.7759344274321
STU_017206,77.26212084699841
STU_017207,95.714201655045
STU_017208,63.80240983303051
STU_017209,60.00721221520196
STU_017210,34.70150525867271
STU_017211,84.75117584514672
STU_017212,93.90852884388843
STU_017213,89.38135054689818
STU_017214,83.11111449436493
STU_017215,64.15328471612054
STU_017216,62.53809042538326
STU_017217,100.0
STU_017218,71.17682189028167
STU_017219,95.98345206681651
STU_017220,79.82743222838687
STU_017221,70.10859586576115
STU_017222,64.63855907830093
STU_017223,70.69705385940125
STU_017224,83.03037572049014
STU_017225,92.83950153549165
STU_017226,76.84323006753675
STU_017227,70.70362178895418
STU_017228,83.05770654018943
STU_017229,67.24545237339251
STU_017230,96.40447188166402
STU_017231,64.99119495414459
STU_017232,69.80509036060644
STU_017233,71.82595442676266
STU_017234,90.39397534187465
STU_017235,76.73805149781259
STU_017236,58.67369672347579
STU_017237,93.37219621226224
STU_017238,80.49654767908987
STU_017239,54.89699919800515
STU_017240,91.1033022837507
STU_017241,74.91271203922722
STU_017242,46.98063671831183
STU_017243,82.36732111662225
STU_017244,75.98019238958442
STU_017245,91.83739619093595
STU_017246,85.28156832107405
STU_017247,57.350036516016274
STU_017248,68.1049203241841
STU_017249,61.19202500632322
STU_017250,61.33866929672864
STU_017251,89.51886449258842
STU_017252,59.03142175782051
STU_017253,85.3859229833316
STU_017254,50.55770354707092
STU_017255,49.80146003236828
STU_017256,49.42418425597292
STU_017257,80.44725867954273
STU_017258,77.13541374226122
STU_017259,66.77449638383155
STU_017260,69.90318975305192
STU_017261,60.03642677067163
STU_017262,74.58221551240432
STU_017263,75.97436876564964
STU_017264,68.96597513237542
STU_017265,91.08473138983364
STU_017266,52.65779895127211
STU_017267,67.96308823702662
STU_017268,71.69089407618375
STU_017269,69.5644610384166
STU_017270,78.6623214404126
STU_017271,79.34033814569753
STU_017272,61.564524073812656
STU_017273,86.99202488300557
STU_017274,85.28206536530945
STU_017275,69.78371370999425
STU_017276,55.29175000732781
STU_017277,79.78208273614925
STU_017278,92.13468211748508
STU_017279,73.01696960215742
STU_017280,80.32883883416098
STU_017281,69.41868722553441
STU_017282,75.10593661479422
STU_017283,81.2750027630905
STU_017284,86.33987576302795
STU_017285,86.24097058596072
STU_017286,72.15975234459991
STU_017287,64.64632885741077
STU_017288,60.92308101443699
STU_017289,75.55989336092978
STU_017290,86.14991819304205
STU_017291,80.73760669795426
STU_017292,66.34862914365628
STU_017293,70.68951804996107
STU_017294,64.39846268204555
STU_017295,73.9004393034329
STU_017296,71.52466003583172
STU_017297,96.57439548086842
STU_017298,68.63744476926158
STU_017299,70.79117966929857
STU_017300,57.57981240696324
STU_017301,62.228536377362744
STU_017302,75.64262028860617
STU_017303,89.97461264511043
STU_017304,84.0507224652554
STU_017305,75.9848060779436
STU_017306,83.19096084416572
STU_017307,99.6093760148172
STU_017308,91.22380159158661
STU_017309,91.94170710995948
STU_017310,62.716857300345595
STU_017311,75.79319978787737
STU_017312,70.08236351919636
STU_017313,92.01866700774715
STU_017314,77.33841322615507
STU_017315,82.84652665113943
STU_017316,75.33456826950001
STU_017317,83.47757710317396
STU_017318,41.50457655927474
STU_017319,65.94585748190077
STU_017320,88.55629716080892
STU_017321,80.89238547929847
STU_017322,77.84298247403848
STU_017323,79.30507602703813
STU_017324,90.13130474288914
STU_017325,82.77609089258223
STU_017326,71.77928231590323
STU_017327,86.11829396049808
STU_017328,76.7382867235663
STU_017329,41.09807149705027
STU_017330,86.79818050955478
STU_017331,79.11655404926947
STU_017332,67.07347036698216
STU_017333,69.57236495840894
STU_017334,82.77113710147346
STU_017335,82.95157097745818
STU_017336,64.67076696320174
STU_017337,77.76720882754992
STU_017338,82.36696190469384
STU_017339,96.45625117600183
STU_017340,79.92915198545109
STU_017341,88.98878208123918
STU_017342,61.731315899970525
STU_017343,82.37884836820712
STU_017344,62.833132748178244
STU_017345,72.0254208936095
STU_017346,60.15557479009452
STU_017347,94.9411136976596
STU_017348,76.57449135503283
STU_017349,82.56179648997488
STU_017350,54.61772945015158
STU_017351,65.81866176514538
STU_017352,61.68068710165342
STU_017353,58.22832510830824
STU_017354,87.65200999816685
STU_017355,58.2271786372205
STU_017356,69.52060546049991
STU_017357,62.409464458314616
STU_017358,62.98402577589343
STU_017359,88.7532169826452
STU_017360,98.7363563171344
STU_017361,95.41082112554679
STU_017362,66.33924666630435
STU_017363,86.35227437814339
STU_017364,90.2064284298016
STU_017365,84.45077311954607
STU_017366,83.60624154732984
STU_017367,100.0
STU_017368,62.342731476311265
STU_017369,54.10521370463671
STU_017370,81.79535005017999
STU_017371,81.68762449372417
STU_017372,83.35425316304864
STU_017373,64.000133895453
STU_017374,50.59878104411592
STU_017375,85.69105601562063
STU_017376,75.77216499312465
STU_017377,68.80889262901462
STU_017378,81.65269612269944
STU_017379,61.29383100184559
STU_017380,66.10424031758593
STU_017381,58.92467094305815
STU_017382,83.14484469009471
STU_017383,80.47443236839118
STU_017384,68.15433165454633
STU_017385,68.24245128677526
STU_017386,71.22433573661523
STU_017387,85.94382878032451
STU_017388,69.0971369939186
STU_017389,81.44318726887862
STU_017390,74.20421421258825
STU_017391,76.24031544858589
STU_017392,66.4554562966942
STU_017393,65.4423185096232
STU_017394,71.51761089722658
STU_017395,60.52885711116237
STU_017396,80.81481153485612
STU_017397,78.1037047486155
STU_017398,78.09415310546197
STU_017399,86.67748765446308
STU_017400,44.048772558190684
STU_017401,45.071072871908605
STU_017402,93.86909960175589
STU_017403,61.69175716289018
STU_017404,70.94316873561145
STU_017405,62.575438068708266
STU_017406,65.68959601984817
STU_017407,67.22173944505997
STU_017408,81.28370536293806
STU_017409,80.82140900135732
STU_017410,74.8200062785171
STU_017411,60.553965204283784
STU_017412,81.66523842013487
STU_017413,82.77385954227753
STU_017414,78.07481600634172
STU_017415,55.95930211136498
STU_017416,63.24669643769458
STU_017417,75.34765823717007
STU_017418,90.5303314383122
STU_017419,67.21832310303938
STU_017420,78.33596418728399
STU_017421,76.27500651903097
STU_017422,77.21925534841299
STU_017423,71.20423073046007
STU_017424,54.407419210785804
STU_017425,75.2508537686266
STU_017426,65.0941559324863
STU_017427,79.1405462248923
STU_017428,72.36693452669215
STU_017429,60.83949807253579
STU_017430,97.77937427127542
STU_017431,70.24393986781077
STU_017432,96.45860146123488
STU_017433,82.96024930260975
STU_017434,74.59798306788741
STU_017435,82.45459648516183
STU_017436,71.89176652159333
STU_017437,75.95984447570928
STU_017438,99.04557437518213
STU_017439,62.82529710581531
STU_017440,87.36131111029857
STU_017441,47.29465956402616
STU_017442,76.41410243944385
STU_017443,83.40435865978817
STU_017444,76.41794326818177
STU_017445,95.79498793485513
STU_017446,89.40573414638607
STU_017447,65.99182589624618
STU_017448,75.0544301218644
STU_017449,85.80487859115048
STU_017450,83.18355998166186
STU_017451,74.92731271716184
STU_017452,82.3499869135256
STU_017453,88.7664017671829
STU_017454,56.724280828315486
STU_017455,91.89372922540451
STU_017456,78.62023891974167
STU_017457,65.7794488396224
STU_017458,61.98606808166505
STU_017459,80.3740246722675
STU_017460,67.09979973590391
STU_017461,84.496949893177
STU_017462,76.7166189729059
STU_017463,94.43530793117937
STU_017464,76.643699999536
STU_017465,81.05689570343284
STU_017466,76.95958690206227
STU_017467,54.06941875109245
STU_017468,83.02180895237662
STU_017469,95.85020521590977
STU_017470,89.57806198755226
STU_017471,86.73363895154895
STU_017472,67.23735342214304
STU_017473,98.17803009681685
STU_017474,37.70809150896278
STU_017475,59.94968395311626
STU_017476,70.09241503030508
STU_017477,64.81854493186336
STU_017478,49.909953973330914
STU_017479,76.76771119554536
STU_017480,96.94090625875862
STU_017481,89.87021191550232
STU_017482,80.57969593306997
STU_017483,92.69299445760697
STU_017484,86.23066685045396
STU_017485,90.1250381261444
STU_017486,74.97922217731099
STU_017487,90.01528633752835
STU_017488,58.37516441995068
STU_017489,61.890292816840144
STU_017490,92.6235899169817
STU_017491,70.90959817625081
STU_017492,60.86282877871286
STU_017493,77.94079388004437
STU_017494,73.89898764082412
STU_017495,53.40678786103459
STU_017496,78.6010064696822
STU_017497,83.68407989029015
STU_017498,57.95226750911333
STU_017499,85.42661582230184
STU_017500,85.97122154154951
STU_017501,74.6526000793885
STU_017502,86.37911872017243
STU_017503,69.75798092211026
STU_017504,83.25250292294822
STU_017505,79.32010191616399
STU_017506,77.05076827735574
STU_017507,55.04324070302701
STU_017508,70.30844737248944
STU_017509,85.05396210093654
STU_017510,98.29463267380059
STU_017511,76.21498978415458
STU_017512,75.26100516270805
STU_017513,76.85627321617777
STU_017514,74.369066571194
STU_017515,79.30051601818815
STU_017516,96.2490984832823
STU_017517,84.71405374288352
STU_017518,83.18569406407978
STU_017519,86.84728629294875
STU_017520,99.22059102157928
STU_017521,60.24462579809877
STU_017522,72.89832407151496
STU_017523,79.18872055881786
STU_017524,56.78436955610232
STU_017525,66.59308913835105
STU_017526,79.0107170464465
STU_017527,79.41055643977226
STU_017528,71.19485508447656
STU_017529,99.88273696416113
STU_017530,82.83526870509644
STU_017531,91.31891830651014
STU_017532,63.485688408889196
STU_017533,64.87405322089826
STU_017534,56.761813248937656
STU_017535,76.15060773521354
STU_017536,85.63679448175614
STU_017537,96.09081087447862
STU_017538,95.14359317774846
STU_017539,74.33275936546468
STU_017540,96.58898791667559
STU_017541,51.508400732730024
STU_017542,71.40381671870117
STU_017543,82.54368807875753
STU_017544,93.43044449280771
STU_017545,68.8244949154504
STU_017546,68.9833058379229
STU_017547,93.32138586537403
STU_017548,76.88760145286233
STU_017549,98.66612859594241
STU_017550,77.03012432194643
STU_017551,96.55578314534432
STU_017552,52.325301367156406
STU_017553,88.52488343168287
STU_017554,58.19504762630202
STU_017555,68.15213118070142
STU_017556,70.46972882872757
STU_017557,54.23580790241816
STU_017558,44.136326229856365
STU_017559,81.73297465750505
STU_017560,71.84860066435368
STU_017561,93.16393982379037
STU_017562,65.0598942699471
STU_017563,65.80998761721784
STU_017564,68.53559548294828
STU_017565,67.22679908417149
STU_017566,82.59042848768024
STU_017567,68.93532492702879
STU_017568,72.05734027286809
STU_017569,76.22592069654189
STU_017570,100.0
STU_017571,88.12629598140552
STU_017572,82.5022561844307
STU_017573,71.18422464612286
STU_017574,84.94641096002024
STU_017575,90.39244398181263
STU_017576,88.56984075742736
STU_017577,66.36087054757795
STU_017578,79.39690176738634
STU_017579,74.66718050862286
STU_017580,78.10903248313204
STU_017581,73.08252475250586
STU_017582,75.17715697504927
STU_017583,91.40839284420241
STU_017584,61.661557017780446
STU_017585,53.93538194586436
STU_017586,80.33035890487778
STU_017587,66.63109900552064
STU_017588,69.86509832493292
STU_017589,94.01155480993613
STU_017590,75.02610624496313
STU_017591,91.76187165186144
STU_017592,67.44414851088192
STU_017593,58.55139468287321
STU_017594,58.64781072161439
STU_017595,92.62356105198091
STU_017596,71.78041546569138
STU_017597,90.21327504830565
STU_017598,45.86600980532114
STU_017599,65.03839372867863
STU_017600,76.13954314103083
STU_017601,67.79773604175321
STU_017602,62.501633267645666
STU_017603,87.32354686125299
STU_017604,85.75837000955244
STU_017605,67.5152544465713
STU_017606,92.21339623923679
STU_017607,78.91071599160496
STU_017608,94.23304300207047
STU_017609,77.15671558843911
STU_017610,77.3389111168533
STU_017611,74.70586197652287
STU_017612,97.18005351063272
STU_017613,80.9057399240002
STU_017614,91.44222633907452
STU_017615,68.96437741123523
STU_017616,85.01136648595201
STU_017617,87.80893482094794
STU_017618,45.30675451763
STU_017619,64.3484502673747
STU_017620,74.35523415751814
STU_017621,85.96707246685173
STU_017622,96.98695816964158
STU_017623,58.45636999622454
STU_017624,67.82387088587814
STU_017625,68.96778559476756
STU_017626,54.882302766719036
STU_017627,55.69185467135271
STU_017628,73.84483950669208
STU_017629,72.47005058324727
STU_017630,60.056520602622086
STU_017631,49.980462805456256
STU_017632,78.4464321968901
STU_017633,75.15136547236395
STU_017634,80.15826533406045
STU_017635,81.5006570986657
STU_017636,70.49075337592875
STU_017637,94.62565555335645
STU_017638,68.69715747296053
STU_017639,86.48562546874317
STU_017640,93.33669404483359
STU_017641,99.71989990844259
STU_017642,61.28904004280758
STU_017643,66.59006308306543
STU_017644,77.78185362912112
STU_017645,82.29305024620919
STU_017646,71.47444501053207
STU_017647,63.26040233026882
STU_017648,85.53153314254514
STU_017649,96.45762996346215
STU_017650,96.96828480241462
STU_017651,68.71457999225873
STU_017652,72.77220186701416
STU_017653,99.54645449223283
STU_017654,74.49847388612073
STU_017655,84.22129007170099
STU_017656,83.3149965574492
STU_017657,49.906933431120066
STU_017658,66.00193411279069
STU_017659,100.0
STU_017660,75.44616797832872
STU_017661,79.9489034579003
STU_017662,63.66705576574285
STU_017663,81.28461014449258
STU_017664,79.43483844946476
STU_017665,72.26309416900065
STU_017666,77.70291442348815
STU_017667,75.16005990775403
STU_017668,74.59790274511843
STU_017669,70.93393889702504
STU_017670,49.98601485734259
STU_017671,67.9987102734043
STU_017672,59.20182651769676
STU_017673,72.51324973650114
STU_017674,72.59981925615187
STU_017675,73.49231555190994
STU_017676,66.45011218545083
STU_017677,81.73480498119702
STU_017678,82.63568827908719
STU_017679,88.96356273704669
STU_017680,66.06437853526417
STU_017681,85.96009578541006
STU_017682,74.59036804778285
STU_017683,75.46253032315045
STU_017684,85.61533701610853
STU_017685,72.49550106730439
STU_017686,64.03528321162294
STU_017687,71.92273119197151
STU_017688,70.96019150071545
STU_017689,90.02719394740555
STU_017690,68.22541803495484
STU_017691,71.55034913313273
STU_017692,70.97392045696648
STU_017693,64.17816869359314
STU_017694,79.10993715090247
STU_017695,94.31675161738505
STU_017696,81.37311962275155
STU_017697,42.899452704742544
STU_017698,50.35573452817412
STU_017699,94.8478055735265
STU_017700,51.913576698362725
STU_017701,52.54572369315052
STU_017702,82.64337768366045
STU_017703,78.70774768060048
STU_017704,62.55331054236109
STU_017705,58.21356498312813
STU_017706,79.29911294041261
STU_017707,50.095595695225484
STU_017708,93.76373056276175
STU_017709,87.192828885707
STU_017710,85.86054105766596
STU_017711,100.0
STU_017712,70.3980434248253
STU_017713,69.25762097003356
STU_017714,84.25219617472166
STU_017715,66.46952728124296
STU_017716,57.388146454422184
STU_017717,72.5418655865218
STU_017718,92.17149909867295
STU_017719,69.66125497094566
STU_017720,72.92464333499916
STU_017721,82.16277288949959
STU_017722,100.0
STU_017723,73.26935299603704
STU_017724,75.3356789308621
STU_017725,90.6015655376663
STU_017726,94.15694831051748
STU_017727,84.64571432967463
STU_017728,85.9498353195921
STU_017729,71.60849644721284
STU_017730,58.64439609301446
STU_017731,61.30812735618382
STU_017732,81.58401827418155
STU_017733,61.809972329092915
STU_017734,69.00374499718824
STU_017735,63.42431799327967
STU_017736,70.57023611943308
STU_017737,62.68699723716162
STU_017738,96.71709404446554
STU_017739,87.6677749902899
STU_017740,74.72006079471964
STU_017741,85.85583923258523
STU_017742,84.86273924730213
STU_017743,89.35706439961251
STU_017744,81.28580578763045
STU_017745,86.32828147918988
STU_017746,83.05519232099772
STU_017747,69.11942854896023
STU_017748,63.07719549275019
STU_017749,65.5706593790718
STU_017750,83.9062187561824
STU_017751,78.56677723106856
STU_017752,77.27478477302763
STU_017753,98.06455539277056
STU_017754,85.95683364721654
STU_017755,91.54361241356553
STU_017756,83.7184676878266
STU_017757,51.8098423864719
STU_017758,66.75808193406738
STU_017759,79.70018743627475
STU_017760,94.99802571844526
STU_017761,63.78752248666626
STU_017762,100.0
STU_017763,93.53123253522102
STU_017764,52.358754875966866
STU_017765,92.47044185919654
STU_017766,72.62567988156852
STU_017767,61.57959203620187
STU_017768,60.346262636662765
STU_017769,87.24890529684842
STU_017770,76.18031452842453
STU_017771,56.4908143245596
STU_017772,71.29224868118904
STU_017773,58.787136624065184
STU_017774,100.0
STU_017775,82.31276959891252
STU_017776,83.22678786158117
STU_017777,78.69796122128159
STU_017778,78.49103983822246
STU_017779,54.92229549645566
STU_017780,72.01835905712964
STU_017781,76.27743608129744
STU_017782,71.01234324601708
STU_017783,64.14537642446888
STU_017784,79.39386174933549
STU_017785,87.09019116834253
STU_017786,75.81374783975825
STU_017787,84.11329134189482
STU_017788,78.44917648132936
STU_017789,82.34134711651163
STU_017790,56.82826623044109
STU_017791,91.23268352880163
STU_017792,67.72689523465246
STU_017793,65.56716372533661
STU_017794,66.06282341546552
STU_017795,66.89436599268042
STU_017796,81.36603329399253
STU_017797,87.33005395559519
STU_017798,95.46146575169516
STU_017799,100.0
STU_017800,90.49104853065268
STU_017801,77.12662296584872
STU_017802,95.47026711316909
STU_017803,62.45247281202225
STU_017804,78.89728236913169
STU_017805,71.48381973359471
STU_017806,64.13428561938139
STU_017807,93.97839036052639
STU_017808,66.52815245877302
STU_017809,86.9107786926897
STU_017810,100.0
STU_017811,71.46002540824426
STU_017812,85.29017773155843
STU_017813,83.26871648353878
STU_017814,69.01543610858738
STU_017815,68.88762904457221
STU_017816,58.176895236892676
STU_017817,56.06800170189122
STU_017818,89.96540922853214
STU_017819,85.24365714402282
STU_017820,85.7435855703338
STU_017821,74.95333377859907
STU_017822,87.25145032175533
STU_017823,96.30217140103994
STU_017824,58.970251440341826
STU_017825,77.15529659367283
STU_017826,84.4647695754563
STU_017827,84.05609801246791
STU_017828,58.686573709343435
STU_017829,64.0878276709401
STU_017830,67.71675775172142
STU_017831,85.65615822897377
STU_017832,84.43563707343608
STU_017833,55.93256347396703
STU_017834,81.80968955840308
STU_017835,66.26197412698849
STU_017836,79.93687857326705
STU_017837,67.99562978211107
STU_017838,66.23089767638213
STU_017839,93.42903089668015
STU_017840,71.29501551269956
STU_017841,95.52122420035873
STU_017842,75.87813061159753
STU_017843,84.47599877495752
STU_017844,64.87411152747326
STU_017845,95.25070796834449
STU_017846,90.62795918496666
STU_017847,52.42324175723233
STU_017848,63.63013040362161
STU_017849,52.78972110178039
STU_017850,69.51323956591673
STU_017851,62.1547455863804
STU_017852,86.09229534242027
STU_017853,72.33531200797836
STU_017854,97.63293373404386
STU_017855,49.95985753844677
STU_017856,85.17278915178233
STU_017857,82.82664078763952
STU_017858,77.54792148357994
STU_017859,65.47088467158021
STU_017860,81.73105835911022
STU_017861,87.43572051144906
STU_017862,71.56405094540557
STU_017863,90.96377804902852
STU_017864,77.74803103297738
STU_017865,71.7973026070072
STU_017866,77.46846880792253
STU_017867,62.83523723411805
STU_017868,93.486079369233
STU_017869,60.72231488617332
STU_017870,84.57286433460692
STU_017871,95.99349845457073
STU_017872,69.70708116599184
STU_017873,96.72493503497881
STU_017874,80.16537426911455
STU_017875,75.07588352236145
STU_017876,68.9102664348377
STU_017877,54.83457483882776
STU_017878,88.40410086291607
STU_017879,55.82761261705336
STU_017880,93.52452431590157
STU_017881,74.56077531074976
STU_017882,70.00856210686271
STU_017883,93.38559650001847
STU_017884,61.95924552600147
STU_017885,69.098543100743
STU_017886,77.36233521600029
STU_017887,56.25483906778017
STU_017888,62.20545935147659
STU_017889,100.0
STU_017890,100.0
STU_017891,78.31216966793927
STU_017892,56.362644334041235
STU_017893,80.75188457729249
STU_017894,59.40914059009628
STU_017895,68.75561402705785
STU_017896,78.17865477213722
STU_017897,63.50287702918017
STU_017898,84.7114126522315
STU_017899,83.66234144624944
STU_017900,70.16676842656767
STU_017901,92.30805244879076
STU_017902,69.52336324268514
STU_017903,73.05466428749412
STU_017904,83.04504944877043
STU_017905,76.58655068784061
STU_017906,65.08268034499372
STU_017907,74.44942672710525
STU_017908,70.11869186496635
STU_017909,70.75912530266933
STU_017910,73.00099597466786
STU_017911,61.6656897738296
STU_017912,90.32464216591686
STU_017913,86.54423306558206
STU_017914,65.41430103811217
STU_017915,73.84160587840884
STU_017916,78.19360367034812
STU_017917,85.82308120445529
STU_017918,75.9296064050587
STU_017919,91.08020951570009
STU_017920,78.91198048157673
STU_017921,80.35638242612713
STU_017922,72.9314057750509
STU_017923,64.35963532121824
STU_017924,74.41987794600861
STU_017925,69.0357564790577
STU_017926,76.19341186839486
STU_017927,100.0
STU_017928,85.24966094266915
STU_017929,88.23741086127924
STU_017930,76.71094772364496
STU_017931,61.60167764766027
STU_017932,97.26098482010856
STU_017933,95.74151995569663
STU_017934,92.47463985641582
STU_017935,79.99695284822117
STU_017936,55.79642814767243
STU_017937,83.2906243657709
STU_017938,65.44001630681443
STU_017939,86.46001330606391
STU_017940,73.5812209474363
STU_017941,72.0277507725472
STU_017942,71.86274213831479
STU_017943,55.85901909796449
STU_017944,67.31239712924463
STU_017945,86.5502346205387
STU_017946,63.90678575295071
STU_017947,60.326894235323664
STU_017948,75.51686160342055
STU_017949,59.421143860304944
STU_017950,53.35242308558016
STU_017951,67.89463007847263
STU_017952,92.05699880413802
STU_017953,75.48371491463871
STU_017954,99.56583830467949
STU_017955,64.86126265655156
STU_017956,71.94171271466806
STU_017957,63.26711191239343
STU_017958,49.01157077367351
STU_017959,88.89815170400755
STU_017960,77.99850417430399
STU_017961,90.680892366749
STU_017962,58.639612511033484
STU_017963,65.49359470185863
STU_017964,54.251876251748556
STU_017965,96.4671577740971
STU_017966,76.28740692736383
STU_017967,78.3289455211206
STU_017968,95.025472551633
STU_017969,78.09498417758098
STU_017970,51.52934934365337
STU_017971,58.22884793580684
STU_017972,69.72013546832359
STU_017973,65.11122794093043
STU_017974,80.22319497215051
STU_017975,63.380264705650276
STU_017976,67.28212560317615
STU_017977,91.44368975208945
STU_017978,67.59408488904589
STU_017979,70.97822784955486
STU_017980,63.734498285507804
STU_017981,94.78938672024302
STU_017982,72.8459236139839
STU_017983,80.19050184424277
STU_017984,71.85160722829201
STU_017985,65.93601178291381
STU_017986,65.94142412310542
STU_017987,82.24723122603439
STU_017988,63.603652035346926
STU_017989,73.59959625454755
STU_017990,74.25923905972162
STU_017991,77.44976862828592
STU_017992,48.27982204991913
STU_017993,96.97363618992992
STU_017994,87.0489241157528
STU_017995,81.19337851717363
STU_017996,58.643214323738185
STU_017997,69.61866760561819
STU_017998,82.3890490243868
STU_017999,90.13094153228376
STU_018000,92.87971316772528
STU_018001,77.64940569967726
STU_018002,53.52702856401926
STU_018003,70.57256307103901
STU_018004,80.67206021008317
STU_018005,75.93828851026949
STU_018006,70.74397817192026
STU_018007,99.16542570948444
STU_018008,91.30902447235837
STU_018009,85.57332679969176
STU_018010,82.7557847638032
STU_018011,89.56362974953471
STU_018012,69.48741423553355
STU_018013,85.6949277546828
STU_018014,72.47474174843941
STU_018015,78.3751389937962
STU_018016,74.85227100198756
STU_018017,82.45587589368634
STU_018018,95.09477170697883
STU_018019,65.76133434585155
STU_018020,74.83699309908855
STU_018021,67.80368960143392
STU_018022,93.71590948823169
STU_018023,80.36639112661634
STU_018024,46.69460141260963
STU_018025,78.47865733112897
STU_018026,72.40631973233661
STU_018027,83.49433691909368
STU_018028,100.0
STU_018029,71.99001924417972
STU_018030,88.0102294440158
STU_018031,89.41461331215237
STU_018032,69.96945956465338
STU_018033,88.3720308445811
STU_018034,73.8707065814385
STU_018035,91.41802278640822
STU_018036,76.26821267304265
STU_018037,44.760735380894076
STU_018038,66.36110417119552
STU_018039,75.60065552695536
STU_018040,75.48018861304453
STU_018041,64.20646347886603
STU_018042,65.86530625941965
STU_018043,88.59824367074683
STU_018044,76.51222044175994
STU_018045,75.3305722073371
STU_018046,80.2455897471641
STU_018047,57.71993908263183
STU_018048,97.88042574960558
STU_018049,85.86636474652224
STU_018050,85.60653777960025
STU_018051,62.912366214260715
STU_018052,65.95828519546781
STU_018053,70.24539936174654
STU_018054,46.83022895330071
STU_018055,100.0
STU_018056,39.57857529181997
STU_018057,63.582005093488945
STU_018058,92.21798257529593
STU_018059,93.84402321609787
STU_018060,62.62504845044263
STU_018061,78.82597358271931
STU_018062,82.81664244270982
STU_018063,71.28115440725858
STU_018064,84.29167135842107
STU_018065,84.58631966797557
STU_018066,94.29851493886859
STU_018067,94.51171829226536
STU_018068,81.02433080668882
STU_018069,77.97002154937584
STU_018070,77.06115993691012
STU_018071,96.76058369910801
STU_018072,84.23805086489648
STU_018073,61.59853428003926
STU_018074,69.43484017247147
STU_018075,69.94318895233938
STU_018076,66.7700912559807
STU_018077,52.07815209566783
STU_018078,70.78467054093436
STU_018079,77.83774301140525
STU_018080,89.13118637094516
STU_018081,76.53542178504108
STU_018082,80.2068581942479
STU_018083,94.56020703999377
STU_018084,65.40341442734405
STU_018085,73.00888241253084
STU_018086,87.24684913715848
STU_018087,73.01554382298201
STU_018088,65.26472015387503
STU_018089,57.28303210794735
STU_018090,65.92976147977811
STU_018091,83.43136192079868
STU_018092,75.88573628301448
STU_018093,62.14881610830126
STU_018094,71.45380467815599
STU_018095,78.08716361778994
STU_018096,60.04132411073931
STU_018097,85.3217907740461
STU_018098,63.287433448652145
STU_018099,73.05170809407306
STU_018100,91.81975969423988
STU_018101,81.71239650746513
STU_018102,51.76096584888442
STU_018103,97.38794714095599
STU_018104,62.20847700081976
STU_018105,59.86606278446567
STU_018106,74.78644927813738
STU_018107,79.37178230647439
STU_018108,70.03590609603152
STU_018109,83.99451789769313
STU_018110,78.59374738959502
STU_018111,78.85496410441434
STU_018112,70.45690844571088
STU_018113,57.433867247902356
STU_018114,91.24555600796342
STU_018115,74.92676772285427
STU_018116,66.36392539146836
STU_018117,79.00473994629836
STU_018118,72.3385344230569
STU_018119,97.11503869273575
STU_018120,66.75735844726086
STU_018121,95.11946430915887
STU_018122,79.37962173216344
STU_018123,74.06389026339241
STU_018124,82.5454625912175
STU_018125,70.77752698494349
STU_018126,53.18741255124144
STU_018127,67.03027408001725
STU_018128,51.09605842119075
STU_018129,74.87685763733026
STU_018130,90.28495709001314
STU_018131,72.6505030690347
STU_018132,98.82861775632989
STU_018133,78.48901609984242
STU_018134,100.0
STU_018135,100.0
STU_018136,50.39860599385442
STU_018137,64.01301607565279
STU_018138,93.20278494497154
STU_018139,81.24578529521563
STU_018140,51.952710084473196
STU_018141,62.344217748945404
STU_018142,77.9597088564879
STU_018143,58.449468288173534
STU_018144,59.39699139387699
STU_018145,75.2801903737456
STU_018146,49.99631300810732
STU_018147,87.14317687158312
STU_018148,78.89329480094062
STU_018149,59.606327128782794
STU_018150,82.48715624373293
STU_018151,67.42141259009985
STU_018152,56.666626236061774
STU_018153,82.26590708084774
STU_018154,62.192381520424846
STU_018155,88.32062788349722
STU_018156,99.04415762329108
STU_018157,55.19278451525581
STU_018158,65.79121909993788
STU_018159,65.86425674856243
STU_018160,64.59949873461629
STU_018161,83.12460442157906
STU_018162,62.810357129313275
STU_018163,97.84744294973498
STU_018164,72.44031100868867
STU_018165,55.66549370236977
STU_018166,77.86650618568513
STU_018167,76.442955195151
STU_018168,82.96973241174985
STU_018169,66.65830957965201
STU_018170,50.32382633959824
STU_018171,64.3147185144192
STU_018172,84.44029799014842
STU_018173,64.65873627308846
STU_018174,81.96129822498095
STU_018175,75.04908298890378
STU_018176,80.34543700801558
STU_018177,77.6622730873896
STU_018178,73.15833964480251
STU_018179,70.43655665968413
STU_018180,90.67043097741839
STU_018181,74.7922067143044
STU_018182,76.12301767578998
STU_018183,71.15267350181611
STU_018184,58.21279597024229
STU_018185,66.70287787902718
STU_018186,90.26481862732206
STU_018187,62.31157094049057
STU_018188,87.23194238538915
STU_018189,76.81731788323094
STU_018190,69.79629608234916
STU_018191,78.02336809474909
STU_018192,75.26831852802658
STU_018193,77.55884413280108
STU_018194,73.69234509466021
STU_018195,86.85546049495068
STU_018196,56.77237549200499
STU_018197,88.71935523450104
STU_018198,79.44013050470569
STU_018199,75.88851173437321
STU_018200,86.16997981649737
STU_018201,74.04927676858858
STU_018202,46.10493074477494
STU_018203,81.66010755380306
STU_018204,75.19360998943996
STU_018205,73.21268029097985
STU_018206,68.95845380598593
STU_018207,77.0866672425581
STU_018208,73.72182426736455
STU_018209,58.18979001150579
STU_018210,84.35044996872489
STU_018211,100.0
STU_018212,70.84398806301911
STU_018213,53.67850798152257
STU_018214,78.45969068698145
STU_018215,72.31283875277718
STU_018216,77.05015509911296
STU_018217,60.83100464045935
STU_018218,73.37808382656257
STU_018219,86.0537085816037
STU_018220,79.6701725470381
STU_018221,96.0014809949925
STU_018222,88.07117064621085
STU_018223,82.97198624038681
STU_018224,85.00468061689202
STU_018225,74.16957602077066
STU_018226,77.36508946695812
STU_018227,73.4196262431755
STU_018228,78.28111947570764
STU_018229,73.01133200014299
STU_018230,84.69378417737487
STU_018231,73.82647483529144
STU_018232,61.490081496612845
STU_018233,56.83465986490509
STU_018234,92.77835596829408
STU_018235,85.39197501011441
STU_018236,99.785845313778
STU_018237,56.6624407669828
STU_018238,71.37844390561612
STU_018239,88.24787552876234
STU_018240,60.225506013724015
STU_018241,88.03673265513046
STU_018242,69.86776477604229
STU_018243,82.07008684429198
STU_018244,91.82989786806183
STU_018245,68.89257745669335
STU_018246,73.9842724761138
STU_018247,58.029050393471906
STU_018248,75.07593231505112
STU_018249,71.17971589991339
STU_018250,69.64060802864853
STU_018251,70.93278322409552
STU_018252,92.18919734554342
STU_018253,54.93057242278344
STU_018254,85.76410998512024
STU_018255,76.20471439566646
STU_018256,91.80612708886733
STU_018257,76.57100254675697
STU_018258,80.42726318921845
STU_018259,84.75406146921904
STU_018260,84.93929385958765
STU_018261,72.30493299050238
STU_018262,56.12571788237689
STU_018263,80.58051903939398
STU_018264,81.51123791382456
STU_018265,80.27529881219527
STU_018266,86.60610884661146
STU_018267,74.4584374243299
STU_018268,81.15113712408893
STU_018269,66.90823285057188
STU_018270,67.93775118868598
STU_018271,68.7243345016895
STU_018272,46.41961613942966
STU_018273,97.05073380184825
STU_018274,69.78012701226405
STU_018275,85.651407169458
STU_018276,83.49157625434182
STU_018277,83.65505369141104
STU_018278,80.02234531041626
STU_018279,54.743924385641336
STU_018280,84.59028666066654
STU_018281,97.84582456020811
STU_018282,69.37038434660117
STU_018283,63.16348369331742
STU_018284,69.94342828425324
STU_018285,91.04652119167315
STU_018286,62.80936737355522
STU_018287,93.34333311827173
STU_018288,67.06127741596706
STU_018289,88.51873385910417
STU_018290,66.00992799947471
STU_018291,72.72505148205734
STU_018292,83.0992617203567
STU_018293,75.55619164803113
STU_018294,80.05100562123263
STU_018295,52.302326493367254
STU_018296,87.6267643015288
STU_018297,79.59293143493802
STU_018298,97.06361795522352
STU_018299,63.99961073883007
STU_018300,82.23491908430324
STU_018301,66.0046302744388
STU_018302,66.30065992449988
STU_018303,98.5577772612184
STU_018304,62.694589757842486
STU_018305,54.24562986675613
STU_018306,63.6215690286504
STU_018307,74.99159505136907
STU_018308,83.00194252193876
STU_018309,69.17879487907186
STU_018310,91.29757679414556
STU_018311,68.2434232509913
STU_018312,73.45783410684919
STU_018313,83.90235899682398
STU_018314,67.40018148097744
STU_018315,94.3580946991807
STU_018316,71.82733813228865
STU_018317,87.52118925629236
STU_018318,58.39118208456351
STU_018319,60.68977113570881
STU_018320,89.36014864168924
STU_018321,92.29525861358806
STU_018322,75.60788973449327
STU_018323,100.0
STU_018324,57.21739663356456
STU_018325,77.28004118144722
STU_018326,71.22539060893418
STU_018327,85.43523920826121
STU_018328,70.26706689137839
STU_018329,72.59100649917522
STU_018330,48.03440274765795
STU_018331,86.63545172588388
STU_018332,90.39767431913825
STU_018333,65.3608584719293
STU_018334,86.67855422636423
STU_018335,60.05440672162079
STU_018336,76.78934203708613
STU_018337,67.708982284928
STU_018338,68.54572059995479
STU_018339,86.32159801455981
STU_018340,83.74255891981102
STU_018341,67.04602751291233
STU_018342,62.45182358140009
STU_018343,60.11606762822885
STU_018344,81.75278385519425
STU_018345,70.86485202758473
STU_018346,70.75114463751814
STU_018347,73.19085398107353
STU_018348,97.03361808072538
STU_018349,77.53850625194673
STU_018350,86.28246213597397
STU_018351,75.16831816816807
STU_018352,85.99448388608837
STU_018353,82.44618551470631
STU_018354,98.9942867306647
STU_018355,71.36587416667466
STU_018356,75.13918673311133
STU_018357,69.76675419274581
STU_018358,77.8237165182309
STU_018359,100.0
STU_018360,94.70526569511762
STU_018361,49.08227211024273
STU_018362,67.71171202854143
STU_018363,47.943335553872394
STU_018364,89.5836684972462
STU_018365,90.77170580696162
STU_018366,58.780182702375164
STU_018367,79.90457520641388
STU_018368,66.33034092152425
STU_018369,80.53875311420435
STU_018370,59.72216864989505
STU_018371,85.85716202633984
STU_018372,90.03481550654814
STU_018373,63.289982817491776
STU_018374,73.86945257783043
STU_018375,66.46944343216472
STU_018376,81.09656009054709
STU_018377,86.31837174138623
STU_018378,94.23486529270542
STU_018379,53.73989865681039
STU_018380,83.25944465406786
STU_018381,71.51261258196233
STU_018382,90.37323833735168
STU_018383,89.13455363913931
STU_018384,66.12682867132847
STU_018385,97.76430688913443
STU_018386,75.87384923147096
STU_018387,81.21872087291538
STU_018388,96.85657154372333
STU_018389,60.18131329464261
STU_018390,56.833646445691414
STU_018391,75.8155860339518
STU_018392,100.0
STU_018393,75.77940768288593
STU_018394,85.22911385967339
STU_018395,75.99018326223734
STU_018396,60.11700450514758
STU_018397,66.75368220738969
STU_018398,80.49610674867012
STU_018399,100.0
STU_018400,72.13081082637652
STU_018401,79.67202670231718
STU_018402,75.44635669197794
STU_018403,91.84101558199472
STU_018404,85.11747791730835
STU_018405,85.69597937827074
STU_018406,65.2644193751247
STU_018407,96.68013312996925
STU_018408,83.5133916005961
STU_018409,63.1925331001369
STU_018410,92.93618203492656
STU_018411,70.32446130824017
STU_018412,74.64352109999417
STU_018413,88.72866853752419
STU_018414,98.5436152588392
STU_018415,75.7131489095417
STU_018416,84.66683953293315
STU_018417,60.394465635232734
STU_018418,95.62880611636379
STU_018419,76.4734161492951
STU_018420,89.58499164080067
STU_018421,92.03342292962121
STU_018422,91.98933399131815
STU_018423,83.78179448667413
STU_018424,53.8713825078209
STU_018425,93.42068585424686
STU_018426,74.58664850814407
STU_018427,73.86281819982014
STU_018428,78.0974400412417
STU_018429,95.20682996338982
STU_018430,63.460686028225496
STU_018431,79.42903736876885
STU_018432,96.17943111948384
STU_018433,72.00341924063251
STU_018434,81.84195577206232
STU_018435,66.5178262967557
STU_018436,77.83645437825409
STU_018437,85.7489410629176
STU_018438,66.83796484555518
STU_018439,100.0
STU_018440,77.35978295529108
STU_018441,73.23326689511896
STU_018442,77.84468574867628
STU_018443,58.382576419853066
STU_018444,64.85160663351706
STU_018445,95.16445361829463
STU_018446,79.56644748917458
STU_018447,92.22097163471025
STU_018448,68.29874130073583
STU_018449,96.50740391773198
STU_018450,71.57219762389715
STU_018451,71.54688126109426
STU_018452,58.584321354046494
STU_018453,65.18338981561976
STU_018454,53.27082727608295
STU_018455,50.26704413960213
STU_018456,73.09812551619575
STU_018457,59.684627116540085
STU_018458,72.76757660016253
STU_018459,58.20024681177827
STU_018460,66.61626466392768
STU_018461,91.98708212543586
STU_018462,54.48945514781536
STU_018463,79.26240735402648
STU_018464,63.40904758932027
STU_018465,73.22226253697389
STU_018466,63.715752892912754
STU_018467,82.64420611698327
STU_018468,75.39094008366996
STU_018469,78.15501270239105
STU_018470,87.59545533252883
STU_018471,85.04645320828105
STU_018472,60.37791000566789
STU_018473,83.6875846126494
STU_018474,87.59537640279792
STU_018475,75.91726559770423
STU_018476,79.17254206227932
STU_018477,48.88936928756405
STU_018478,100.0
STU_018479,92.78446184478136
STU_018480,89.39443775757385
STU_018481,69.01642729874017
STU_018482,63.402582784816595
STU_018483,90.56849520401673
STU_018484,83.92846557880918
STU_018485,67.21809650628632
STU_018486,69.7126560498403
STU_018487,62.772094436270734
STU_018488,74.32357688810634
STU_018489,60.83693686076296
STU_018490,70.98328870164886
STU_018491,83.0516264419644
STU_018492,75.00498887145164
STU_018493,83.16451508651971
STU_018494,75.18245281772379
STU_018495,84.34541256529172
STU_018496,65.3734173381228
STU_018497,92.36159290292457
STU_018498,68.63903933697799
STU_018499,67.44066343735594
STU_018500,80.8448266048892
STU_018501,100.0
STU_018502,65.75765815688354
STU_018503,47.40844364001031
STU_018504,100.0
STU_018505,69.8291547004552
STU_018506,80.72194415036685
STU_018507,72.93483660073301
STU_018508,80.07413075847012
STU_018509,57.624124402393015
STU_018510,83.85485820688785
STU_018511,79.8767574002888
STU_018512,76.12810810647598
STU_018513,80.3467390410008
STU_018514,62.24527611854939
STU_018515,66.17872215312981
STU_018516,62.03428657973299
STU_018517,85.14270957541447
STU_018518,60.31102242685694
STU_018519,62.766736601851555
STU_018520,86.61320708023652
STU_018521,75.78324826251924
STU_018522,84.09089660271965
STU_018523,87.69580806319618
STU_018524,90.51858392933565
STU_018525,73.53798210992325
STU_018526,60.38239279773724
STU_018527,85.11680307236847
STU_018528,85.99633548155919
STU_018529,73.68563080016511
STU_018530,74.23378153320402
STU_018531,84.80461107769615
STU_018532,66.61768379501699
STU_018533,69.32691157215557
STU_018534,63.617798563133434
STU_018535,90.2852682834469
STU_018536,100.0
STU_018537,86.49855376784305
STU_018538,74.9220164452247
STU_018539,59.535338706079585
STU_018540,78.83472162320486
STU_018541,66.33965432449298
STU_018542,90.8165759281159
STU_018543,70.2693846335248
STU_018544,73.5835005842855
STU_018545,72.92681091661636
STU_018546,95.58564966046319
STU_018547,72.61680140604899
STU_018548,91.08723675632834
STU_018549,85.90899395330202
STU_018550,74.31680258945198
STU_018551,78.6737361033399
STU_018552,64.83776622698765
STU_018553,65.34542175283376
STU_018554,64.54456723563479
STU_018555,61.78298641686145
STU_018556,81.76120111182478
STU_018557,62.72659989875058
STU_018558,62.65951944841618
STU_018559,70.64596027897005
STU_018560,80.70865645168962
STU_018561,78.25481143105384
STU_018562,85.61007015873093
STU_018563,74.46483088716602
STU_018564,85.52151703832925
STU_018565,66.88770047925107
STU_018566,68.13289568943406
STU_018567,90.42360705753522
STU_018568,81.60312554475432
STU_018569,82.75442270977067
STU_018570,72.32510637089268
STU_018571,79.9157743540307
STU_018572,63.02843739229153
STU_018573,83.9831923900706
STU_018574,72.99612548654592
STU_018575,70.91067193282589
STU_018576,75.38390006940503
STU_018577,68.40998919391343
STU_018578,79.20303389999839
STU_018579,52.9757915376701
STU_018580,98.55577397617571
STU_018581,71.42425808120925
STU_018582,78.15560094156652
STU_018583,91.55483083674986
STU_018584,84.6557254703842
STU_018585,71.78026393204497
STU_018586,93.45342789049835
STU_018587,93.80332537861048
STU_018588,56.96060634278369
STU_018589,84.12385070085364
STU_018590,71.22543398717069
STU_018591,88.32231084265587
STU_018592,44.271032623323805
STU_018593,88.38024433531169
STU_018594,66.7711558626389
STU_018595,75.13035073268631
STU_018596,59.15214861509351
STU_018597,74.8411222902057
STU_018598,65.90656382520005
STU_018599,59.150572463858154
STU_018600,85.75818042113252
STU_018601,65.783638721078
STU_018602,67.46614419477982
STU_018603,71.56466777804951
STU_018604,77.5068926185662
STU_018605,47.18508256857618
STU_018606,70.51752992790378
STU_018607,88.7419943825711
STU_018608,94.05495357479982
STU_018609,87.84497719158095
STU_018610,100.0
STU_018611,67.14329746266355
STU_018612,74.48366812198668
STU_018613,87.25381074233383
STU_018614,75.28084182546665
STU_018615,56.785539644587324
STU_018616,77.1934319464682
STU_018617,71.11302316758537
STU_018618,66.01445834831688
STU_018619,74.74909018722104
STU_018620,87.84892949216123
STU_018621,60.55672488336393
STU_018622,81.02757024470407
STU_018623,67.38663725853297
STU_018624,78.25750342439568
STU_018625,83.49606523632343
STU_018626,69.317748529157
STU_018627,69.18348361652049
STU_018628,64.04087494861116
STU_018629,72.04385695520284
STU_018630,62.64917688991204
STU_018631,91.41855890362095
STU_018632,86.78814404934653
STU_018633,71.84409204385273
STU_018634,65.27719143102588
STU_018635,68.93156607421206
STU_018636,75.56714540689296
STU_018637,71.96787494686232
STU_018638,99.47365679056462
STU_018639,91.41975852162713
STU_018640,71.28868933657768
STU_018641,57.319167558569816
STU_018642,79.70466353250016
STU_018643,68.18225185467205
STU_018644,56.01802873177614
STU_018645,93.77645079382904
STU_018646,64.55227300189372
STU_018647,98.45744520325961
STU_018648,57.041259600928896
STU_018649,57.58283358402272
STU_018650,74.5652792363948
STU_018651,64.80253751545601
STU_018652,84.4871642510683
STU_018653,76.10483610221212
STU_018654,76.85251855853011
STU_018655,64.86920596880792
STU_018656,73.53526726745454
STU_018657,89.7930311422856
STU_018658,82.20008282130877
STU_018659,86.15436958720352
STU_018660,74.58432990745791
STU_018661,61.070279793572844
STU_018662,63.19995976215736
STU_018663,73.76825560311161
STU_018664,48.05493149742571
STU_018665,67.10105672261815
STU_018666,63.49075512737248
STU_018667,61.66159301170464
STU_018668,50.17764985869369
STU_018669,74.02189904155708
STU_018670,71.99250498025873
STU_018671,59.02442804152838
STU_018672,76.99710562611516
STU_018673,64.02168418449546
STU_018674,66.89780449675453
STU_018675,76.30639488348403
STU_018676,65.70098575373069
STU_018677,68.56198101408013
STU_018678,88.83349759384495
STU_018679,87.01075968959819
STU_018680,61.47162144921617
STU_018681,82.1982979136047
STU_018682,86.50860204283697
STU_018683,77.6456945432268
STU_018684,87.60149000052782
STU_018685,71.99185866047087
STU_018686,88.25975368001737
STU_018687,77.62695640494442
STU_018688,67.06365395086705
STU_018689,87.32602498053139
STU_018690,69.24884008909592
STU_018691,68.50316152492279
STU_018692,74.05032516843855
STU_018693,69.52243577805791
STU_018694,84.04392837533939
STU_018695,75.33593578369006
STU_018696,67.34204159076786
STU_018697,81.90503944444671
STU_018698,86.37434384069917
STU_018699,66.41653933639721
STU_018700,100.0
STU_018701,69.18023755841043
STU_018702,84.22945746461318
STU_018703,64.433038027858
STU_018704,90.20379349710933
STU_018705,71.86377808041767
STU_018706,87.56479849486823
STU_018707,66.48056429192309
STU_018708,72.69665530374293
STU_018709,96.83172345429523
STU_018710,81.431321085809
STU_018711,60.170021729281856
STU_018712,91.0747588189634
STU_018713,72.1759327585687
STU_018714,77.4000529167443
STU_018715,99.9409528551092
STU_018716,67.20264094052918
STU_018717,72.26868767350021
STU_018718,55.96579142820621
STU_018719,80.39664390612595
STU_018720,69.33705270127095
STU_018721,91.28719988689768
STU_018722,58.47698352776096
STU_018723,62.40644811038791
STU_018724,70.15437168221015
STU_018725,81.04018862749565
STU_018726,70.47532102064683
STU_018727,86.09808346004056
STU_018728,78.54435304109029
STU_018729,91.82126041086954
STU_018730,85.71503716221858
STU_018731,64.42864117211596
STU_018732,75.54872716429057
STU_018733,90.83576817507358
STU_018734,78.79103497744403
STU_018735,77.25495446570947
STU_018736,57.95034766386864
STU_018737,73.45714652985967
STU_018738,74.32894317577075
STU_018739,78.42850133338064
STU_018740,70.08538203846732
STU_018741,49.242320300543355
STU_018742,93.50768500743767
STU_018743,62.39667332524024
STU_018744,100.0
STU_018745,82.2821437397177
STU_018746,67.21565936669946
STU_018747,91.39475584869179
STU_018748,55.11564058440054
STU_018749,55.410772978737334
STU_018750,87.77890042328067
STU_018751,84.95097630092894
STU_018752,58.080278745196594
STU_018753,62.24239926323035
STU_018754,90.34040628337767
STU_018755,88.62163813095515
STU_018756,69.07330407551898
STU_018757,89.06843547628722
STU_018758,87.01627916649902
STU_018759,94.90660688997808
STU_018760,71.81606077653271
STU_018761,72.03460784501938
STU_018762,77.68239435146043
STU_018763,63.769442162040946
STU_018764,76.78659067513566
STU_018765,76.05373720683687
STU_018766,67.99468586930851
STU_018767,79.80670641954984
STU_018768,76.10675062260287
STU_018769,54.92158581452487
STU_018770,84.14231271454824
STU_018771,65.35553091440855
STU_018772,92.55980045013723
STU_018773,79.46147763924097
STU_018774,64.59668492145948
STU_018775,84.79352597159728
STU_018776,87.1885224843218
STU_018777,54.78760220311533
STU_018778,98.26817682470252
STU_018779,93.74691153203383
STU_018780,62.408120027914165
STU_018781,93.52208884728398
STU_018782,98.70691591936537
STU_018783,84.15362045461063
STU_018784,79.93953104304684
STU_018785,89.14039702728141
STU_018786,73.69762185195202
STU_018787,54.80707576303004
STU_018788,70.19249981105658
STU_018789,73.46726756506769
STU_018790,89.27858391318925
STU_018791,68.55683216508776
STU_018792,61.47940759928282
STU_018793,62.0008474235482
STU_018794,59.76955319297446
STU_018795,92.56587034330175
STU_018796,58.114915172216854
STU_018797,64.23640762931636
STU_018798,60.925208391179105
STU_018799,84.61158439262097
STU_018800,81.16894882840734
STU_018801,82.2529457464606
STU_018802,69.20288812099025
STU_018803,64.04819689631074
STU_018804,58.15627627518041
STU_018805,68.65472981922157
STU_018806,81.57734598332239
STU_018807,76.9491402703714
STU_018808,65.64430152106986
STU_018809,86.60216834781247
STU_018810,78.94688308829507
STU_018811,51.96342684487581
STU_018812,80.57093577112293
STU_018813,70.8398007040249
STU_018814,50.54907856496783
STU_018815,87.24262330944862
STU_018816,65.20597685088744
STU_018817,73.00963648596938
STU_018818,84.59854658771013
STU_018819,71.5487217323852
STU_018820,92.84285850606742
STU_018821,83.19521509372916
STU_018822,72.8600921824038
STU_018823,96.1674351592591
STU_018824,64.66416057553447
STU_018825,72.53652989268542
STU_018826,67.49479621961882
STU_018827,73.42445518421943
STU_018828,66.1817763135837
STU_018829,57.19380729752912
STU_018830,85.31637841625414
STU_018831,86.79367156539398
STU_018832,86.17813061344094
STU_018833,59.482942244862905
STU_018834,55.016823340191564
STU_018835,60.3419950936541
STU_018836,77.08772928686356
STU_018837,74.28516340307888
STU_018838,63.65360495872594
STU_018839,81.73060813404342
STU_018840,84.01621845134127
STU_018841,87.49670329827829
STU_018842,79.51903436628726
STU_018843,75.31849905767794
STU_018844,69.12453418203575
STU_018845,80.66752000505119
STU_018846,100.0
STU_018847,98.58430180882192
STU_018848,80.56180144150453
STU_018849,73.154255470328
STU_018850,76.2100174767161
STU_018851,64.02825996813777
STU_018852,56.353090124206986
STU_018853,62.569317641572994
STU_018854,66.08302728209422
STU_018855,73.83620337721263
STU_018856,63.01948498099964
STU_018857,83.7245912565219
STU_018858,83.65007902600003
STU_018859,94.86206537985746
STU_018860,69.21613990048688
STU_018861,73.86944842420968
STU_018862,88.94902448064315
STU_018863,66.36851972067544
STU_018864,63.22936800692323
STU_018865,77.24496414878854
STU_018866,73.11149766581732
STU_018867,65.40356904358799
STU_018868,83.05335083305557
STU_018869,72.04523247224478
STU_018870,88.87261573297012
STU_018871,95.93455816279503
STU_018872,83.28985367879308
STU_018873,72.24724347824144
STU_018874,86.05294934139548
STU_018875,100.0
STU_018876,64.79739992147977
STU_018877,59.78385665326353
STU_018878,96.24027081745294
STU_018879,85.32117766531508
STU_018880,78.46031474879473
STU_018881,65.25507884632236
STU_018882,69.00205095715867
STU_018883,73.64143139839307
STU_018884,91.29599818669773
STU_018885,57.56440776380094
STU_018886,88.18011978247894
STU_018887,72.13564685429762
STU_018888,93.98657195565274
STU_018889,64.12677610694092
STU_018890,46.56368273071635
STU_018891,75.6908374777509
STU_018892,81.23175650175776
STU_018893,83.12374638681234
STU_018894,98.77265970368371
STU_018895,79.13999158289408
STU_018896,82.7658555910198
STU_018897,71.9522189916236
STU_018898,65.60469358438039
STU_018899,67.6367273620208
STU_018900,76.10332048027436
STU_018901,83.55869538916289
STU_018902,96.9784790909977
STU_018903,87.47694599918012
STU_018904,75.60437757338156
STU_018905,66.91725970345698
STU_018906,77.39967124876648
STU_018907,74.71711450376124
STU_018908,72.11698114974439
STU_018909,75.7564968299773
STU_018910,73.33563715528402
STU_018911,59.706276912992635
STU_018912,83.6812875173363
STU_018913,66.61014083261884
STU_018914,68.25050081113544
STU_018915,81.53940099970717
STU_018916,62.10735011621006
STU_018917,84.598545117708
STU_018918,93.41554135352635
STU_018919,82.93673331244841
STU_018920,56.25564902288864
STU_018921,73.60744525615353
STU_018922,64.9918636769847
STU_018923,97.94739533003326
STU_018924,66.24817937865198
STU_018925,76.04088927193084
STU_018926,84.62872932584753
STU_018927,74.43225159392505
STU_018928,72.02954297190439
STU_018929,70.81592124599712
STU_018930,59.119260652665666
STU_018931,59.980715664233784
STU_018932,51.51830361045337
STU_018933,74.01585015730213
STU_018934,78.13686961594041
STU_018935,65.57403816456062
STU_018936,70.42528466197955
STU_018937,86.61753545375399
STU_018938,84.4825432594745
STU_018939,70.25773129609446
STU_018940,82.33840910215707
STU_018941,89.77448574145757
STU_018942,59.55443706173135
STU_018943,76.80655786953352
STU_018944,76.86444709667246
STU_018945,74.31502081499355
STU_018946,80.76922288488375
STU_018947,67.11847082537545
STU_018948,72.6468398353598
STU_018949,77.5273382309959
STU_018950,85.48661302168428
STU_018951,67.19928554269553
STU_018952,65.28021779774217
STU_018953,67.3996007292718
STU_018954,79.42052311917249
STU_018955,76.35803684303917
STU_018956,60.80989927698481
STU_018957,74.10433057799904
STU_018958,79.59284213406373
STU_018959,79.05362897974977
STU_018960,74.38276499311091
STU_018961,70.84068444772873
STU_018962,78.93438810210489
STU_018963,93.51802799973936
STU_018964,69.17713498783002
STU_018965,83.82560442576025
STU_018966,94.66059656046089
STU_018967,95.56208288376766
STU_018968,76.37292301274945
STU_018969,77.78934766403013
STU_018970,90.21548960425169
STU_018971,57.72308053687141
STU_018972,77.73453894249083
STU_018973,87.28990014272628
STU_018974,62.467465666957565
STU_018975,84.0608168316741
STU_018976,73.5527414180747
STU_018977,87.91524812543618
STU_018978,82.81607945780965
STU_018979,61.21337090219723
STU_018980,77.04357361357235
STU_018981,58.130622610950276
STU_018982,72.63954012213964
STU_018983,74.61585744555457
STU_018984,74.474559324171
STU_018985,78.68594875464713
STU_018986,80.92792618814124
STU_018987,79.15589249941675
STU_018988,69.72851363778098
STU_018989,84.928043768149
STU_018990,88.46539777246205
STU_018991,62.400499284794705
STU_018992,73.13467617792145
STU_018993,81.34586539141176
STU_018994,81.80152487590303
STU_018995,95.79686818083292
STU_018996,64.27101708191441
STU_018997,71.30577099191002
STU_018998,76.28086415146795
STU_018999,91.3190419783825
STU_019000,74.31625107703967
STU_019001,62.84585841781126
STU_019002,69.11616102959378
STU_019003,88.52350588305563
STU_019004,77.79421184303683
STU_019005,91.61897829246088
STU_019006,89.49642178557971
STU_019007,100.0
STU_019008,76.53218500691199
STU_019009,100.0
STU_019010,51.67975782878115
STU_019011,85.18414683166057
STU_019012,76.98883298330877
STU_019013,61.766019087008445
STU_019014,100.0
STU_019015,51.96610084973322
STU_019016,64.22115393161381
STU_019017,96.46315241873853
STU_019018,72.04334887198371
STU_019019,70.98616018503736
STU_019020,96.6145852684607
STU_019021,43.952171162244554
STU_019022,74.41800589884625
STU_019023,91.720624476625
STU_019024,76.21565537875901
STU_019025,96.04895499931783
STU_019026,99.0480025601637
STU_019027,78.35009375347025
STU_019028,61.37298753662468
STU_019029,59.206643101862966
STU_019030,71.97454555370462
STU_019031,84.34868922396689
STU_019032,84.24497125279078
STU_019033,80.73785125963803
STU_019034,70.77840979308567
STU_019035,82.39798485064699
STU_019036,91.00616630387182
STU_019037,84.04415730499596
STU_019038,69.81563605560726
STU_019039,76.93788179565655
STU_019040,74.91213299455306
STU_019041,77.0314629714639
STU_019042,81.31163368723342
STU_019043,90.09823526459652
STU_019044,85.03288666042641
STU_019045,71.60017453035366
STU_019046,61.94709124433756
STU_019047,48.27354243864046
STU_019048,85.80605045383544
STU_019049,58.668214770539834
STU_019050,83.68218414101601
STU_019051,65.20738593599667
STU_019052,68.92845557330615
STU_019053,76.9551259789001
STU_019054,69.37501753610417
STU_019055,53.280903164978795
STU_019056,81.2146614500002
STU_019057,77.763546238006
STU_019058,83.75776482606207
STU_019059,51.565893154061875
STU_019060,69.88704203091513
STU_019061,53.10021152209755
STU_019062,82.80852880385507
STU_019063,72.90545440437263
STU_019064,62.82379761087728
STU_019065,93.49332315791382
STU_019066,60.86340205009286
STU_019067,80.92736620451063
STU_019068,64.61949432515863
STU_019069,58.874325925287025
STU_019070,73.23268984213217
STU_019071,63.74607190639361
STU_019072,100.0
STU_019073,63.21240897052763
STU_019074,67.88839193694011
STU_019075,66.18974225489846
STU_019076,62.245461353364746
STU_019077,95.9236601409763
STU_019078,94.23939034830784
STU_019079,88.16419358597386
STU_019080,60.62938909863027
STU_019081,79.49179456102704
STU_019082,85.44395382660713
STU_019083,59.49855293773726
STU_019084,59.572176096727574
STU_019085,64.2966810541611
STU_019086,49.833246044207556
STU_019087,75.6095004942492
STU_019088,73.91332744718017
STU_019089,78.08213692212226
STU_019090,91.2632393740052
STU_019091,79.69426958530363
STU_019092,83.4794461604148
STU_019093,78.83748230245654
STU_019094,87.636577108393
STU_019095,76.20015529931199
STU_019096,82.54852118738674
STU_019097,86.24827985023066
STU_019098,59.22010060083668
STU_019099,68.31241084298173
STU_019100,71.08644290170098
STU_019101,59.10818985308061
STU_019102,75.1624716977253
STU_019103,84.94924565455551
STU_019104,61.84922908338581
STU_019105,66.25818169247441
STU_019106,59.974419213660966
STU_019107,86.2436615764372
STU_019108,68.6052253154793
STU_019109,100.0
STU_019110,93.24547480271568
STU_019111,75.1858192283635
STU_019112,98.67724556422715
STU_019113,82.3010448631517
STU_019114,96.99333873353862
STU_019115,84.39054251429724
STU_019116,82.36772245409459
STU_019117,64.92718628525215
STU_019118,78.37676486817624
STU_019119,77.49846104022501
STU_019120,65.64079498352066
STU_019121,96.05891675313117
STU_019122,82.11106127105589
STU_019123,66.32708344958942
STU_019124,92.51537406207535
STU_019125,75.76305156258479
STU_019126,73.40876510179999
STU_019127,70.99268765997112
STU_019128,85.27979502350775
STU_019129,63.76961212818587
STU_019130,59.34903103150545
STU_019131,81.52308186848259
STU_019132,90.12760511425913
STU_019133,56.245261838668455
STU_019134,67.59383776881803
STU_019135,99.91120149424418
STU_019136,88.71577948891229
STU_019137,60.2011407503083
STU_019138,88.28040156648026
STU_019139,85.95165101835684
STU_019140,82.82200399157439
STU_019141,89.34776645787761
STU_019142,81.4088922215702
STU_019143,79.74133095681408
STU_019144,75.8311426749267
STU_019145,65.76929025060286
STU_019146,92.32191564459796
STU_019147,74.6259611129964
STU_019148,97.03487898059521
STU_019149,79.49199736872188
STU_019150,77.88797965522066
STU_019151,94.12791757441303
STU_019152,48.96144734304204
STU_019153,67.57040795110396
STU_019154,89.2733619258733
STU_019155,100.0
STU_019156,79.88984356660143
STU_019157,88.54274246548013
STU_019158,51.839063058547495
STU_019159,69.1975014847456
STU_019160,61.062336050120074
STU_019161,60.113151352253475
STU_019162,62.04630175827698
STU_019163,74.06519914565575
STU_019164,71.48802318203849
STU_019165,78.09445763360539
STU_019166,93.7753702943223
STU_019167,88.75458522812907
STU_019168,88.73711665872149
STU_019169,71.55402176585704
STU_019170,85.12594268219895
STU_019171,75.08342167159783
STU_019172,86.49312765563303
STU_019173,77.87545187289521
STU_019174,58.08334121219045
STU_019175,73.19403796477147
STU_019176,77.82048973098202
STU_019177,94.12950088721206
STU_019178,39.001279441587826
STU_019179,73.86287120347814
STU_019180,65.60747977982967
STU_019181,92.64200882160989
STU_019182,58.309018502113176
STU_019183,92.86351968021907
STU_019184,88.03862842952594
STU_019185,94.77792982884682
STU_019186,98.60967019899934
STU_019187,74.64666614748648
STU_019188,97.49737160930204
STU_019189,87.51981118885205
STU_019190,71.47750503003739
STU_019191,61.83412993540401
STU_019192,97.08767710888338
STU_019193,66.69586948135222
STU_019194,71.03301771294038
STU_019195,80.63990262366116
STU_019196,84.06560354241073
STU_019197,91.62792380328062
STU_019198,73.58022124481643
STU_019199,100.0
STU_019200,68.87250694844425
STU_019201,86.67016788585528
STU_019202,77.26151916892806
STU_019203,55.94454883109699
STU_019204,64.11179331168897
STU_019205,81.68241755079518
STU_019206,47.1356464452078
STU_019207,70.63522149185657
STU_019208,69.92714518675251
STU_019209,70.28135465769405
STU_019210,60.925410448659306
STU_019211,66.0394845964242
STU_019212,71.7989473070419
STU_019213,68.30633476557828
STU_019214,72.41292445293278
STU_019215,100.0
STU_019216,70.84958602740298
STU_019217,77.3833278460742
STU_019218,49.51383888276976
STU_019219,81.27309935140931
STU_019220,75.64928712617368
STU_019221,64.96903471932647
STU_019222,78.24726211318948
STU_019223,78.67508064518042
STU_019224,93.30129417597254
STU_019225,57.144651581305084
STU_019226,56.95568161767845
STU_019227,64.63454372834272
STU_019228,61.270410162849885
STU_019229,75.46454780490242
STU_019230,66.42864424310818
STU_019231,85.28895387260405
STU_019232,87.71907755200698
STU_019233,58.47796338183264
STU_019234,67.530548227765
STU_019235,82.10921640171487
STU_019236,77.66680157346273
STU_019237,75.73811753849182
STU_019238,74.65325555082893
STU_019239,85.41555208083597
STU_019240,79.97923482610035
STU_019241,97.12482282704246
STU_019242,65.65746855028033
STU_019243,84.34872221709163
STU_019244,77.50393839415904
STU_019245,52.58533038133966
STU_019246,59.56528954247214
STU_019247,88.47925229243991
STU_019248,83.57379073816827
STU_019249,92.25633878051192
STU_019250,58.54569161208788
STU_019251,89.79396018462643
STU_019252,71.73632351284445
STU_019253,63.72057968715242
STU_019254,47.653548657894525
STU_019255,66.47017879660733
STU_019256,88.38984912208468
STU_019257,61.78042633609155
STU_019258,52.533903678075056
STU_019259,74.15104999165676
STU_019260,82.08599602083932
STU_019261,66.63000416000335
STU_019262,87.37475552836153
STU_019263,72.61306794376284
STU_019264,73.70555026827864
STU_019265,90.34891012615728
STU_019266,79.33195923149741
STU_019267,57.507366366120934
STU_019268,72.60106456787885
STU_019269,81.75998814478524
STU_019270,83.6524415709043
STU_019271,50.538740611615665
STU_019272,66.53048227376695
STU_019273,92.42887999009355
STU_019274,100.0
STU_019275,100.0
STU_019276,60.616576815197234
STU_019277,98.80178851293081
STU_019278,83.07333125064167
STU_019279,77.40566216196748
STU_019280,62.96262360664985
STU_019281,85.95459329593255
STU_019282,60.587232658637305
STU_019283,100.0
STU_019284,83.61726895575293
STU_019285,74.54445842643096
STU_019286,88.70460144872146
STU_019287,79.71157343533314
STU_019288,62.0544042676749
STU_019289,89.554964748158
STU_019290,83.57661880070327
STU_019291,76.85946620155539
STU_019292,78.1675731884873
STU_019293,66.93259884724226
STU_019294,71.35029335705217
STU_019295,62.136537382800256
STU_019296,68.97290872692783
STU_019297,85.30200886267517
STU_019298,87.31350893462428
STU_019299,87.90421362060906
STU_019300,82.943261316969
STU_019301,69.23735486980715
STU_019302,76.01476947843786
STU_019303,66.32120360478959
STU_019304,92.61526967865332
STU_019305,68.0380126683092
STU_019306,59.69214561335813
STU_019307,64.93498659287474
STU_019308,53.64050548260431
STU_019309,69.40343919305647
STU_019310,85.92839737877759
STU_019311,89.24200479197856
STU_019312,69.05891402747655
STU_019313,83.61848068660235
STU_019314,85.49748925311673
STU_019315,75.63873265603779
STU_019316,88.69634287408218
STU_019317,74.02677817467892
STU_019318,83.71476241722142
STU_019319,88.10424780608926
STU_019320,95.78493444382424
STU_019321,74.37311316962081
STU_019322,85.81111584960756
STU_019323,70.29215803195903
STU_019324,90.15392003299097
STU_019325,78.49311877840381
STU_019326,95.01773639349759
STU_019327,94.88783762047922
STU_019328,95.33863943789572
STU_019329,90.63519851316961
STU_019330,79.76953870867828
STU_019331,74.28880010335345
STU_019332,70.83017276706421
STU_019333,87.20671178004795
STU_019334,62.02307340364145
STU_019335,68.14459684054123
STU_019336,69.24629790871145
STU_019337,93.6283072053968
STU_019338,65.84952723697478
STU_019339,89.06410559037207
STU_019340,98.95085921653273
STU_019341,75.74184509098978
STU_019342,62.38105000156813
STU_019343,71.74643362310307
STU_019344,64.28705292386267
STU_019345,70.74304774386835
STU_019346,75.81229620427646
STU_019347,52.277957578830055
STU_019348,95.5897207861185
STU_019349,81.98789435225615
STU_019350,61.62648296314855
STU_019351,86.44278314907893
STU_019352,77.13460869858969
STU_019353,81.11263466616373
STU_019354,66.08821171275149
STU_019355,77.43791342328524
STU_019356,55.52026829525054
STU_019357,55.84614451568238
STU_019358,80.30888663592599
STU_019359,87.37728847790656
STU_019360,68.14825976100849
STU_019361,87.08840678407714
STU_019362,60.43576226691044
STU_019363,70.51201996665728
STU_019364,74.14645296325554
STU_019365,82.35461326064203
STU_019366,95.41528623396317
STU_019367,100.0
STU_019368,76.55081710856504
STU_019369,77.76634623933518
STU_019370,74.72844167886116
STU_019371,80.57740297587497
STU_019372,73.35180234457954
STU_019373,62.05952280718351
STU_019374,64.35000952112817
STU_019375,81.15924179436513
STU_019376,92.87675554201746
STU_019377,89.43061461193726
STU_019378,67.32819919857121
STU_019379,55.02255804372898
STU_019380,90.02568918922245
STU_019381,66.13823530116464
STU_019382,69.68889172829978
STU_019383,83.44369605804715
STU_019384,60.49330266210391
STU_019385,86.31145120837309
STU_019386,68.74970017615809
STU_019387,58.41921051218279
STU_019388,68.89790257150221
STU_019389,98.99599122019296
STU_019390,46.16408395978132
STU_019391,78.3161208909192
STU_019392,78.18338088146857
STU_019393,76.65166224120266
STU_019394,70.49197923378408
STU_019395,78.71853336209867
STU_019396,96.70117112129779
STU_019397,72.710664897884
STU_019398,59.30017368576158
STU_019399,57.64333647352947
STU_019400,91.44904552845742
STU_019401,64.7332565369565
STU_019402,64.22045171877403
STU_019403,77.1289282454179
STU_019404,87.63322053896759
STU_019405,80.52529613704229
STU_019406,71.52095535169252
STU_019407,64.9533529912449
STU_019408,82.6483708589713
STU_019409,70.7245424531146
STU_019410,71.26452610558312
STU_019411,81.43857681435784
STU_019412,61.962520100973556
STU_019413,70.36047626218283
STU_019414,69.16831860057985
STU_019415,84.58648854842923
STU_019416,84.83205345395247
STU_019417,87.34830349653618
STU_019418,94.30482914190438
STU_019419,73.05979248419075
STU_019420,74.65155904809518
STU_019421,83.65727842045821
STU_019422,77.1927668183204
STU_019423,73.40997410915662
STU_019424,89.09405430245434
STU_019425,60.527095654749175
STU_019426,80.11926021976348
STU_019427,87.59216009569636
STU_019428,91.97692286740593
STU_019429,71.71517290302745
STU_019430,82.20255259924728
STU_019431,53.497930052957706
STU_019432,78.8381961796307
STU_019433,64.72610714044589
STU_019434,54.910184520222685
STU_019435,100.0
STU_019436,57.649204243595705
STU_019437,93.50240334284813
STU_019438,80.27238014998736
STU_019439,57.00381953151347
STU_019440,68.28974577582878
STU_019441,80.81597645377462
STU_019442,75.39561213063693
STU_019443,59.378609644415896
STU_019444,94.30027491423061
STU_019445,87.81353656489804
STU_019446,50.185494303471934
STU_019447,78.06096895192557
STU_019448,72.10556179297576
STU_019449,59.71243900705672
STU_019450,71.11619737607393
STU_019451,69.02003127780908
STU_019452,81.85627276409164
STU_019453,79.9636072952509
STU_019454,76.01690987869085
STU_019455,69.71583309358104
STU_019456,70.19709823139067
STU_019457,64.9281300549002
STU_019458,67.04892460879051
STU_019459,60.60171474500916
STU_019460,91.1952688656856
STU_019461,92.68945947618045
STU_019462,98.3929156327936
STU_019463,64.86416160569195
STU_019464,73.55241656756695
STU_019465,68.63192676180425
STU_019466,70.45233607985898
STU_019467,74.91003238968955
STU_019468,90.63547255247397
STU_019469,75.3143630260395
STU_019470,90.07363434696234
STU_019471,98.0136033998679
STU_019472,85.0212515832217
STU_019473,90.45286378736081
STU_019474,65.65374183269945
STU_019475,59.74461946264326
STU_019476,93.16387887477322
STU_019477,64.43361822523036
STU_019478,68.79588996468675
STU_019479,72.70196543672748
STU_019480,89.0845662145069
STU_019481,71.06033358327706
STU_019482,71.7926804673524
STU_019483,73.14668650294081
STU_019484,81.79218354542687
STU_019485,57.94674154299409
STU_019486,38.32788215897886
STU_019487,68.24735103742337
STU_019488,89.9916929632446
STU_019489,63.19193244100253
STU_019490,77.43890146923657
STU_019491,58.60966472794604
STU_019492,70.28898892105583
STU_019493,61.453827057623485
STU_019494,61.15933553651959
STU_019495,95.12262897873629
STU_019496,90.9205299700251
STU_019497,55.84836011932488
STU_019498,88.1815861259401
STU_019499,92.2272739412702
STU_019500,87.65897715409862
STU_019501,87.40140914542043
STU_019502,65.00532072105213
STU_019503,69.82933392832477
STU_019504,94.68487051761988
STU_019505,61.52042927294825
STU_019506,79.71340447553007
STU_019507,92.16677876416657
STU_019508,93.15634234779444
STU_019509,97.94420861119917
STU_019510,91.44099439428187
STU_019511,54.287747285822704
STU_019512,79.59348938039744
STU_019513,63.83499748256162
STU_019514,56.0025601612769
STU_019515,60.499570143628205
STU_019516,84.3914088068934
STU_019517,69.6872558842106
STU_019518,68.5819683713639
STU_019519,67.59678268392388
STU_019520,84.18560997457679
STU_019521,61.64794848590167
STU_019522,73.51318866646534
STU_019523,94.23473837092365
STU_019524,81.28151239966121
STU_019525,84.22104569664396
STU_019526,72.92599129886257
STU_019527,74.98153501459373
STU_019528,65.20382331971662
STU_019529,90.64061384524526
STU_019530,90.88047034564542
STU_019531,91.14163197303387
STU_019532,49.54426507012168
STU_019533,77.55897480599664
STU_019534,73.86353314488854
STU_019535,70.40637090476608
STU_019536,66.27588137964602
STU_019537,54.84779887709683
STU_019538,76.43581153798331
STU_019539,69.03966386931108
STU_019540,60.802433099820576
STU_019541,76.36856000778897
STU_019542,100.0
STU_019543,100.0
STU_019544,77.77891688579112
STU_019545,88.98706184930538
STU_019546,56.04748064582327
STU_019547,66.27322474563644
STU_019548,88.10102274690895
STU_019549,82.83348109469496
STU_019550,97.83335812403872
STU_019551,81.41580744049006
STU_019552,72.06659590283341
STU_019553,72.86853363447202
STU_019554,59.537451957715454
STU_019555,99.08901185176884
STU_019556,73.10701496069892
STU_019557,99.185489780307
STU_019558,60.497412619177
STU_019559,86.18002861422246
STU_019560,82.34579139342677
STU_019561,44.6859524359397
STU_019562,93.51369508634104
STU_019563,73.93022272570602
STU_019564,71.91617993063718
STU_019565,61.477685650717845
STU_019566,87.51072692812701
STU_019567,81.981383480565
STU_019568,69.281107941633
STU_019569,63.28526772410878
STU_019570,73.93057918380681
STU_019571,46.08569340265716
STU_019572,64.41689288751957
STU_019573,70.90762443800429
STU_019574,77.63034567354289
STU_019575,80.85945552540207
STU_019576,93.20154253788937
STU_019577,65.38244690638936
STU_019578,64.73613010223102
STU_019579,69.83703186969359
STU_019580,65.0008159404966
STU_019581,100.0
STU_019582,76.3967573240578
STU_019583,70.11791435139155
STU_019584,68.28655602538713
STU_019585,85.3569412948379
STU_019586,71.54304663659771
STU_019587,86.07401964873401
STU_019588,75.78571177829497
STU_019589,65.01041078310067
STU_019590,100.0
STU_019591,91.69606339254523
STU_019592,71.80955977893751
STU_019593,65.88838009381584
STU_019594,93.25102218100187
STU_019595,73.36046804585293
STU_019596,93.51543698789554
STU_019597,68.1409348510343
STU_019598,76.90187984892455
STU_019599,70.35497963041178
STU_019600,97.93826316925544
STU_019601,76.81748396374451
STU_019602,76.29365200751165
STU_019603,92.97415071358671
STU_019604,92.44651792473672
STU_019605,78.02708603410338
STU_019606,84.21183425642353
STU_019607,60.12253592522305
STU_019608,71.9211054577641
STU_019609,89.00322343332908
STU_019610,58.496814963975545
STU_019611,68.87675327406191
STU_019612,60.683004976875026
STU_019613,56.19569518835879
STU_019614,63.08096400201719
STU_019615,89.80031609060421
STU_019616,69.0132115072321
STU_019617,74.54742970970827
STU_019618,66.65487562134818
STU_019619,87.42533323338021
STU_019620,78.67430476461803
STU_019621,75.20852805196176
STU_019622,79.09920348885922
STU_019623,74.18603594220701
STU_019624,97.19460977705768
STU_019625,37.75053989640166
STU_019626,84.72795057613718
STU_019627,91.03980735868282
STU_019628,70.89766860204988
STU_019629,76.61147772596092
STU_019630,94.52508923729812
STU_019631,60.921944692414655
STU_019632,97.66149720823273
STU_019633,94.54123076656776
STU_019634,88.57954283263942
STU_019635,75.56848751266577
STU_019636,64.6151264375808
STU_019637,79.5469782713102
STU_019638,65.54059081211653
STU_019639,65.42255682880128
STU_019640,82.50595530696307
STU_019641,90.23825083075485
STU_019642,79.32897240073524
STU_019643,89.44269753916356
STU_019644,71.96609584553477
STU_019645,74.45526051943365
STU_019646,76.17361892603458
STU_019647,78.76034257451236
STU_019648,58.90758858604471
STU_019649,62.59439432536219
STU_019650,69.93469590641433
STU_019651,72.18583121311127
STU_019652,73.83923436952222
STU_019653,71.68410373453196
STU_019654,54.51749509010494
STU_019655,60.33712927005911
STU_019656,47.30363925739206
STU_019657,68.51486785361226
STU_019658,69.21633447435536
STU_019659,76.38872312543
STU_019660,69.75864907047645
STU_019661,78.59983412486002
STU_019662,68.9470487509574
STU_019663,74.16453917779668
STU_019664,69.4709112019263
STU_019665,88.51267576036865
STU_019666,91.11902679340463
STU_019667,76.16787710853728
STU_019668,53.00284799868944
STU_019669,62.26571967367961
STU_019670,82.28282205431833
STU_019671,54.47822732791593
STU_019672,84.03283989195842
STU_019673,72.9077252735248
STU_019674,76.31976371050193
STU_019675,74.12626042603978
STU_019676,81.51628091289399
STU_019677,85.48298297683705
STU_019678,99.76781281894935
STU_019679,87.93570989493958
STU_019680,83.42128134844722
STU_019681,93.89845231544605
STU_019682,87.46268382932507
STU_019683,72.97289407276975
STU_019684,67.48780552097713
STU_019685,93.68831108393795
STU_019686,84.21911091098468
STU_019687,64.88277825868421
STU_019688,83.63920711987802
STU_019689,71.62327581920042
STU_019690,80.23545426530976
STU_019691,61.298191212492554
STU_019692,56.14270292468819
STU_019693,99.00491896601454
STU_019694,80.37090393745112
STU_019695,57.73346794769341
STU_019696,62.713318160204196
STU_019697,94.0811763224321
STU_019698,92.53141683124097
STU_019699,78.53983888671219
STU_019700,84.18512666800206
STU_019701,67.2032684407973
STU_019702,74.67468987345481
STU_019703,82.29523340884919
STU_019704,77.76906726652626
STU_019705,64.06195449280655
STU_019706,88.85070342732888
STU_019707,61.775999140914486
STU_019708,80.89544668440321
STU_019709,71.06909582015703
STU_019710,64.73031336267385
STU_019711,95.89248288809509
STU_019712,50.385027300658635
STU_019713,91.38084172969522
STU_019714,60.6173791892829
STU_019715,85.19978526345741
STU_019716,84.25654398985051
STU_019717,92.28526456411907
STU_019718,72.00034420430214
STU_019719,95.41494611710274
STU_019720,95.65229804472597
STU_019721,60.03922354339056
STU_019722,72.24663159068523
STU_019723,81.0444300055336
STU_019724,73.70264469892672
STU_019725,91.49276451156075
STU_019726,64.832848674276
STU_019727,86.79089685965744
STU_019728,77.95391026799861
STU_019729,71.26840637056132
STU_019730,72.18969312932572
STU_019731,61.889828618089226
STU_019732,87.36334793955501
STU_019733,81.94626465444404
STU_019734,74.3262724232952
STU_019735,85.83261883926357
STU_019736,99.72593921409705
STU_019737,95.56442491021141
STU_019738,87.6572397584689
STU_019739,68.69051611830925
STU_019740,72.59384103062752
STU_019741,99.62341179649914
STU_019742,74.99884740074882
STU_019743,86.43062777508177
STU_019744,73.52110967877198
STU_019745,87.40489396893696
STU_019746,93.0235540511652
STU_019747,79.03144341855801
STU_019748,62.53493399778956
STU_019749,62.65962649501671
STU_019750,72.01589405595288
STU_019751,75.48346308216844
STU_019752,61.61393580697224
STU_019753,91.12055762776656
STU_019754,71.32654072746868
STU_019755,81.63383131850634
STU_019756,49.57272147635185
STU_019757,80.55787310213125
STU_019758,59.462304180940265
STU_019759,73.8201276924932
STU_019760,80.36031698730952
STU_019761,66.95648831446594
STU_019762,86.90220801662667
STU_019763,70.19710395141036
STU_019764,60.725824196383265
STU_019765,91.24936204634123
STU_019766,65.10860539167514
STU_019767,48.419193378660026
STU_019768,84.22204317856489
STU_019769,64.67111111155425
STU_019770,81.0278060424164
STU_019771,92.60636741888689
STU_019772,68.66457123663369
STU_019773,85.87306367220802
STU_019774,49.6481580562523
STU_019775,85.07136732781379
STU_019776,57.90716395588953
STU_019777,73.21509682730007
STU_019778,73.67591167208744
STU_019779,72.70219022395932
STU_019780,78.30985875258152
STU_019781,54.08507956287792
STU_019782,75.60169522323565
STU_019783,66.57146291520036
STU_019784,78.02865530258421
STU_019785,75.8377132076121
STU_019786,50.47441308523614
STU_019787,75.73700141061798
STU_019788,70.98528140734732
STU_019789,81.7558054364214
STU_019790,65.95346012384057
STU_019791,52.713762433489364
STU_019792,79.39477752752026
STU_019793,65.071012497125
STU_019794,83.1247022559786
STU_019795,69.9317068846217
STU_019796,85.47734096546486
STU_019797,48.07190875767178
STU_019798,92.48132066446009
STU_019799,80.52994557757508
STU_019800,57.35910635017963
STU_019801,75.95356724877027
STU_019802,90.01624631268595
STU_019803,67.53009815969416
STU_019804,75.8910489077669
STU_019805,74.24499226615781
STU_019806,58.14836997374377
STU_019807,59.463957691374276
STU_019808,66.12426145980123
STU_019809,93.1856452525035
STU_019810,65.0377207802635
STU_019811,71.77099900759265
STU_019812,86.22165994533671
STU_019813,74.65247215690852
STU_019814,82.88365449226065
STU_019815,85.3743871299879
STU_019816,76.00118467121271
STU_019817,91.89624322647794
STU_019818,70.18997071984913
STU_019819,96.76424553194809
STU_019820,61.535113768806006
STU_019821,79.01527393288261
STU_019822,67.11133208226187
STU_019823,80.29009204756699
STU_019824,100.0
STU_019825,78.04136770508782
STU_019826,82.10644221688892
STU_019827,82.57522225661563
STU_019828,84.21681526421992
STU_019829,75.42246967344389
STU_019830,92.82274746235765
STU_019831,83.22421878602435
STU_019832,88.65688163144307
STU_019833,70.93404627376228
STU_019834,69.97725420227309
STU_019835,68.10912341559845
STU_019836,88.36602087363248
STU_019837,74.68062910593156
STU_019838,75.21553307934428
STU_019839,80.39711001839709
STU_019840,66.24169660612586
STU_019841,67.44061609214344
STU_019842,70.88068178137851
STU_019843,66.53994950119404
STU_019844,73.59928533284355
STU_019845,75.65090728228535
STU_019846,97.36426645535548
STU_019847,100.0
STU_019848,69.6724735149836
STU_019849,89.67518560900666
STU_019850,77.62186351169822
STU_019851,100.0
STU_019852,64.61335970625024
STU_019853,85.4550433557078
STU_019854,80.13715565812399
STU_019855,79.03716856563315
STU_019856,71.0262108777755
STU_019857,83.2123205190735
STU_019858,98.47882131112058
STU_019859,95.00020351749953
STU_019860,85.03047302641559
STU_019861,66.3908211569304
STU_019862,68.78080575580165
STU_019863,74.96818633982632
STU_019864,80.66016638716039
STU_019865,91.18436449582092
STU_019866,87.6407002371504
STU_019867,79.53034918210538
STU_019868,79.71603528925257
STU_019869,72.45221571037783
STU_019870,73.16579902659632
STU_019871,91.80035290353749
STU_019872,100.0
STU_019873,75.09896165544144
STU_019874,56.012717041505866
STU_019875,77.6761499567788
STU_019876,97.88770056912307
STU_019877,64.25316574784928
STU_019878,63.321657604072186
STU_019879,88.55152136288288
STU_019880,54.10403826024782
STU_019881,70.98096196570799
STU_019882,89.56746131436888
STU_019883,61.07540288577966
STU_019884,69.54744816165869
STU_019885,82.07488214904959
STU_019886,74.14061661036477
STU_019887,100.0
STU_019888,57.514651857767674
STU_019889,86.82634814756196
STU_019890,78.39972935084813
STU_019891,75.01298133365825
STU_019892,70.15291058545624
STU_019893,91.47141591071636
STU_019894,60.52234757307415
STU_019895,77.49421155414477
STU_019896,81.81494078147963
STU_019897,79.89495250992253
STU_019898,74.90200821568175
STU_019899,82.4390050635805
STU_019900,79.92092007443219
STU_019901,70.962572657163
STU_019902,73.87526694267461
STU_019903,86.65586406111026
STU_019904,67.52543575181123
STU_019905,80.3925442347371
STU_019906,68.5558709500519
STU_019907,55.05919881146882
STU_019908,52.71938515777238
STU_019909,64.48088338551031
STU_019910,94.62060155892144
STU_019911,99.380203013453
STU_019912,66.67876123075911
STU_019913,84.09201363891857
STU_019914,63.74831690722857
STU_019915,80.35504269898752
STU_019916,64.52768501029504
STU_019917,66.44624855152813
STU_019918,95.18247650020031
STU_019919,70.76221182981865
STU_019920,91.96522487254248
STU_019921,71.07925627049265
STU_019922,94.0987546557414
STU_019923,59.15879924567326
STU_019924,98.22814228150052
STU_019925,87.83000529493549
STU_019926,68.18064574461874
STU_019927,80.29891140954945
STU_019928,79.86821625405287
STU_019929,83.22282667722794
STU_019930,67.29320512846921
STU_019931,96.37422344985042
STU_019932,83.42110660539299
STU_019933,61.78699347533226
STU_019934,90.7904726580818
STU_019935,54.46643350118331
STU_019936,85.44789575384127
STU_019937,83.46150527994092
STU_019938,67.06624016481922
STU_019939,90.78464993761199
STU_019940,85.26461364811996
STU_019941,70.42719974026826
STU_019942,70.21286079710013
STU_019943,85.31578046700926
STU_019944,98.23619750839823
STU_019945,81.0609740880962
STU_019946,89.0465550592785
STU_019947,69.91144389165609
STU_019948,86.79080917027656
STU_019949,77.53919509745961
STU_019950,70.69610211420823
STU_019951,68.84111483704254
STU_019952,54.84226943069126
STU_019953,68.45467379730044
STU_019954,80.69077866719053
STU_019955,64.60010706670718
STU_019956,60.30870295781423
STU_019957,78.04465314878667
STU_019958,78.31615354491473
STU_019959,76.90073105986306
STU_019960,64.42205580201943
STU_019961,70.964227678324
STU_019962,77.17212091838815
STU_019963,61.99207337293029
STU_019964,69.62107039418756
STU_019965,65.38779835971732
STU_019966,81.67386708829468
STU_019967,94.8878155087263
STU_019968,76.76634990252742
STU_019969,54.69144890853387
STU_019970,95.16152281220423
STU_019971,89.9234885820662
STU_019972,71.0072661906039
STU_019973,74.6308477052404
STU_019974,90.53943361350773
STU_019975,76.14879814764467
STU_019976,77.56572153262988
STU_019977,69.4343321006145
STU_019978,59.00594990798518
STU_019979,56.456333442173644
STU_019980,64.73304893270037
STU_019981,100.0
STU_019982,79.16383288598067
STU_019983,91.45926293392418
STU_019984,96.76388284973108
STU_019985,85.09568630640062
STU_019986,94.1893831406535
STU_019987,83.56135880067774
STU_019988,66.26946377898777
STU_019989,72.25954465758834
STU_019990,80.67691769731702
STU_019991,85.10674609641165
STU_019992,83.72502256599907
STU_019993,84.7327693640657
STU_019994,51.78446518458718
STU_019995,78.601305937825
STU_019996,60.55643605296192
STU_019997,81.41730419241998
STU_019998,53.625809667226875
STU_019999,85.80448865464359
STU_020000,78.83424834716661
